ISO-10303-21;
HEADER;
FILE_DESCRIPTION (( 'STEP AP214' ),
    '1' );
FILE_NAME ('Bracket.STEP',
    '2025-04-06T19:16:34',
    ( '' ),
    ( '' ),
    'SwSTEP 2.0',
    'SolidWorks 2020',
    '' );
FILE_SCHEMA (( 'AUTOMOTIVE_DESIGN' ));
ENDSEC;

DATA;
#1 = CARTESIAN_POINT ( 'NONE',  ( -16.10800448670127949, -38.17822028544185997, 18.41188284895663685 ) ) ;
#2 = EDGE_CURVE ( 'NONE', #6734, #2129, #7264, .T. ) ;
#3 = ORIENTED_EDGE ( 'NONE', *, *, #2638, .T. ) ;
#4 = FACE_OUTER_BOUND ( 'NONE', #4632, .T. ) ;
#5 = CARTESIAN_POINT ( 'NONE',  ( -54.23567685404895400, -73.67028260484590874, -9.254508536304729915 ) ) ;
#6 = CARTESIAN_POINT ( 'NONE',  ( -52.21131215961112559, -70.04121912072346845, -9.607757988187858089 ) ) ;
#7 = CARTESIAN_POINT ( 'NONE',  ( -72.83813534582833427, -22.21112135110120533, 26.41188284895664040 ) ) ;
#8 = CARTESIAN_POINT ( 'NONE',  ( -65.49946724241027596, -78.75818478260556788, -3.157242194047805928 ) ) ;
#9 = CARTESIAN_POINT ( 'NONE',  ( 2.929333162847244321, -13.46614224469488619, 0.8696223143230072949 ) ) ;
#10 = CARTESIAN_POINT ( 'NONE',  ( -40.06122020556299645, -8.853146844277983263, -8.108146105115283220 ) ) ;
#11 = CARTESIAN_POINT ( 'NONE',  ( 2.608864072707946402, -11.36121590981411167, 6.560711205012904834 ) ) ;
#12 = CARTESIAN_POINT ( 'NONE',  ( 1.916702079634918121, -16.54135327337374051, -4.555704548158113987 ) ) ;
#13 = CARTESIAN_POINT ( 'NONE',  ( 1.283458269007731634, -78.75818478260569577, -1.588117151043349606 ) ) ;
#14 = CARTESIAN_POINT ( 'NONE',  ( -11.24386067988808513, -58.96121198262270013, -9.528957016010245695 ) ) ;
#15 = CARTESIAN_POINT ( 'NONE',  ( -9.667039609432707792, -25.58634610376492446, -13.22822741526793777 ) ) ;
#16 = CARTESIAN_POINT ( 'NONE',  ( -2.303439755501853092, -46.74701682717480367, -7.639754975474113863 ) ) ;
#17 = EDGE_LOOP ( 'NONE', ( #7980, #7295, #1035, #3040, #2206 ) ) ;
#18 = CARTESIAN_POINT ( 'NONE',  ( -51.51662635967444714, -64.62039048359146420, -9.739179505884443699 ) ) ;
#19 = CARTESIAN_POINT ( 'NONE',  ( -42.93356296990965149, -123.6230729217454041, 2.150080499099029208 ) ) ;
#20 = CARTESIAN_POINT ( 'NONE',  ( -47.10800448670129015, -78.04525164055847597, 26.41188284895664040 ) ) ;
#21 = CARTESIAN_POINT ( 'NONE',  ( -28.29696673888723524, -5.505921828378104621, -11.46396227292941106 ) ) ;
#22 = CARTESIAN_POINT ( 'NONE',  ( -35.60800448670127594, -74.85808688002526878, -1.487612087655021398 ) ) ;
#23 = AXIS2_PLACEMENT_3D ( 'NONE', #3002, #5686, #5784 ) ;
#24 = DIRECTION ( 'NONE',  ( -0.000000000000000000, -0.000000000000000000, 1.000000000000000000 ) ) ;
#25 = CARTESIAN_POINT ( 'NONE',  ( -7.852235818259909905, -53.90192849695253585, -8.436487762802721946 ) ) ;
#26 = CARTESIAN_POINT ( 'NONE',  ( -54.38387002820208949, -71.19946836858730421, -10.82720424463276920 ) ) ;
#27 = CARTESIAN_POINT ( 'NONE',  ( -26.59789966375754133, -32.66811546249819997, 18.41188284895663685 ) ) ;
#28 = ORIENTED_EDGE ( 'NONE', *, *, #3452, .F. ) ;
#29 = ORIENTED_EDGE ( 'NONE', *, *, #1523, .F. ) ;
#30 = CARTESIAN_POINT ( 'NONE',  ( -60.59601650134771944, -43.45707015958303998, -5.998823536761051400 ) ) ;
#31 = CARTESIAN_POINT ( 'NONE',  ( -10.63147164999529970, -73.10143510651032273, -9.381175053153482324 ) ) ;
#32 = EDGE_CURVE ( 'NONE', #1811, #8664, #8764, .T. ) ;
#33 = ADVANCED_FACE ( 'NONE', ( #969 ), #7306, .T. ) ;
#34 = CARTESIAN_POINT ( 'NONE',  ( -53.30254644060326541, -0.2059338297660051054, 2.035133640961389823 ) ) ;
#35 = CARTESIAN_POINT ( 'NONE',  ( -57.84259385465895775, -74.77645974494438974, -9.709241300550750964 ) ) ;
#36 = VERTEX_POINT ( 'NONE', #8590 ) ;
#37 = CARTESIAN_POINT ( 'NONE',  ( -8.449039299340714848, -75.17342264261657192, -8.789974296232212936 ) ) ;
#38 = VERTEX_POINT ( 'NONE', #1059 ) ;
#39 = CARTESIAN_POINT ( 'NONE',  ( -5.991855713585323429, -75.03608082636556276, -9.552534353056854499 ) ) ;
#40 = CARTESIAN_POINT ( 'NONE',  ( -29.95800448670241067, 5.000000000000024869, 2.011882848956657810 ) ) ;
#41 = ORIENTED_EDGE ( 'NONE', *, *, #5161, .F. ) ;
#42 = CARTESIAN_POINT ( 'NONE',  ( -30.66163634918742531, -78.04525164055847597, 26.41188284895664040 ) ) ;
#43 = DIRECTION ( 'NONE',  ( 0.000000000000000000, 0.000000000000000000, -1.000000000000000000 ) ) ;
#44 = CARTESIAN_POINT ( 'NONE',  ( -26.59789966375754133, -32.66811546249819997, -13.22822741526793955 ) ) ;
#45 = EDGE_CURVE ( 'NONE', #3305, #5840, #8634, .T. ) ;
#46 = ORIENTED_EDGE ( 'NONE', *, *, #4108, .F. ) ;
#47 = CIRCLE ( 'NONE', #5426, 1.649999999999998579 ) ;
#48 = CARTESIAN_POINT ( 'NONE',  ( -58.17514946814529253, -75.00384143263927683, -9.573103449616409577 ) ) ;
#49 = AXIS2_PLACEMENT_3D ( 'NONE', #5893, #3752, #4621 ) ;
#50 = CARTESIAN_POINT ( 'NONE',  ( 3.849455037166416904, -8.872126772502186398, 12.08512053961511512 ) ) ;
#51 = CARTESIAN_POINT ( 'NONE',  ( -28.30801292336103714, 21.27594440873617998, -8.000815019991215138 ) ) ;
#52 = FACE_OUTER_BOUND ( 'NONE', #1894, .T. ) ;
#53 = CARTESIAN_POINT ( 'NONE',  ( -48.26394165930425117, -78.93211748919128468, 26.21918984118550355 ) ) ;
#54 = CARTESIAN_POINT ( 'NONE',  ( -54.81158554681258011, -72.00558107019305965, -10.71761792839581418 ) ) ;
#55 = EDGE_CURVE ( 'NONE', #5456, #1492, #7863, .T. ) ;
#56 = CARTESIAN_POINT ( 'NONE',  ( -12.10709713463632831, -61.20258429165720315, -9.714706858152936775 ) ) ;
#57 = AXIS2_PLACEMENT_3D ( 'NONE', #4879, #43, #2094 ) ;
#58 = CARTESIAN_POINT ( 'NONE',  ( -63.21060771694295255, -37.39495161424673597, -6.773505958134125926 ) ) ;
#59 = EDGE_LOOP ( 'NONE', ( #7330, #3091 ) ) ;
#60 = CARTESIAN_POINT ( 'NONE',  ( -51.50169245073097812, -64.95525010121166076, -9.741814806270692628 ) ) ;
#61 = FACE_OUTER_BOUND ( 'NONE', #4370, .T. ) ;
#62 = CARTESIAN_POINT ( 'NONE',  ( -25.14338769614066393, -5.257327421641215359, -10.98906474071973882 ) ) ;
#63 = VECTOR ( 'NONE', #5204, 1000.000000000000000 ) ;
#64 =( NAMED_UNIT ( * ) SI_UNIT ( $, .STERADIAN. ) SOLID_ANGLE_UNIT ( ) );
#65 = AXIS2_PLACEMENT_3D ( 'NONE', #3419, #768, #6203 ) ;
#66 = CARTESIAN_POINT ( 'NONE',  ( -29.95800448670241067, 5.000000000000024869, -6.588117151043352493 ) ) ;
#67 = CARTESIAN_POINT ( 'NONE',  ( -4.577528567408351456, -47.12292685164362638, -6.700231586627226399 ) ) ;
#68 = CARTESIAN_POINT ( 'NONE',  ( -53.65094331681815021, -61.56003306627034277, -10.99699278637601374 ) ) ;
#69 = CARTESIAN_POINT ( 'NONE',  ( -2.574686456596360529, -47.56352947646578855, -7.806927531922046803 ) ) ;
#70 = CARTESIAN_POINT ( 'NONE',  ( -42.11977358415823858, -8.354627401446753865, -7.592156763842526246 ) ) ;
#71 = ORIENTED_EDGE ( 'NONE', *, *, #5519, .F. ) ;
#72 = DIRECTION ( 'NONE',  ( -0.000000000000000000, -0.000000000000000000, 1.000000000000000000 ) ) ;
#73 = VECTOR ( 'NONE', #847, 1000.000000000000000 ) ;
#74 = CARTESIAN_POINT ( 'NONE',  ( -8.825066708716489572, -75.54680058037396861, -8.861684341838085288 ) ) ;
#75 = PLANE ( 'NONE',  #4199 ) ;
#76 = CARTESIAN_POINT ( 'NONE',  ( 4.802718156983279307, -11.26165115270365469, 7.078900987542719569 ) ) ;
#77 = VERTEX_POINT ( 'NONE', #1607 ) ;
#78 = CARTESIAN_POINT ( 'NONE',  ( -5.991855713585323429, -75.03608082636556276, -9.552534353056854499 ) ) ;
#79 = ORIENTED_EDGE ( 'NONE', *, *, #584, .T. ) ;
#80 = CARTESIAN_POINT ( 'NONE',  ( -38.85800448670128304, 28.00000000000000000, 14.91188284895665639 ) ) ;
#81 = EDGE_CURVE ( 'NONE', #3235, #5756, #5284, .T. ) ;
#82 = EDGE_CURVE ( 'NONE', #6655, #5409, #765, .T. ) ;
#83 = EDGE_LOOP ( 'NONE', ( #6764, #6331, #4585, #4539, #5433, #2762 ) ) ;
#84 = AXIS2_PLACEMENT_3D ( 'NONE', #8650, #3033, #2399 ) ;
#85 = CARTESIAN_POINT ( 'NONE',  ( -39.71595144485596052, -27.99566464342863625, 18.41188284895663685 ) ) ;
#86 = CARTESIAN_POINT ( 'NONE',  ( -41.90150333979774899, -38.17822028544185997, 18.41188284895663685 ) ) ;
#87 = LINE ( 'NONE', #4922, #8080 ) ;
#88 = ORIENTED_EDGE ( 'NONE', *, *, #6727, .F. ) ;
#89 = AXIS2_PLACEMENT_3D ( 'NONE', #835, #8301, #5706 ) ;
#90 = TOROIDAL_SURFACE ( 'NONE', #5474, 10.00000000000000000, 2.000000000000000000 ) ;
#91 = CARTESIAN_POINT ( 'NONE',  ( -61.47686947273964364, -76.63134646685404050, -7.906386811895218969 ) ) ;
#92 = CARTESIAN_POINT ( 'NONE',  ( 3.930693185045684324, -8.802380802233701118, 14.41188284895664573 ) ) ;
#93 = CARTESIAN_POINT ( 'NONE',  ( -35.71055551991277355, 21.75771832186061516, -7.958494847809745920 ) ) ;
#94 = EDGE_CURVE ( 'NONE', #6776, #1670, #2884, .T. ) ;
#95 = CARTESIAN_POINT ( 'NONE',  ( -66.49427351911083406, -65.45591833397311632, -1.588117151043344499 ) ) ;
#96 = DIRECTION ( 'NONE',  ( 0.000000000000000000, -0.7745151679801486333, -0.6325553371592734786 ) ) ;
#97 = PRODUCT_DEFINITION_FORMATION_WITH_SPECIFIED_SOURCE ( 'ANY', '', #2336, .NOT_KNOWN. ) ;
#98 = VECTOR ( 'NONE', #5654, 1000.000000000000000 ) ;
#99 = CARTESIAN_POINT ( 'NONE',  ( 0.5889688876944958462, -6.421108150107687429, 14.41188284895664573 ) ) ;
#100 = DIRECTION ( 'NONE',  ( 1.000000000000000000, 0.000000000000000000, 0.000000000000000000 ) ) ;
#101 = ORIENTED_EDGE ( 'NONE', *, *, #8398, .T. ) ;
#102 = CARTESIAN_POINT ( 'NONE',  ( -52.31575849227812824, -60.55717220419178659, -9.586484413646511271 ) ) ;
#103 = FACE_OUTER_BOUND ( 'NONE', #4486, .T. ) ;
#104 = LINE ( 'NONE', #20, #7408 ) ;
#105 = CARTESIAN_POINT ( 'NONE',  ( -19.98406588625939406, -7.594612601654405104, -6.873766218581392806 ) ) ;
#106 = ADVANCED_FACE ( 'NONE', ( #377 ), #7909, .F. ) ;
#107 = PRODUCT_CONTEXT ( 'NONE', #6246, 'mechanical' ) ;
#108 = CARTESIAN_POINT ( 'NONE',  ( -32.64560780504242388, 16.03396053765136031, -9.893077096722874941 ) ) ;
#109 = DIRECTION ( 'NONE',  ( -0.5130747901180192638, 0.8583439052881720599, 0.000000000000000000 ) ) ;
#110 = CARTESIAN_POINT ( 'NONE',  ( -15.95206731409812662, -78.93211748919124204, 26.21918984118551066 ) ) ;
#111 = DIRECTION ( 'NONE',  ( 0.000000000000000000, 0.000000000000000000, 1.000000000000000000 ) ) ;
#112 = EDGE_LOOP ( 'NONE', ( #3745, #4579, #4494, #7788, #6627 ) ) ;
#113 = VECTOR ( 'NONE', #2029, 1000.000000000000000 ) ;
#114 = CARTESIAN_POINT ( 'NONE',  ( -59.79903432018254250, -46.62307670026071804, -6.534788435124657013 ) ) ;
#115 = DIRECTION ( 'NONE',  ( -1.000000000000000000, 0.000000000000000000, 0.000000000000000000 ) ) ;
#116 = VERTEX_POINT ( 'NONE', #7170 ) ;
#117 = CARTESIAN_POINT ( 'NONE',  ( -12.72148103566334676, -65.26183530080439255, -9.830647670732044929 ) ) ;
#118 = AXIS2_PLACEMENT_3D ( 'NONE', #5986, #3798, #5898 ) ;
#119 = CARTESIAN_POINT ( 'NONE',  ( -2.188640657269130152, -24.87919961200604746, -7.567617005935564301 ) ) ;
#120 = CARTESIAN_POINT ( 'NONE',  ( -54.84212573939647228, -71.93622324102322807, -10.70916909909541204 ) ) ;
#121 = ORIENTED_EDGE ( 'NONE', *, *, #6037, .F. ) ;
#122 = CARTESIAN_POINT ( 'NONE',  ( -6.520479259246656945, -74.67267089666090385, -9.768182892895062253 ) ) ;
#123 = EDGE_LOOP ( 'NONE', ( #576, #8964 ) ) ;
#124 = CARTESIAN_POINT ( 'NONE',  ( -61.91670298854911891, -28.32883419986710294, -7.636975822246808931 ) ) ;
#125 = EDGE_LOOP ( 'NONE', ( #1943, #5942 ) ) ;
#126 = FACE_BOUND ( 'NONE', #8271, .T. ) ;
#127 = CARTESIAN_POINT ( 'NONE',  ( -62.81078656138737415, -15.77290742854441774, 1.411882848956637293 ) ) ;
#128 = CARTESIAN_POINT ( 'NONE',  ( -32.10800448670126883, -74.85808688002526878, -1.487612087655021398 ) ) ;
#129 = EDGE_CURVE ( 'NONE', #2577, #443, #923, .T. ) ;
#130 = VERTEX_POINT ( 'NONE', #1790 ) ;
#131 = CARTESIAN_POINT ( 'NONE',  ( -59.78230337539950767, -77.62681438314216109, -7.099550340806926485 ) ) ;
#132 = LINE ( 'NONE', #4287, #8679 ) ;
#133 = FACE_OUTER_BOUND ( 'NONE', #8286, .T. ) ;
#134 = FACE_BOUND ( 'NONE', #7435, .T. ) ;
#135 = CARTESIAN_POINT ( 'NONE',  ( -34.44382762550842614, 8.247141860792179813, -10.73586529162721526 ) ) ;
#136 = CARTESIAN_POINT ( 'NONE',  ( -30.45800448670127025, -74.85808688002526878, -1.588117151043349606 ) ) ;
#137 = EDGE_CURVE ( 'NONE', #8428, #5504, #7358, .T. ) ;
#138 = EDGE_CURVE ( 'NONE', #1358, #1714, #330, .T. ) ;
#139 = CARTESIAN_POINT ( 'NONE',  ( -62.11011802435728413, -45.91662568428169067, -7.515791875895446950 ) ) ;
#140 = ORIENTED_EDGE ( 'NONE', *, *, #2912, .F. ) ;
#141 = CARTESIAN_POINT ( 'NONE',  ( -51.55288243238059209, -64.12074996141438987, -9.732750349237699439 ) ) ;
#142 = DIRECTION ( 'NONE',  ( 0.000000000000000000, 0.000000000000000000, -1.000000000000000000 ) ) ;
#143 = CARTESIAN_POINT ( 'NONE',  ( -35.90339776089488311, 3.710159141916867132, -10.84732832871494779 ) ) ;
#144 = CARTESIAN_POINT ( 'NONE',  ( -20.35898380637469529, -7.750162322184488417, -7.017864097709313853 ) ) ;
#145 = CARTESIAN_POINT ( 'NONE',  ( -33.43563654665180707, 16.21733996538723588, -9.786080920591484045 ) ) ;
#146 = CARTESIAN_POINT ( 'NONE',  ( -24.64870705177768428, -48.21175024816270849, 18.41188284895663685 ) ) ;
#147 = CARTESIAN_POINT ( 'NONE',  ( -3.261881438394201194, -41.00056786256523367, -5.797466461442645880 ) ) ;
#148 = ORIENTED_EDGE ( 'NONE', *, *, #4058, .F. ) ;
#149 = CARTESIAN_POINT ( 'NONE',  ( -1.707219275569597849, -16.90389925201634114, -3.308803741219843886 ) ) ;
#150 = EDGE_CURVE ( 'NONE', #1142, #4532, #47, .T. ) ;
#151 = CARTESIAN_POINT ( 'NONE',  ( -39.00824037062465521, -9.024377963579675921, -8.313574963922405914 ) ) ;
#152 = EDGE_LOOP ( 'NONE', ( #8931, #1449, #5104, #486 ) ) ;
#153 = ORIENTED_EDGE ( 'NONE', *, *, #1138, .T. ) ;
#154 = AXIS2_PLACEMENT_3D ( 'NONE', #2053, #6796, #4794 ) ;
#155 = LINE ( 'NONE', #4355, #7649 ) ;
#156 = DIRECTION ( 'NONE',  ( -0.000000000000000000, -1.000000000000000000, 0.000000000000000000 ) ) ;
#157 = ORIENTED_EDGE ( 'NONE', *, *, #749, .T. ) ;
#158 = CARTESIAN_POINT ( 'NONE',  ( -12.64830806966228494, -66.97732796913265929, -9.817547094677296471 ) ) ;
#159 =( BOUNDED_CURVE ( )  B_SPLINE_CURVE ( 3, ( #5834, #5788, #7297, #1047 ),
 .UNSPECIFIED., .F., .F. ) 
 B_SPLINE_CURVE_WITH_KNOTS ( ( 4, 4 ),
 ( 0.8039130898527522273, 1.570796326794897002 ),
 .UNSPECIFIED. ) 
 CURVE ( )  GEOMETRIC_REPRESENTATION_ITEM ( )  RATIONAL_B_SPLINE_CURVE ( ( 1.000000000000000000, 0.9515883809791310100, 0.9515883809791310100, 1.000000000000000000 ) ) 
 REPRESENTATION_ITEM ( '' )  );
#160 = EDGE_CURVE ( 'NONE', #1215, #1754, #1493, .T. ) ;
#161 = CARTESIAN_POINT ( 'NONE',  ( 2.129671235778206828, -12.56524559812213226, 3.001198807336292518 ) ) ;
#162 = ORIENTED_EDGE ( 'NONE', *, *, #6588, .T. ) ;
#163 = CARTESIAN_POINT ( 'NONE',  ( -6.124649850406254536, -74.94803505999324500, -9.607976576491655152 ) ) ;
#164 = ORIENTED_EDGE ( 'NONE', *, *, #4347, .F. ) ;
#165 = DIRECTION ( 'NONE',  ( 0.000000000000000000, 1.000000000000000000, 0.000000000000000000 ) ) ;
#166 = B_SPLINE_CURVE_WITH_KNOTS ( 'NONE', 3,
 ( #4784, #7566, #1315, #6830 ),
 .UNSPECIFIED., .F., .F.,
 ( 4, 4 ),
 ( 0.000000000000000000, 1.000000000000000000 ),
 .UNSPECIFIED. ) ;
#167 = ORIENTED_EDGE ( 'NONE', *, *, #2140, .T. ) ;
#168 = CARTESIAN_POINT ( 'NONE',  ( -58.50925326043915931, -14.72162969638544361, -6.469628950662747791 ) ) ;
#169 = CARTESIAN_POINT ( 'NONE',  ( -64.46166993230764319, -78.73214713189216241, -4.057172828301746748 ) ) ;
#170 = CARTESIAN_POINT ( 'NONE',  ( -27.11435935094900529, -5.469335941981937843, -11.32897524560372915 ) ) ;
#171 = ORIENTED_EDGE ( 'NONE', *, *, #5442, .F. ) ;
#172 = CARTESIAN_POINT ( 'NONE',  ( -60.22040547004256439, -76.13414830072039763, -8.612340799595157748 ) ) ;
#173 = CARTESIAN_POINT ( 'NONE',  ( -66.47584000977293783, -78.75818478260569577, 15.31269238314865611 ) ) ;
#174 = EDGE_LOOP ( 'NONE', ( #3769, #5396, #2292, #6107 ) ) ;
#175 = DIRECTION ( 'NONE',  ( 0.000000000000000000, 0.000000000000000000, 1.000000000000000000 ) ) ;
#176 = AXIS2_PLACEMENT_3D ( 'NONE', #3646, #2837, #7807 ) ;
#177 = CARTESIAN_POINT ( 'NONE',  ( -33.54786932585368930, -9.034980643014595358, -8.851119934708762571 ) ) ;
#178 = CARTESIAN_POINT ( 'NONE',  ( -33.93300448670127878, -28.67822028544097890, 1.411882848956637293 ) ) ;
#179 = CARTESIAN_POINT ( 'NONE',  ( -1.052480071383024463, -20.00332419977313236, -6.267512978893346798 ) ) ;
#180 = AXIS2_PLACEMENT_3D ( 'NONE', #390, #7970, #8648 ) ;
#181 = CARTESIAN_POINT ( 'NONE',  ( -8.806692875869622128, 5.925776957490993091, 7.189660582010716006 ) ) ;
#182 = VECTOR ( 'NONE', #3478, 1000.000000000000000 ) ;
#183 = VERTEX_POINT ( 'NONE', #2383 ) ;
#184 = CARTESIAN_POINT ( 'NONE',  ( -51.49701746759969723, -65.12357109667038912, -9.742637194446430726 ) ) ;
#185 = CARTESIAN_POINT ( 'NONE',  ( -66.47584000979217933, -7.705655497667181386, 11.31269238314866321 ) ) ;
#186 = FACE_BOUND ( 'NONE', #2928, .T. ) ;
#187 = CARTESIAN_POINT ( 'NONE',  ( -18.89837097714611858, -7.092875962790789579, -6.412669362506374426 ) ) ;
#188 = SURFACE_STYLE_FILL_AREA ( #6429 ) ;
#189 = EDGE_CURVE ( 'NONE', #7374, #1503, #6669, .T. ) ;
#190 = CARTESIAN_POINT ( 'NONE',  ( -26.62410935105144816, 28.00000000000000000, -5.010017871405829659 ) ) ;
#191 = EDGE_CURVE ( 'NONE', #5750, #3306, #8633, .T. ) ;
#192 = AXIS2_PLACEMENT_3D ( 'NONE', #8173, #6072, #1240 ) ;
#193 = CARTESIAN_POINT ( 'NONE',  ( -33.75800448670126741, -104.8580868800252546, -1.588117151043349606 ) ) ;
#194 = FACE_OUTER_BOUND ( 'NONE', #7268, .T. ) ;
#195 = ORIENTED_EDGE ( 'NONE', *, *, #8420, .T. ) ;
#196 = CARTESIAN_POINT ( 'NONE',  ( -54.01381218334023515, -70.36332329404386599, -10.91556669247710687 ) ) ;
#197 = CARTESIAN_POINT ( 'NONE',  ( -35.52809160749223594, -9.178198528702502301, -8.739120923412187381 ) ) ;
#198 = EDGE_LOOP ( 'NONE', ( #7192, #195, #6354, #2245 ) ) ;
#199 = VECTOR ( 'NONE', #4390, 1000.000000000000000 ) ;
#200 = CARTESIAN_POINT ( 'NONE',  ( -11.28244600348922511, -74.75818478260565314, -1.588117151043349606 ) ) ;
#201 = CARTESIAN_POINT ( 'NONE',  ( -33.93300448670127878, -54.17822028544186708, 18.41188284895663685 ) ) ;
#202 = ADVANCED_FACE ( 'NONE', ( #3195 ), #5860, .T. ) ;
#203 = ORIENTED_EDGE ( 'NONE', *, *, #8336, .F. ) ;
#204 = CARTESIAN_POINT ( 'NONE',  ( -0.1696826730033991204, -80.25708429069197791, -4.297279544968250597 ) ) ;
#205 = AXIS2_PLACEMENT_3D ( 'NONE', #5626, #8545, #2203 ) ;
#206 = CARTESIAN_POINT ( 'NONE',  ( -1.915240079898369308, -30.55736818072964311, -7.392337884360924427 ) ) ;
#207 = FACE_OUTER_BOUND ( 'NONE', #4147, .T. ) ;
#208 = EDGE_LOOP ( 'NONE', ( #6572, #4125, #6234, #8565, #4309, #6040, #5083, #7224, #6609, #1760, #629, #742 ) ) ;
#209 = AXIS2_PLACEMENT_3D ( 'NONE', #2184, #2996, #4966 ) ;
#210 = CARTESIAN_POINT ( 'NONE',  ( -42.51489319302174152, -121.2044031448513266, -1.318112570148841201 ) ) ;
#211 = ORIENTED_EDGE ( 'NONE', *, *, #8946, .T. ) ;
#212 = CARTESIAN_POINT ( 'NONE',  ( -33.93300448670127878, -28.67822028544097890, 18.41188284895663685 ) ) ;
#213 = ADVANCED_FACE ( 'NONE', ( #4027 ), #2022, .F. ) ;
#214 = ORIENTED_EDGE ( 'NONE', *, *, #6165, .T. ) ;
#215 = LINE ( 'NONE', #2987, #4595 ) ;
#216 = CARTESIAN_POINT ( 'NONE',  ( -32.10800448670126883, -38.00442471284927848, 26.41188284895664040 ) ) ;
#217 = CARTESIAN_POINT ( 'NONE',  ( -64.69168998434729190, -13.83311594803765132, 1.411882848956658165 ) ) ;
#218 = AXIS2_PLACEMENT_3D ( 'NONE', #1930, #7728, #2286 ) ;
#219 = ORIENTED_EDGE ( 'NONE', *, *, #6036, .F. ) ;
#220 = CARTESIAN_POINT ( 'NONE',  ( -57.20955824581103855, -76.26041772886355830, -8.265581023056403964 ) ) ;
#221 = DIRECTION ( 'NONE',  ( -1.000000000000000000, 0.000000000000000000, 0.000000000000000000 ) ) ;
#222 = ORIENTED_EDGE ( 'NONE', *, *, #6964, .T. ) ;
#223 = DIRECTION ( 'NONE',  ( -1.000000000000000000, 0.000000000000000000, 0.000000000000000000 ) ) ;
#224 = CYLINDRICAL_SURFACE ( 'NONE', #7181, 1.825000000000000178 ) ;
#225 = DIRECTION ( 'NONE',  ( 1.000000000000000000, -1.780377182154265206E-15, 0.000000000000000000 ) ) ;
#226 = CIRCLE ( 'NONE', #1402, 29.00000000000169820 ) ;
#227 = CARTESIAN_POINT ( 'NONE',  ( -2.317086143156433131, -18.04654552966730208, -4.198797113739910714 ) ) ;
#228 = CARTESIAN_POINT ( 'NONE',  ( -2.974191714547513410, -48.64129994802463841, -8.044939441484283194 ) ) ;
#229 = CARTESIAN_POINT ( 'NONE',  ( -63.21187864427142955, -38.55185350492617857, -6.772601344777968713 ) ) ;
#230 = ORIENTED_EDGE ( 'NONE', *, *, #1272, .T. ) ;
#231 = CARTESIAN_POINT ( 'NONE',  ( -9.161474703661047769, -72.19946900176118731, -10.65135740754858240 ) ) ;
#232 = CARTESIAN_POINT ( 'NONE',  ( -41.09358867808099092, -47.16380447682146837, 18.41188284895663685 ) ) ;
#233 = DIRECTION ( 'NONE',  ( -0.3922749854591615626, 0.9198479960205460104, 0.000000000000000000 ) ) ;
#234 = CARTESIAN_POINT ( 'NONE',  ( 1.588043039123182121, -78.32485144927234444, -3.465472457960098396 ) ) ;
#235 = DIRECTION ( 'NONE',  ( 0.000000000000000000, 0.000000000000000000, -1.000000000000000000 ) ) ;
#236 = DIRECTION ( 'NONE',  ( -1.000000000000000000, 0.000000000000000000, 0.000000000000000000 ) ) ;
#237 = CARTESIAN_POINT ( 'NONE',  ( -16.27789918045451145, -5.521926362553005951, -4.973247724329932673 ) ) ;
#238 = ORIENTED_EDGE ( 'NONE', *, *, #3425, .T. ) ;
#239 = DIRECTION ( 'NONE',  ( -0.8583439052881717268, -0.5130747901180197079, -0.000000000000000000 ) ) ;
#240 = CARTESIAN_POINT ( 'NONE',  ( -36.85231544516123847, -9.191254980600234603, -8.618242868741660345 ) ) ;
#241 = EDGE_CURVE ( 'NONE', #2398, #7995, #8142, .T. ) ;
#242 = ORIENTED_EDGE ( 'NONE', *, *, #3583, .T. ) ;
#243 = ADVANCED_FACE ( 'NONE', ( #6170 ), #603, .T. ) ;
#244 = ORIENTED_EDGE ( 'NONE', *, *, #8564, .F. ) ;
#245 = CARTESIAN_POINT ( 'NONE',  ( -59.26889000649288164, -48.17103091610225363, -6.865931960266537182 ) ) ;
#246 = CYLINDRICAL_SURFACE ( 'NONE', #3733, 15.00000000000000000 ) ;
#247 = EDGE_LOOP ( 'NONE', ( #7822, #1305, #8647, #6278 ) ) ;
#248 = DIRECTION ( 'NONE',  ( 0.7071067811865475727, 0.7071067811865475727, 0.000000000000000000 ) ) ;
#249 = CARTESIAN_POINT ( 'NONE',  ( -65.49946724241027596, -78.75818478260556788, 2.411882848956650172 ) ) ;
#250 = CARTESIAN_POINT ( 'NONE',  ( -2.242618300280705856, -28.29062006134253693, -7.601447968895574725 ) ) ;
#251 = CARTESIAN_POINT ( 'NONE',  ( -25.35800448670127949, 28.00000000000000000, 14.91188284895665639 ) ) ;
#252 = EDGE_CURVE ( 'NONE', #8470, #4732, #3027, .T. ) ;
#253 = EDGE_LOOP ( 'NONE', ( #3360, #3, #5634, #5366 ) ) ;
#254 = ADVANCED_FACE ( 'NONE', ( #1336 ), #4713, .T. ) ;
#255 = CARTESIAN_POINT ( 'NONE',  ( -0.8276112792343099933, -78.61152096872218920, -4.875622191604012556 ) ) ;
#256 = ORIENTED_EDGE ( 'NONE', *, *, #5826, .F. ) ;
#257 = LINE ( 'NONE', #2899, #4552 ) ;
#258 = ORIENTED_EDGE ( 'NONE', *, *, #5511, .F. ) ;
#259 = CARTESIAN_POINT ( 'NONE',  ( -11.03957835739834081, -66.37099584316145240, -11.09528772361708704 ) ) ;
#260 = AXIS2_PLACEMENT_3D ( 'NONE', #5250, #3101, #5975 ) ;
#261 = CIRCLE ( 'NONE', #5357, 1.825000000000000178 ) ;
#262 = CARTESIAN_POINT ( 'NONE',  ( -62.13620545090451230, -30.02182046557076234, -7.498467537446114051 ) ) ;
#263 = CARTESIAN_POINT ( 'NONE',  ( -26.91693857170902149, -5.456760161475631143, -11.30173961701401630 ) ) ;
#264 = B_SPLINE_CURVE_WITH_KNOTS ( 'NONE', 3,
 ( #7693, #8374, #2119, #4902, #1436, #3879, #8627, #7163, #5886, #237, #1738, #7994, #8673, #2376, #2331, #8038, #5158, #8585, #7949, #5839, #2423, #4570, #8718, #4482, #2967, #1697, #7258, #1784, #3145, #5207, #4522, #6617, #7301, #7353, #5932, #1007, #1647, #3787 ),
 .UNSPECIFIED., .F., .F.,
 ( 4, 2, 2, 2, 2, 2, 2, 2, 2, 2, 2, 2, 2, 2, 2, 2, 2, 2, 4 ),
 ( 0.000000000000000000, 0.1250000000000000000, 0.1875000000000000000, 0.2500000000000000000, 0.2812500000000000000, 0.3125000000000000000, 0.3750000000000000000, 0.4375000000000000000, 0.5000000000000000000, 0.5625000000000000000, 0.6250000000000000000, 0.6875000000000000000, 0.7500000000000000000, 0.8125000000000000000, 0.8437499999999998890, 0.8750000000000000000, 0.9062499999999998890, 0.9375000000000000000, 1.000000000000000000 ),
 .UNSPECIFIED. ) ;
#265 = EDGE_LOOP ( 'NONE', ( #5371, #8544, #1852, #7205, #8613, #3675, #4506 ) ) ;
#266 = EDGE_CURVE ( 'NONE', #6175, #7881, #5794, .T. ) ;
#267 = CARTESIAN_POINT ( 'NONE',  ( -54.95037796123830987, -74.42762016212765275, -9.049671183109857964 ) ) ;
#268 = AXIS2_PLACEMENT_3D ( 'NONE', #2838, #2879, #2238 ) ;
#269 = CARTESIAN_POINT ( 'NONE',  ( -47.01409140366611439, -6.137679866547690821, -5.539231836152166188 ) ) ;
#270 = ORIENTED_EDGE ( 'NONE', *, *, #8000, .T. ) ;
#271 = CARTESIAN_POINT ( 'NONE',  ( -54.77168180351622340, -56.09745459949871105, -8.968493760839081119 ) ) ;
#272 = CARTESIAN_POINT ( 'NONE',  ( -38.85800448670128304, 28.00000000000000000, 14.91188284895665639 ) ) ;
#273 = CARTESIAN_POINT ( 'NONE',  ( -4.272056801143168769, -4.707518683843385787, 7.189660626734410975 ) ) ;
#274 = CARTESIAN_POINT ( 'NONE',  ( -0.007728593903810541781, -17.65076819080021053, -4.695038192890772066 ) ) ;
#275 = CARTESIAN_POINT ( 'NONE',  ( -1.225834012277848828, -42.00508780407884046, -6.928780792278779188 ) ) ;
#276 = CARTESIAN_POINT ( 'NONE',  ( -28.31270167776446556, 3.710415578065681785, -10.84730874269314604 ) ) ;
#277 = VERTEX_POINT ( 'NONE', #8907 ) ;
#278 = CARTESIAN_POINT ( 'NONE',  ( -41.35718613827163637, -4.752485536125702126, -10.37173486721773408 ) ) ;
#279 = CARTESIAN_POINT ( 'NONE',  ( -67.93292079074184642, -8.612968575630034707, 14.69282751295186706 ) ) ;
#280 = CARTESIAN_POINT ( 'NONE',  ( -14.32072664950772634, -3.947198341928596310, -3.499675881482551709 ) ) ;
#281 = CARTESIAN_POINT ( 'NONE',  ( -66.47584000977293783, -78.75818478260569577, 13.31269238314865966 ) ) ;
#282 = CARTESIAN_POINT ( 'NONE',  ( -32.10800448670127594, -28.67822028544097890, -13.22822741526793955 ) ) ;
#283 = CARTESIAN_POINT ( 'NONE',  ( -23.02059941805919507, -120.1467660926119265, -1.588117151043349162 ) ) ;
#284 = ORIENTED_EDGE ( 'NONE', *, *, #4974, .F. ) ;
#285 = DIRECTION ( 'NONE',  ( -0.000000000000000000, -0.000000000000000000, 1.000000000000000000 ) ) ;
#286 = CARTESIAN_POINT ( 'NONE',  ( -3.237203331786259408, -35.21578737262929337, -5.779369278613589067 ) ) ;
#287 = VERTEX_POINT ( 'NONE', #6899 ) ;
#288 = DIRECTION ( 'NONE',  ( -0.000000000000000000, -0.000000000000000000, 1.000000000000000000 ) ) ;
#289 = CARTESIAN_POINT ( 'NONE',  ( -29.77218134789445614, 8.247141860790781820, -10.73586529162743197 ) ) ;
#290 = CARTESIAN_POINT ( 'NONE',  ( -60.10590573264186531, -23.55517183853125474, -6.316587083856314067 ) ) ;
#291 = CARTESIAN_POINT ( 'NONE',  ( -51.75702471378032499, -62.64108802552107136, -9.695741178296474416 ) ) ;
#292 = EDGE_LOOP ( 'NONE', ( #2427, #6970, #8558, #3796, #968, #6472 ) ) ;
#293 = DIRECTION ( 'NONE',  ( -1.000000000000000000, 0.000000000000000000, 0.000000000000000000 ) ) ;
#294 = CARTESIAN_POINT ( 'NONE',  ( -32.60156824342067949, -78.33211460652056246, 26.39191443063550579 ) ) ;
#295 = CARTESIAN_POINT ( 'NONE',  ( -9.258188322919338020, -72.08034181849659205, -10.67779462162632065 ) ) ;
#296 = CARTESIAN_POINT ( 'NONE',  ( -60.75460652203669554, -3.999999999999999112, 14.41188284895664218 ) ) ;
#297 = ORIENTED_EDGE ( 'NONE', *, *, #7795, .T. ) ;
#298 = FACE_OUTER_BOUND ( 'NONE', #8078, .T. ) ;
#299 = ORIENTED_EDGE ( 'NONE', *, *, #1946, .F. ) ;
#300 = DIRECTION ( 'NONE',  ( -0.000000000000000000, -0.000000000000000000, 1.000000000000000000 ) ) ;
#301 = ORIENTED_EDGE ( 'NONE', *, *, #1495, .F. ) ;
#302 = CARTESIAN_POINT ( 'NONE',  ( -29.77218134789445614, 8.247141860790781820, -10.73586529162743197 ) ) ;
#303 = AXIS2_PLACEMENT_3D ( 'NONE', #3125, #7882, #1626 ) ;
#304 = EDGE_CURVE ( 'NONE', #6270, #887, #6357, .T. ) ;
#305 = CARTESIAN_POINT ( 'NONE',  ( 1.064121360582316100, -6.869193923645281252, 11.70948360971099689 ) ) ;
#306 = ADVANCED_FACE ( 'NONE', ( #4668 ), #3343, .T. ) ;
#307 = ORIENTED_EDGE ( 'NONE', *, *, #7236, .T. ) ;
#308 = CARTESIAN_POINT ( 'NONE',  ( -54.23567685404895400, -73.67028260484590874, -9.254508536304729915 ) ) ;
#309 = DIRECTION ( 'NONE',  ( 0.000000000000000000, 0.000000000000000000, -1.000000000000000000 ) ) ;
#310 = ORIENTED_EDGE ( 'NONE', *, *, #5149, .T. ) ;
#311 = CARTESIAN_POINT ( 'NONE',  ( -61.48864969301784100, -47.82020756118341609, -7.898808008963934313 ) ) ;
#312 = CARTESIAN_POINT ( 'NONE',  ( 1.061540851754654291, -78.75818478260570998, 2.297285270437327220 ) ) ;
#313 = CARTESIAN_POINT ( 'NONE',  ( -54.42507674905453285, -71.83034313418839645, -10.53962097627570316 ) ) ;
#314 = EDGE_CURVE ( 'NONE', #4462, #7839, #4620, .T. ) ;
#315 = CARTESIAN_POINT ( 'NONE',  ( -1.579556127439112556, -21.66615862535082471, -6.967974919727800476 ) ) ;
#316 = CARTESIAN_POINT ( 'NONE',  ( -54.88216422066994937, 4.664342727711545677, 5.046799708615048452 ) ) ;
#317 = CARTESIAN_POINT ( 'NONE',  ( -9.337362930800640726, 4.650309050909889663, 5.035111766103022468 ) ) ;
#318 = ORIENTED_EDGE ( 'NONE', *, *, #8463, .F. ) ;
#319 = CARTESIAN_POINT ( 'NONE',  ( -29.95800448670235383, 20.00000000000003553, 26.41188284895664395 ) ) ;
#320 = CARTESIAN_POINT ( 'NONE',  ( 0.000000000000000000, 0.000000000000000000, 0.000000000000000000 ) ) ;
#321 = CARTESIAN_POINT ( 'NONE',  ( -32.10800448670128304, -0.3672796889782308227, -11.57146213631948051 ) ) ;
#322 = CARTESIAN_POINT ( 'NONE',  ( -32.10800448670126883, -38.00442471284927848, -8.851126375469920760 ) ) ;
#323 = ADVANCED_FACE ( 'NONE', ( #1973 ), #8104, .F. ) ;
#324 = DIRECTION ( 'NONE',  ( 0.000000000000000000, 0.000000000000000000, -1.000000000000000000 ) ) ;
#325 = DIRECTION ( 'NONE',  ( 0.8583439052881717268, 0.5130747901180198189, 0.000000000000000000 ) ) ;
#326 = EDGE_LOOP ( 'NONE', ( #5509, #3764, #8446, #944, #6013 ) ) ;
#327 = CARTESIAN_POINT ( 'NONE',  ( -54.13233357559891346, -60.26552896346289856, -10.88778701194952347 ) ) ;
#328 = LINE ( 'NONE', #1741, #1491 ) ;
#329 = ORIENTED_EDGE ( 'NONE', *, *, #2434, .F. ) ;
#330 = LINE ( 'NONE', #2337, #3967 ) ;
#331 = CARTESIAN_POINT ( 'NONE',  ( -34.09728830501762786, 8.476459661045995020, -10.79104380798330531 ) ) ;
#332 = CARTESIAN_POINT ( 'NONE',  ( -62.23104295674660591, -23.15886593477618050, -7.407433152121408959 ) ) ;
#333 = DIRECTION ( 'NONE',  ( -1.000000000000000000, 0.000000000000000000, 0.000000000000000000 ) ) ;
#334 = VERTEX_POINT ( 'NONE', #2113 ) ;
#335 = CARTESIAN_POINT ( 'NONE',  ( -0.9528206959099633222, -80.10622651925621085, -4.886839354878261155 ) ) ;
#336 = DIRECTION ( 'NONE',  ( 1.000000000000000000, 0.000000000000000000, 0.000000000000000000 ) ) ;
#337 = CARTESIAN_POINT ( 'NONE',  ( -10.85995956856999811, -63.10820349470991175, -11.05923004160529821 ) ) ;
#338 = CARTESIAN_POINT ( 'NONE',  ( -19.53084897349712534, -71.48596535551243392, 8.411882848956651060 ) ) ;
#339 = VECTOR ( 'NONE', #1079, 1000.000000000000000 ) ;
#340 = ORIENTED_EDGE ( 'NONE', *, *, #2421, .F. ) ;
#341 = CARTESIAN_POINT ( 'NONE',  ( 0.7755386743739084432, -78.75817034379534221, -3.615646867042854762 ) ) ;
#342 = VERTEX_POINT ( 'NONE', #2067 ) ;
#343 = CARTESIAN_POINT ( 'NONE',  ( -28.10800448668171470, 5.000000000000023981, 23.41188284895664040 ) ) ;
#344 = ORIENTED_EDGE ( 'NONE', *, *, #5035, .F. ) ;
#345 = CARTESIAN_POINT ( 'NONE',  ( -11.07201346837167222, -65.43653416590629490, -11.10166976164529018 ) ) ;
#346 = AXIS2_PLACEMENT_3D ( 'NONE', #1083, #3859, #8743 ) ;
#347 = CARTESIAN_POINT ( 'NONE',  ( -62.53801621281494505, -78.46583232612546510, -5.472238646017146380 ) ) ;
#348 = ORIENTED_EDGE ( 'NONE', *, *, #1191, .F. ) ;
#349 = CARTESIAN_POINT ( 'NONE',  ( 2.259831036370090196, 27.99999999999999645, 13.31269238314865966 ) ) ;
#350 = EDGE_CURVE ( 'NONE', #7175, #4276, #104, .T. ) ;
#351 = EDGE_CURVE ( 'NONE', #7310, #5904, #1387, .T. ) ;
#352 = LINE ( 'NONE', #5914, #2270 ) ;
#353 = ORIENTED_EDGE ( 'NONE', *, *, #4163, .F. ) ;
#354 = VECTOR ( 'NONE', #5424, 1000.000000000000114 ) ;
#355 = CARTESIAN_POINT ( 'NONE',  ( -63.07379817573127667, -40.86733556254976207, -6.870198387061552836 ) ) ;
#356 = CARTESIAN_POINT ( 'NONE',  ( -24.43300448670127878, -38.17822028544185997, 18.41188284895663685 ) ) ;
#357 = CARTESIAN_POINT ( 'NONE',  ( -65.17408668530083560, -6.992176652670280212, 10.17873741598467952 ) ) ;
#358 = CARTESIAN_POINT ( 'NONE',  ( 0.2487643766034913495, -14.09607097868961922, -0.03002773349909245229 ) ) ;
#359 = CARTESIAN_POINT ( 'NONE',  ( -55.02682945096818656, 5.133558529289981465, 5.579927691781115584 ) ) ;
#360 = CARTESIAN_POINT ( 'NONE',  ( -9.698302473606469576, 3.140940450023599340, 3.873173610760729524 ) ) ;
#361 = ORIENTED_EDGE ( 'NONE', *, *, #8728, .F. ) ;
#362 = EDGE_CURVE ( 'NONE', #4543, #7596, #6985, .T. ) ;
#363 = CARTESIAN_POINT ( 'NONE',  ( 1.841525010002021290, -7.408607466095467942, 11.34545979678308392 ) ) ;
#364 = DIRECTION ( 'NONE',  ( -0.000000000000000000, -0.000000000000000000, 1.000000000000000000 ) ) ;
#365 = CARTESIAN_POINT ( 'NONE',  ( -65.49946724241024754, -63.75818478260557498, -1.588117151043349606 ) ) ;
#366 = CARTESIAN_POINT ( 'NONE',  ( -28.10800448671612273, 5.000000000000023981, -10.66697983548711370 ) ) ;
#367 = AXIS2_PLACEMENT_3D ( 'NONE', #679, #3323, #8118 ) ;
#368 = CARTESIAN_POINT ( 'NONE',  ( -32.10800448670133278, -74.75818478260562472, -1.588117151043349606 ) ) ;
#369 = DIRECTION ( 'NONE',  ( 0.000000000000000000, 0.000000000000000000, -1.000000000000000000 ) ) ;
#370 = ORIENTED_EDGE ( 'NONE', *, *, #4002, .F. ) ;
#371 = FACE_OUTER_BOUND ( 'NONE', #5949, .T. ) ;
#372 = DIRECTION ( 'NONE',  ( -1.000000000000000000, 0.000000000000000000, 0.000000000000000000 ) ) ;
#373 = ORIENTED_EDGE ( 'NONE', *, *, #7153, .T. ) ;
#374 = VECTOR ( 'NONE', #5606, 1000.000000000000000 ) ;
#375 = ADVANCED_FACE ( 'NONE', ( #61 ), #1506, .T. ) ;
#376 = AXIS2_PLACEMENT_3D ( 'NONE', #8120, #446, #5238 ) ;
#377 = FACE_OUTER_BOUND ( 'NONE', #8799, .T. ) ;
#378 = CARTESIAN_POINT ( 'NONE',  ( -48.07912299307954385, -80.16563762274145688, 25.26240012397707702 ) ) ;
#379 = CARTESIAN_POINT ( 'NONE',  ( -61.13115144422386749, -19.81077082268512157, -5.160193894773485113 ) ) ;
#380 = CARTESIAN_POINT ( 'NONE',  ( -52.16031336563283816, -61.03264327458150262, -9.618000554589672291 ) ) ;
#381 = EDGE_LOOP ( 'NONE', ( #2453, #4188, #790, #6057 ) ) ;
#382 = CARTESIAN_POINT ( 'NONE',  ( -3.396169646278665244, -79.34432820768580541, -6.465674928146508904 ) ) ;
#383 = AXIS2_PLACEMENT_3D ( 'NONE', #7173, #7779, #4308 ) ;
#384 = DIRECTION ( 'NONE',  ( 0.000000000000000000, 0.000000000000000000, -1.000000000000000000 ) ) ;
#385 = CARTESIAN_POINT ( 'NONE',  ( -11.03957835739834081, -66.37099584316145240, -11.09528772361708704 ) ) ;
#386 = DIRECTION ( 'NONE',  ( -0.000000000000000000, -0.000000000000000000, -1.000000000000000000 ) ) ;
#387 = ORIENTED_EDGE ( 'NONE', *, *, #4205, .T. ) ;
#388 = DIRECTION ( 'NONE',  ( -0.000000000000000000, -0.000000000000000000, -1.000000000000000000 ) ) ;
#389 = ORIENTED_EDGE ( 'NONE', *, *, #81, .F. ) ;
#390 = CARTESIAN_POINT ( 'NONE',  ( -65.49946724241024754, -63.75818478260557498, -1.588117151043349606 ) ) ;
#391 = VERTEX_POINT ( 'NONE', #8412 ) ;
#392 = CARTESIAN_POINT ( 'NONE',  ( -10.73280561549664291, -62.50046487828716835, -11.03285061273214041 ) ) ;
#393 = CARTESIAN_POINT ( 'NONE',  ( -61.89596427084114794, -25.89708546156182223, -7.649898823093812084 ) ) ;
#394 = ORIENTED_EDGE ( 'NONE', *, *, #1281, .T. ) ;
#395 = LINE ( 'NONE', #3812, #2482 ) ;
#396 = CARTESIAN_POINT ( 'NONE',  ( -52.67449314260235127, -59.62143276276380277, -9.510372705713026065 ) ) ;
#397 = VECTOR ( 'NONE', #5114, 1000.000000000000000 ) ;
#398 = FACE_OUTER_BOUND ( 'NONE', #7146, .T. ) ;
#399 = VECTOR ( 'NONE', #8030, 1000.000000000000000 ) ;
#400 = ORIENTED_EDGE ( 'NONE', *, *, #8127, .T. ) ;
#401 = CARTESIAN_POINT ( 'NONE',  ( 1.157472594550127631, -6.760931055914117138, 25.11188284895660061 ) ) ;
#402 = DIRECTION ( 'NONE',  ( 0.3627986633483175072, 0.6069407960194109775, -0.7071067811865460184 ) ) ;
#403 = CARTESIAN_POINT ( 'NONE',  ( -13.58656058013544055, 0.8401891360741717829, -3.770384594529933686 ) ) ;
#404 = AXIS2_PLACEMENT_3D ( 'NONE', #5568, #4164, #6256 ) ;
#405 = CARTESIAN_POINT ( 'NONE',  ( -54.49240434550434031, 3.019133549510814696, 3.799968409844599826 ) ) ;
#406 = CARTESIAN_POINT ( 'NONE',  ( -28.51115607971187060, 3.230810092172824444, -10.93491255693722941 ) ) ;
#407 = ORIENTED_EDGE ( 'NONE', *, *, #7551, .T. ) ;
#408 = AXIS2_PLACEMENT_3D ( 'NONE', #4343, #1429, #5616 ) ;
#409 = DIRECTION ( 'NONE',  ( 0.000000000000000000, 0.000000000000000000, 1.000000000000000000 ) ) ;
#410 = CYLINDRICAL_SURFACE ( 'NONE', #8499, 1.825000000000000178 ) ;
#411 = CARTESIAN_POINT ( 'NONE',  ( -15.11711585122187529, -4.638669894025618134, -4.152514618527603396 ) ) ;
#412 = CARTESIAN_POINT ( 'NONE',  ( -28.10800448671601970, 19.73445620578980098, -8.286878323662580925 ) ) ;
#413 = LINE ( 'NONE', #1782, #2526 ) ;
#414 = EDGE_CURVE ( 'NONE', #5273, #5456, #4640, .T. ) ;
#415 = EDGE_CURVE ( 'NONE', #6668, #5462, #7689, .T. ) ;
#416 = CARTESIAN_POINT ( 'NONE',  ( -20.53157330267639935, -122.3739456225597309, -0.5896646109115247780 ) ) ;
#417 = EDGE_LOOP ( 'NONE', ( #2235, #6238, #2822, #5051 ) ) ;
#418 = CARTESIAN_POINT ( 'NONE',  ( -54.01368811915368440, -60.54880049876258141, -10.91560414418641578 ) ) ;
#419 = CARTESIAN_POINT ( 'NONE',  ( -3.723814513156613160, -43.97382398640029066, -6.129964190717959838 ) ) ;
#420 = ORIENTED_EDGE ( 'NONE', *, *, #8998, .T. ) ;
#421 = DIRECTION ( 'NONE',  ( 1.000000000000000000, 0.000000000000000000, 0.000000000000000000 ) ) ;
#422 = FACE_BOUND ( 'NONE', #6869, .T. ) ;
#423 = CARTESIAN_POINT ( 'NONE',  ( -60.61541453369243726, -21.35386732099393825, -5.795091547761272999 ) ) ;
#424 = CARTESIAN_POINT ( 'NONE',  ( 8.622126372425729102, -76.75818478260572419, 26.41188284895664040 ) ) ;
#425 = ORIENTED_EDGE ( 'NONE', *, *, #4535, .T. ) ;
#426 = CARTESIAN_POINT ( 'NONE',  ( -62.32741612522780628, -17.22690342428352039, -3.485090817607668257 ) ) ;
#427 = ADVANCED_FACE ( 'NONE', ( #6302 ), #2155, .F. ) ;
#428 = CARTESIAN_POINT ( 'NONE',  ( -10.24398423890349008, -70.01454364835942101, -10.92522652566197117 ) ) ;
#429 = CARTESIAN_POINT ( 'NONE',  ( -40.03768085550233025, -5.076051770814517639, -10.75772213022485602 ) ) ;
#430 = ORIENTED_EDGE ( 'NONE', *, *, #8716, .F. ) ;
#431 = ORIENTED_EDGE ( 'NONE', *, *, #1272, .F. ) ;
#432 = LINE ( 'NONE', #343, #1637 ) ;
#433 = ORIENTED_EDGE ( 'NONE', *, *, #5992, .F. ) ;
#434 = CARTESIAN_POINT ( 'NONE',  ( -3.737154205614463098, -77.33215433460554777, -8.474670582237971317 ) ) ;
#435 = CARTESIAN_POINT ( 'NONE',  ( -62.01511989496916044, -24.60496495374055925, -7.575197971443243361 ) ) ;
#436 = ADVANCED_FACE ( 'NONE', ( #4851 ), #7637, .F. ) ;
#437 = CARTESIAN_POINT ( 'NONE',  ( -8.995290289242689141, 5.725116364218294507, 6.317519397168358530 ) ) ;
#438 = ORIENTED_EDGE ( 'NONE', *, *, #2422, .T. ) ;
#439 = CARTESIAN_POINT ( 'NONE',  ( -9.994367794363627766, -71.07578306428510473, -10.86638759775889973 ) ) ;
#440 = CARTESIAN_POINT ( 'NONE',  ( -21.28244600348924820, -123.6230729217454041, 8.411882848956651060 ) ) ;
#441 = AXIS2_PLACEMENT_3D ( 'NONE', #539, #7519, #6143 ) ;
#442 = DIRECTION ( 'NONE',  ( -1.000000000000000000, 0.000000000000000000, 0.000000000000000000 ) ) ;
#443 = VERTEX_POINT ( 'NONE', #7117 ) ;
#444 = CARTESIAN_POINT ( 'NONE',  ( -56.21929175185544381, -56.90542261093091270, -10.30035928204650908 ) ) ;
#445 = CARTESIAN_POINT ( 'NONE',  ( -66.13197426589499628, -14.52671145056579682, -1.178581629363165906 ) ) ;
#446 = DIRECTION ( 'NONE',  ( 0.000000000000000000, -1.000000000000000000, 0.000000000000000000 ) ) ;
#447 = DIRECTION ( 'NONE',  ( -0.000000000000000000, -0.000000000000000000, 1.000000000000000000 ) ) ;
#448 = CARTESIAN_POINT ( 'NONE',  ( -9.687429179491374498, 3.192707996308287832, 3.904933514115579651 ) ) ;
#449 = ORIENTED_EDGE ( 'NONE', *, *, #2319, .T. ) ;
#450 = CARTESIAN_POINT ( 'NONE',  ( -32.10800448670126883, -84.85808688002525457, 26.41188284895664040 ) ) ;
#451 = CARTESIAN_POINT ( 'NONE',  ( -30.92219122509806439, -36.81510861024787573, 18.41188284895663685 ) ) ;
#452 = FACE_OUTER_BOUND ( 'NONE', #5208, .T. ) ;
#453 = CARTESIAN_POINT ( 'NONE',  ( 9.922126372425774221, -11.99999999999997335, 14.41188284895664395 ) ) ;
#454 = CARTESIAN_POINT ( 'NONE',  ( -11.13312531572306874, -72.17414890345322931, -9.503071775078563377 ) ) ;
#455 = CARTESIAN_POINT ( 'NONE',  ( -12.60975249262120634, -67.31703016771632520, -9.810593247206632839 ) ) ;
#456 = EDGE_LOOP ( 'NONE', ( #5388, #2607, #2892, #1515 ) ) ;
#457 = DIRECTION ( 'NONE',  ( -0.000000000000000000, -0.000000000000000000, 1.000000000000000000 ) ) ;
#458 = CARTESIAN_POINT ( 'NONE',  ( -5.234710086479731572, -48.90850464407693465, -7.103942807850605057 ) ) ;
#459 = ORIENTED_EDGE ( 'NONE', *, *, #8550, .F. ) ;
#460 = CARTESIAN_POINT ( 'NONE',  ( -53.11086034562165992, -64.23602244261547867, -11.10815182439623072 ) ) ;
#461 = CARTESIAN_POINT ( 'NONE',  ( -10.98310897086077276, 3.610157107362714779, 0.6158822013012413832 ) ) ;
#462 = EDGE_CURVE ( 'NONE', #7088, #1707, #7565, .T. ) ;
#463 = CARTESIAN_POINT ( 'NONE',  ( -34.44382762550842614, 8.247141860792179813, -10.73586529162721526 ) ) ;
#464 = EDGE_CURVE ( 'NONE', #3933, #8387, #2223, .T. ) ;
#465 = APPLICATION_CONTEXT ( 'automotive_design' ) ;
#466 = FACE_OUTER_BOUND ( 'NONE', #5762, .T. ) ;
#467 = CARTESIAN_POINT ( 'NONE',  ( -52.61062409066150281, -59.77506984692944059, -9.524262091505457661 ) ) ;
#468 = ORIENTED_EDGE ( 'NONE', *, *, #6536, .F. ) ;
#469 = CARTESIAN_POINT ( 'NONE',  ( -60.40061030361877670, -22.16080701278916720, -6.033167839310015879 ) ) ;
#470 = CIRCLE ( 'NONE', #3381, 1.649999999999998579 ) ;
#471 = CARTESIAN_POINT ( 'NONE',  ( -40.93356296991329657, -119.6230729217454041, -1.588117151043349606 ) ) ;
#472 = CARTESIAN_POINT ( 'NONE',  ( -11.00102577748906718, -66.83520100584009072, -11.08765255745504064 ) ) ;
#473 = CARTESIAN_POINT ( 'NONE',  ( -45.49343474857256098, -3.088933298204676436, -8.487771253175909081 ) ) ;
#474 = ORIENTED_EDGE ( 'NONE', *, *, #8021, .F. ) ;
#475 = AXIS2_PLACEMENT_3D ( 'NONE', #5950, #8151, #5226 ) ;
#476 = ORIENTED_EDGE ( 'NONE', *, *, #4489, .T. ) ;
#477 = AXIS2_PLACEMENT_3D ( 'NONE', #6080, #5127, #8862 ) ;
#478 = CARTESIAN_POINT ( 'NONE',  ( -64.80497786109734193, -6.421108150107846413, 14.41188284895664573 ) ) ;
#479 = EDGE_CURVE ( 'NONE', #5087, #1739, #5530, .T. ) ;
#480 = ORIENTED_EDGE ( 'NONE', *, *, #7443, .F. ) ;
#481 = CARTESIAN_POINT ( 'NONE',  ( -10.07169617684451524, -70.45082985954147148, -10.88495170614975827 ) ) ;
#482 = CARTESIAN_POINT ( 'NONE',  ( -54.05998713256634147, 4.490144602221985970, 2.567229677813021915 ) ) ;
#483 = AXIS2_PLACEMENT_3D ( 'NONE', #7430, #1181, #6008 ) ;
#484 = EDGE_LOOP ( 'NONE', ( #4392, #121, #7038 ) ) ;
#485 = CARTESIAN_POINT ( 'NONE',  ( -10.98310897086077276, 3.610157107362714779, 0.6158822013012413832 ) ) ;
#486 = ORIENTED_EDGE ( 'NONE', *, *, #3860, .F. ) ;
#487 = CARTESIAN_POINT ( 'NONE',  ( -16.90424803440810919, -81.06297964529757394, 24.52953069921746021 ) ) ;
#488 = CARTESIAN_POINT ( 'NONE',  ( -44.68515999990541587, -71.48596535551243392, 26.41188284895664040 ) ) ;
#489 = EDGE_CURVE ( 'NONE', #277, #6498, #7808, .T. ) ;
#490 = DIRECTION ( 'NONE',  ( -0.000000000000000000, -0.000000000000000000, 1.000000000000000000 ) ) ;
#491 = VERTEX_POINT ( 'NONE', #7763 ) ;
#492 = CARTESIAN_POINT ( 'NONE',  ( -68.46128131874310441, -23.20201101542722455, -1.841470221628191961 ) ) ;
#493 = CARTESIAN_POINT ( 'NONE',  ( -63.78931377221140764, -18.32974349180274132, -5.287547273425314387 ) ) ;
#494 = B_SPLINE_CURVE_WITH_KNOTS ( 'NONE', 3,
 ( #3723, #6503, #262, #6824, #3311, #575, #5363, #5318, #8108, #393, #4776, #5407, #8197, #8061, #435, #3356 ),
 .UNSPECIFIED., .F., .F.,
 ( 4, 2, 2, 2, 2, 2, 2, 4 ),
 ( 0.000000000000000000, 0.2500000000000000000, 0.5000000000000000000, 0.6249999999999998890, 0.7500000000000000000, 0.8125000000000001110, 0.8750000000000001110, 1.000000000000000000 ),
 .UNSPECIFIED. ) ;
#495 = DIRECTION ( 'NONE',  ( -0.000000000000000000, -0.000000000000000000, 1.000000000000000000 ) ) ;
#496 = CYLINDRICAL_SURFACE ( 'NONE', #1284, 1.825000000000000178 ) ;
#497 = DIRECTION ( 'NONE',  ( -0.000000000000000000, -0.000000000000000000, 1.000000000000000000 ) ) ;
#498 = ORIENTED_EDGE ( 'NONE', *, *, #8398, .F. ) ;
#499 = CARTESIAN_POINT ( 'NONE',  ( -51.10426731865426575, -2.753239773218205677, -2.349131402055976814 ) ) ;
#500 = VECTOR ( 'NONE', #8402, 999.9999999999998863 ) ;
#501 = CARTESIAN_POINT ( 'NONE',  ( -39.05319079663108539, -33.79848952859116196, 1.411882848956637293 ) ) ;
#502 = CARTESIAN_POINT ( 'NONE',  ( -2.104485657089762984, -24.31035545154559330, -7.514002050547872180 ) ) ;
#503 = CARTESIAN_POINT ( 'NONE',  ( 4.760793459974925312, -11.31097445495040432, 6.835996293045849548 ) ) ;
#504 = CARTESIAN_POINT ( 'NONE',  ( 9.922126372418185625, -12.00000000001456613, 13.07464572293900495 ) ) ;
#505 = CARTESIAN_POINT ( 'NONE',  ( -59.86823401906352160, -77.08191816875500990, -8.792088883919705111 ) ) ;
#506 = AXIS2_PLACEMENT_3D ( 'NONE', #6659, #7350, #1100 ) ;
#507 = CARTESIAN_POINT ( 'NONE',  ( -19.33432426545548566, -123.5711946597794082, 1.631920158296865653 ) ) ;
#508 = VERTEX_POINT ( 'NONE', #8622 ) ;
#509 = CARTESIAN_POINT ( 'NONE',  ( -9.209346885910026259, -74.48290312705158556, -9.032678436972419789 ) ) ;
#510 = CARTESIAN_POINT ( 'NONE',  ( -6.518877012744056287, -55.14077117312763221, -9.767808736501166322 ) ) ;
#511 = ORIENTED_EDGE ( 'NONE', *, *, #6154, .T. ) ;
#512 = CARTESIAN_POINT ( 'NONE',  ( -61.72473494904043889, -79.67812862142328356, -5.815932732468130695 ) ) ;
#513 = DIRECTION ( 'NONE',  ( 1.000000000000000000, 0.000000000000000000, 0.000000000000000000 ) ) ;
#514 = CARTESIAN_POINT ( 'NONE',  ( -1.543114175524561427, -21.53302855029437879, -6.922477607397319765 ) ) ;
#515 = VECTOR ( 'NONE', #3460, 999.9999999999998863 ) ;
#516 = CARTESIAN_POINT ( 'NONE',  ( -64.95789277071031620, -13.52464421413870532, 1.122821582498102488 ) ) ;
#517 = DIRECTION ( 'NONE',  ( -0.000000000000000000, -0.000000000000000000, 1.000000000000000000 ) ) ;
#518 = EDGE_LOOP ( 'NONE', ( #1640, #431, #4679, #2470 ) ) ;
#519 = CARTESIAN_POINT ( 'NONE',  ( -60.46892967914160266, -21.88924571495520155, -5.959743303269770642 ) ) ;
#520 = DIRECTION ( 'NONE',  ( -0.000000000000000000, -0.000000000000000000, 1.000000000000000000 ) ) ;
#521 = ADVANCED_FACE ( 'NONE', ( #5107, #7853, #186, #5153, #8581, #2371 ), #7943, .F. ) ;
#522 = CARTESIAN_POINT ( 'NONE',  ( -4.147103439671801617, -23.82362458847989117, -6.397591608822354559 ) ) ;
#523 = CARTESIAN_POINT ( 'NONE',  ( -33.75800448670126741, -114.8580868800252404, -1.588117151043349606 ) ) ;
#524 = ORIENTED_EDGE ( 'NONE', *, *, #5649, .F. ) ;
#525 = ORIENTED_EDGE ( 'NONE', *, *, #1742, .T. ) ;
#526 = CARTESIAN_POINT ( 'NONE',  ( -61.48864969301784100, -47.82020756118341609, -7.898808008963934313 ) ) ;
#527 = CARTESIAN_POINT ( 'NONE',  ( -35.24065965261542033, 7.492195110484087373, -10.61715695398067183 ) ) ;
#528 = VECTOR ( 'NONE', #3953, 1000.000000000000000 ) ;
#529 = VERTEX_POINT ( 'NONE', #2284 ) ;
#530 = CARTESIAN_POINT ( 'NONE',  ( -7.564715715945895980, -74.37817338962004499, -10.15583594429534031 ) ) ;
#531 = LINE ( 'NONE', #8922, #8491 ) ;
#532 = ORIENTED_EDGE ( 'NONE', *, *, #8624, .T. ) ;
#533 = ADVANCED_FACE ( 'NONE', ( #5199 ), #7254, .F. ) ;
#534 = EDGE_CURVE ( 'NONE', #1594, #1262, #907, .T. ) ;
#535 = CARTESIAN_POINT ( 'NONE',  ( -3.840752398224882125, -22.27246901590288886, -6.122012252293969503 ) ) ;
#536 = CARTESIAN_POINT ( 'NONE',  ( -61.75783112870981739, -76.72546861215381853, -7.736048776098432000 ) ) ;
#537 = ORIENTED_EDGE ( 'NONE', *, *, #4702, .F. ) ;
#538 = AXIS2_PLACEMENT_3D ( 'NONE', #789, #1566, #6489 ) ;
#539 = CARTESIAN_POINT ( 'NONE',  ( -32.10800448670127594, -38.17822028544185997, 1.411882848956637293 ) ) ;
#540 = DIRECTION ( 'NONE',  ( 0.000000000000000000, 0.000000000000000000, -1.000000000000000000 ) ) ;
#541 = CARTESIAN_POINT ( 'NONE',  ( -60.35347952362491242, -31.43227590607191502, -6.166663595417412935 ) ) ;
#542 = ORIENTED_EDGE ( 'NONE', *, *, #764, .T. ) ;
#543 = DIRECTION ( 'NONE',  ( 1.000000000000000000, 0.000000000000000000, 0.000000000000000000 ) ) ;
#544 = DIRECTION ( 'NONE',  ( -1.000000000000000000, -0.000000000000000000, -0.000000000000000000 ) ) ;
#545 = CARTESIAN_POINT ( 'NONE',  ( -3.237203331786259408, -35.21578737262929337, -5.779369278613589067 ) ) ;
#546 = ADVANCED_FACE ( 'NONE', ( #3740 ), #5925, .F. ) ;
#547 = CARTESIAN_POINT ( 'NONE',  ( -55.14234696171295980, 5.447805946564098889, 6.033735940512979568 ) ) ;
#548 = DIRECTION ( 'NONE',  ( 0.000000000000000000, 0.000000000000000000, -1.000000000000000000 ) ) ;
#549 = CARTESIAN_POINT ( 'NONE',  ( 4.692093858681706919, -11.39180277097737815, 6.526233701171623380 ) ) ;
#550 = CARTESIAN_POINT ( 'NONE',  ( -3.994740162945300543, -30.83294044579698223, -6.306292220249222424 ) ) ;
#551 = CARTESIAN_POINT ( 'NONE',  ( -40.07650333979775326, -38.17822028544185997, 18.41188284895663685 ) ) ;
#552 = DIRECTION ( 'NONE',  ( -1.000000000000000000, 0.000000000000000000, 0.000000000000000000 ) ) ;
#553 = CARTESIAN_POINT ( 'NONE',  ( 9.922126372425774221, -22.21112135110120533, 162.2921154739354677 ) ) ;
#554 = VECTOR ( 'NONE', #5079, 1000.000000000000114 ) ;
#555 = ADVANCED_FACE ( 'NONE', ( #1597 ), #3093, .F. ) ;
#556 = CARTESIAN_POINT ( 'NONE',  ( -12.21340696935053316, -69.33161080312066815, -9.735722033682680632 ) ) ;
#557 = CARTESIAN_POINT ( 'NONE',  ( -4.253336201984147635, -77.69977698074310979, -7.005758297918129429 ) ) ;
#558 = CARTESIAN_POINT ( 'NONE',  ( -66.36141148105116372, -12.60297181259113763, 2.972211136370606965 ) ) ;
#559 = VERTEX_POINT ( 'NONE', #2961 ) ;
#560 = CARTESIAN_POINT ( 'NONE',  ( -54.52284548900890826, -59.43559259618560731, -10.79244618574819192 ) ) ;
#561 = CARTESIAN_POINT ( 'NONE',  ( -44.23734198125946193, -122.9268519330911431, 0.03880739345204369667 ) ) ;
#562 = CARTESIAN_POINT ( 'NONE',  ( -10.85564202962024183, -0.1389323114339254539, 1.161391897607957358 ) ) ;
#563 = CARTESIAN_POINT ( 'NONE',  ( -2.023310974836487031, -23.73382440081631017, -7.454720946128345460 ) ) ;
#564 = CARTESIAN_POINT ( 'NONE',  ( -63.53936349261664418, -15.29440212003454214, -1.552496542542381786 ) ) ;
#565 = CARTESIAN_POINT ( 'NONE',  ( -67.55530981859570261, -8.493247064139945124, 11.62095612125018285 ) ) ;
#566 = CARTESIAN_POINT ( 'NONE',  ( 2.955102225678365002, -11.73624477055181714, 1.411882848956871772 ) ) ;
#567 = CARTESIAN_POINT ( 'NONE',  ( -59.79903432018254250, -46.62307670026071804, -6.534788435124657013 ) ) ;
#568 = DIRECTION ( 'NONE',  ( -1.000000000000000000, 0.000000000000000000, 0.000000000000000000 ) ) ;
#569 = CYLINDRICAL_SURFACE ( 'NONE', #6662, 2.000000000000001776 ) ;
#570 = ORIENTED_EDGE ( 'NONE', *, *, #8409, .F. ) ;
#571 = VERTEX_POINT ( 'NONE', #8666 ) ;
#572 = CARTESIAN_POINT ( 'NONE',  ( -36.03276643775625132, 5.788224808043382019, -10.60011618751021167 ) ) ;
#573 = VERTEX_POINT ( 'NONE', #7989 ) ;
#574 = CARTESIAN_POINT ( 'NONE',  ( -6.231456390650309096, -75.65123923931305683, -9.651874469615320251 ) ) ;
#575 = CARTESIAN_POINT ( 'NONE',  ( -61.87516640483588048, -27.47449488090803982, -7.662859020411601385 ) ) ;
#576 = ORIENTED_EDGE ( 'NONE', *, *, #150, .F. ) ;
#577 = FACE_OUTER_BOUND ( 'NONE', #152, .T. ) ;
#578 = CARTESIAN_POINT ( 'NONE',  ( -60.49822687548252986, -76.25606452679588187, -8.464525639362426190 ) ) ;
#579 = ORIENTED_EDGE ( 'NONE', *, *, #8946, .F. ) ;
#580 = DIRECTION ( 'NONE',  ( -0.000000000000000000, -0.000000000000000000, 1.000000000000000000 ) ) ;
#581 = CARTESIAN_POINT ( 'NONE',  ( 1.205554961159317706, -77.43468764850349828, -5.023678439767467196 ) ) ;
#582 = ADVANCED_FACE ( 'NONE', ( #2462 ), #6611, .T. ) ;
#583 = DIRECTION ( 'NONE',  ( -1.000000000000000000, 0.000000000000000000, 0.000000000000000000 ) ) ;
#584 = EDGE_CURVE ( 'NONE', #2664, #277, #7159, .T. ) ;
#585 = ORIENTED_EDGE ( 'NONE', *, *, #8714, .T. ) ;
#586 = CARTESIAN_POINT ( 'NONE',  ( -22.66560188728132985, 38.42361690817910613, 7.189660626734410975 ) ) ;
#587 = CARTESIAN_POINT ( 'NONE',  ( -32.10800448670133278, -74.75818478260562472, 2.411882848956650172 ) ) ;
#588 = CARTESIAN_POINT ( 'NONE',  ( -51.93681995275576924, -69.07646138428683003, -9.661773180194835220 ) ) ;
#589 = CARTESIAN_POINT ( 'NONE',  ( -32.10800448670129015, 21.18739520236418272, -10.29167483725845145 ) ) ;
#590 = CARTESIAN_POINT ( 'NONE',  ( -5.086316863431563640, -5.418184342684047472, 3.635293306391431667 ) ) ;
#591 = CARTESIAN_POINT ( 'NONE',  ( -29.77218134789445614, 8.247141860790781820, -10.73586529162743197 ) ) ;
#592 = DIRECTION ( 'NONE',  ( 0.000000000000000000, 0.000000000000000000, 1.000000000000000000 ) ) ;
#593 = EDGE_CURVE ( 'NONE', #4071, #5959, #159, .T. ) ;
#594 = CARTESIAN_POINT ( 'NONE',  ( -19.36840123934046787, -3.420309395293467780, -8.862765425244372608 ) ) ;
#595 = DIRECTION ( 'NONE',  ( 0.000000000000000000, -0.000000000000000000, 1.000000000000000000 ) ) ;
#596 = CARTESIAN_POINT ( 'NONE',  ( -58.75440487505304787, -76.35348943550336287, -9.322314059079641169 ) ) ;
#597 = CARTESIAN_POINT ( 'NONE',  ( -11.73620740754713232, -70.80605661899645042, -9.638192283734468901 ) ) ;
#598 = CARTESIAN_POINT ( 'NONE',  ( 0.7755386743739084432, -78.75817034379534221, -3.615646867042854762 ) ) ;
#599 = CARTESIAN_POINT ( 'NONE',  ( -1.510640873833354325, -32.23878824484981465, -7.126468035829610415 ) ) ;
#600 = EDGE_LOOP ( 'NONE', ( #3971, #7461, #1268, #6022, #162 ) ) ;
#601 = CARTESIAN_POINT ( 'NONE',  ( -53.06152907273521180, -65.91599056661000589, -11.11771189613837763 ) ) ;
#602 = DIRECTION ( 'NONE',  ( 1.000000000000000000, 0.000000000000000000, 0.000000000000000000 ) ) ;
#603 = CYLINDRICAL_SURFACE ( 'NONE', #710, 4.000000000000000000 ) ;
#604 = CARTESIAN_POINT ( 'NONE',  ( -29.08295747158944167, -5.484395752076604680, -11.52223254349466686 ) ) ;
#605 = CARTESIAN_POINT ( 'NONE',  ( 0.2623577657921754014, -17.15191147659976068, -4.258297267745935422 ) ) ;
#606 = EDGE_CURVE ( 'NONE', #4038, #3146, #5884, .T. ) ;
#607 = PLANE ( 'NONE',  #4321 ) ;
#608 = FACE_OUTER_BOUND ( 'NONE', #8656, .T. ) ;
#609 = ORIENTED_EDGE ( 'NONE', *, *, #6432, .T. ) ;
#610 = CARTESIAN_POINT ( 'NONE',  ( -62.04945333196120316, -17.74554891152618907, -3.896112121745197499 ) ) ;
#611 = CARTESIAN_POINT ( 'NONE',  ( -60.95218907291754817, -41.01915457047218894, -5.743242828722178395 ) ) ;
#612 = CARTESIAN_POINT ( 'NONE',  ( -32.10800448670235596, 20.00000000000003553, 26.41188284895664040 ) ) ;
#613 = CYLINDRICAL_SURFACE ( 'NONE', #6235, 1.649999999999998579 ) ;
#614 = ORIENTED_EDGE ( 'NONE', *, *, #4423, .F. ) ;
#615 = VERTEX_POINT ( 'NONE', #5063 ) ;
#616 = DIRECTION ( 'NONE',  ( -1.000000000000000000, 0.000000000000000000, 0.000000000000000000 ) ) ;
#617 = CARTESIAN_POINT ( 'NONE',  ( -8.170279091132281124, -73.66512735043853866, -10.35666093534182330 ) ) ;
#618 = CARTESIAN_POINT ( 'NONE',  ( -59.83311747935756131, -26.59457326167969526, -6.477278510209281137 ) ) ;
#619 = EDGE_LOOP ( 'NONE', ( #6183, #2179 ) ) ;
#620 = CARTESIAN_POINT ( 'NONE',  ( -3.510429684273010942, -21.05539170523300285, -5.756619529808214786 ) ) ;
#621 = AXIS2_PLACEMENT_3D ( 'NONE', #938, #3718, #2349 ) ;
#622 = FACE_OUTER_BOUND ( 'NONE', #8059, .T. ) ;
#623 = AXIS2_PLACEMENT_3D ( 'NONE', #3850, #6634, #981 ) ;
#624 = ORIENTED_EDGE ( 'NONE', *, *, #7581, .T. ) ;
#625 = CYLINDRICAL_SURFACE ( 'NONE', #5972, 28.99999999999831246 ) ;
#626 = CARTESIAN_POINT ( 'NONE',  ( -17.10800448670129015, 28.00000000000000000, 25.11188284895654732 ) ) ;
#627 = VECTOR ( 'NONE', #3839, 1000.000000000000000 ) ;
#628 = LINE ( 'NONE', #8115, #1982 ) ;
#629 = ORIENTED_EDGE ( 'NONE', *, *, #4832, .F. ) ;
#630 = CARTESIAN_POINT ( 'NONE',  ( -74.03759916955614528, -12.05703261644634949, 11.73329105864648270 ) ) ;
#631 = AXIS2_PLACEMENT_3D ( 'NONE', #5237, #3083, #5871 ) ;
#632 = CARTESIAN_POINT ( 'NONE',  ( -66.57937556913876165, -13.98527112699968278, -0.2501661401582300770 ) ) ;
#633 = DIRECTION ( 'NONE',  ( 0.000000000000000000, 0.000000000000000000, -1.000000000000000000 ) ) ;
#634 = ADVANCED_FACE ( 'NONE', ( #4387 ), #910, .F. ) ;
#635 = CARTESIAN_POINT ( 'NONE',  ( -55.37774545280604599, 5.889974116214385269, 7.044521472330828260 ) ) ;
#636 = EDGE_CURVE ( 'NONE', #3438, #5289, #4430, .T. ) ;
#637 = CIRCLE ( 'NONE', #1954, 1.825000000000000178 ) ;
#638 = CARTESIAN_POINT ( 'NONE',  ( -32.10800448670127594, -54.17822028544186708, -13.22822741526793955 ) ) ;
#639 = CIRCLE ( 'NONE', #2099, 1.649999999999998579 ) ;
#640 = CARTESIAN_POINT ( 'NONE',  ( 4.120517620444305251, -9.065675210361369807, 12.57317003358150131 ) ) ;
#641 = CARTESIAN_POINT ( 'NONE',  ( -2.302451495426839578, -27.15376221795343525, -7.638939552859341120 ) ) ;
#642 = CARTESIAN_POINT ( 'NONE',  ( -17.08827722967109253, -2.109831516720142908, -7.364408691898551851 ) ) ;
#643 = CARTESIAN_POINT ( 'NONE',  ( -74.13813534582835985, -76.75818478260556788, 26.41188284895664040 ) ) ;
#644 = CIRCLE ( 'NONE', #6738, 3.999999999986288746 ) ;
#645 = CARTESIAN_POINT ( 'NONE',  ( -55.55801036678380456, -73.15918606649282196, -10.50706310339077376 ) ) ;
#646 = CARTESIAN_POINT ( 'NONE',  ( -11.65630440643215771, -59.90097392721720837, -9.621062458552794183 ) ) ;
#647 = EDGE_CURVE ( 'NONE', #4361, #5902, #7880, .T. ) ;
#648 = CARTESIAN_POINT ( 'NONE',  ( -3.963688991750126345, -77.81135282145235976, -6.851589363086781681 ) ) ;
#649 = EDGE_CURVE ( 'NONE', #2483, #8556, #7235, .T. ) ;
#650 = VECTOR ( 'NONE', #6031, 1000.000000000000114 ) ;
#651 = CARTESIAN_POINT ( 'NONE',  ( -1.901850849317365810, -45.37387869136168916, -7.384133903375510677 ) ) ;
#652 = VERTEX_POINT ( 'NONE', #4062 ) ;
#653 = CARTESIAN_POINT ( 'NONE',  ( -53.37318402165200837, -68.31992444941882070, -11.05565654163001099 ) ) ;
#654 = CARTESIAN_POINT ( 'NONE',  ( -44.69019261428051237, -123.3797025661134938, 0.9166147309067410598 ) ) ;
#655 = CARTESIAN_POINT ( 'NONE',  ( -41.09358867808181515, -29.19263609406135629, 18.41188284895663685 ) ) ;
#656 = CARTESIAN_POINT ( 'NONE',  ( -41.09358867808099092, -47.16380447682146837, 18.41188284895663685 ) ) ;
#657 = DIRECTION ( 'NONE',  ( -0.8583439052881717268, -0.5130747901180198189, -0.000000000000000000 ) ) ;
#658 = DIRECTION ( 'NONE',  ( 0.000000000000000000, 0.000000000000000000, -1.000000000000000000 ) ) ;
#659 = AXIS2_PLACEMENT_3D ( 'NONE', #8143, #3298, #6221 ) ;
#660 = CARTESIAN_POINT ( 'NONE',  ( -42.93356296991329657, -123.6230729217454041, 2.411882848956650172 ) ) ;
#661 = CYLINDRICAL_SURFACE ( 'NONE', #7984, 2.149999999999999023 ) ;
#662 = EDGE_CURVE ( 'NONE', #2175, #5077, #4657, .T. ) ;
#663 = CARTESIAN_POINT ( 'NONE',  ( -5.551201038629054452, -53.71638542787201942, -9.364313168034810175 ) ) ;
#664 = ORIENTED_EDGE ( 'NONE', *, *, #712, .T. ) ;
#665 = ORIENTED_EDGE ( 'NONE', *, *, #6942, .T. ) ;
#666 = FACE_OUTER_BOUND ( 'NONE', #7556, .T. ) ;
#667 = CARTESIAN_POINT ( 'NONE',  ( -5.707218324836223822, -78.15461169983223044, -7.651078672886643339 ) ) ;
#668 = CARTESIAN_POINT ( 'NONE',  ( -59.84009772155753382, -26.28861476351239901, -6.473223271571820092 ) ) ;
#669 = VECTOR ( 'NONE', #8016, 1000.000000000000000 ) ;
#670 = ORIENTED_EDGE ( 'NONE', *, *, #2102, .F. ) ;
#671 = CARTESIAN_POINT ( 'NONE',  ( -3.256845496555395236, -20.27828498907177490, -5.451387733658950019 ) ) ;
#672 = CARTESIAN_POINT ( 'NONE',  ( 2.423901390178966331, -12.47235209004137602, 3.219306521203746385 ) ) ;
#673 = ORIENTED_EDGE ( 'NONE', *, *, #5086, .F. ) ;
#674 = CARTESIAN_POINT ( 'NONE',  ( -5.591025987999211466, -75.28945165821689045, -9.379875448456461484 ) ) ;
#675 = ORIENTED_EDGE ( 'NONE', *, *, #3371, .T. ) ;
#676 = CARTESIAN_POINT ( 'NONE',  ( 0.4756810109447593415, -13.83311594803764955, 1.886622454739337540 ) ) ;
#677 = CIRCLE ( 'NONE', #5473, 32.56822603139654149 ) ;
#678 = ORIENTED_EDGE ( 'NONE', *, *, #4058, .T. ) ;
#679 = CARTESIAN_POINT ( 'NONE',  ( -44.68515999990541587, -71.48596535551243392, -1.588117151043349606 ) ) ;
#680 = CARTESIAN_POINT ( 'NONE',  ( -53.61624444027481218, -72.91182121696176921, -9.415329053987681718 ) ) ;
#681 = CARTESIAN_POINT ( 'NONE',  ( -3.108908960666010746, -37.40693894201857717, -5.683714756374635080 ) ) ;
#682 = AXIS2_PLACEMENT_3D ( 'NONE', #780, #3562, #5790 ) ;
#683 = DIRECTION ( 'NONE',  ( -1.000000000000000000, 0.000000000000000000, 0.000000000000000000 ) ) ;
#684 = CARTESIAN_POINT ( 'NONE',  ( -21.18084897349712747, -71.48596535551243392, 26.41188284895664040 ) ) ;
#685 = B_SPLINE_CURVE_WITH_KNOTS ( 'NONE', 3,
 ( #6494, #119, #4912, #7133, #2894, #8426, #250, #880, #7702, #7005, #8464, #3661, #6448, #206, #752, #5759 ),
 .UNSPECIFIED., .F., .F.,
 ( 4, 2, 2, 2, 2, 2, 2, 4 ),
 ( 0.000000000000000000, 0.2500000000000000000, 0.5000000000000000000, 0.6250000000000000000, 0.7500000000000000000, 0.8125000000000001110, 0.8750000000000000000, 1.000000000000000000 ),
 .UNSPECIFIED. ) ;
#686 = CARTESIAN_POINT ( 'NONE',  ( -44.93356296991329657, -78.75818478260570998, 2.411882848956650172 ) ) ;
#687 = PLANE ( 'NONE',  #3264 ) ;
#688 = CARTESIAN_POINT ( 'NONE',  ( -33.10809269280864697, -5.451557398092786499, -11.58811715104335072 ) ) ;
#689 = CYLINDRICAL_SURFACE ( 'NONE', #7640, 4.999999999999976907 ) ;
#690 = CARTESIAN_POINT ( 'NONE',  ( -11.45761454139757873, -59.42640915492714981, -9.577463566497121050 ) ) ;
#691 = DIRECTION ( 'NONE',  ( -0.000000000000000000, -0.000000000000000000, 1.000000000000000000 ) ) ;
#692 = CARTESIAN_POINT ( 'NONE',  ( -1.123169175419406418, -41.14534038287726503, -6.856839505630408560 ) ) ;
#693 = ORIENTED_EDGE ( 'NONE', *, *, #7884, .F. ) ;
#694 = CARTESIAN_POINT ( 'NONE',  ( -53.55906138811092632, -73.05245107951553507, -9.302291975166655291 ) ) ;
#695 = DIRECTION ( 'NONE',  ( 1.000000000000000000, 0.000000000000000000, 0.000000000000000000 ) ) ;
#696 = CARTESIAN_POINT ( 'NONE',  ( -45.91220209187457613, 27.49004251890308481, 26.41188284895664040 ) ) ;
#697 = DIRECTION ( 'NONE',  ( -0.000000000000000000, -1.000000000000000000, -0.000000000000000000 ) ) ;
#698 = CARTESIAN_POINT ( 'NONE',  ( -63.07419841514612102, -15.98256185825666265, -2.321998158485651942 ) ) ;
#699 = EDGE_CURVE ( 'NONE', #4532, #1142, #639, .T. ) ;
#700 = CIRCLE ( 'NONE', #1564, 28.99999999999831246 ) ;
#701 = DIRECTION ( 'NONE',  ( 1.000000000000000000, 0.000000000000000000, 0.000000000000000000 ) ) ;
#702 = EDGE_CURVE ( 'NONE', #3525, #116, #7485, .T. ) ;
#703 = VERTEX_POINT ( 'NONE', #6839 ) ;
#704 = CARTESIAN_POINT ( 'NONE',  ( -3.111521141349849362, -38.52641384317708884, -5.685674305481643209 ) ) ;
#705 = CARTESIAN_POINT ( 'NONE',  ( -53.84874522143053355, -69.93490645614079426, -10.95328344957054512 ) ) ;
#706 = CARTESIAN_POINT ( 'NONE',  ( -4.403257782088053851, -51.74792756167368424, -8.821448826686580702 ) ) ;
#707 = AXIS2_PLACEMENT_3D ( 'NONE', #977, #384, #8007 ) ;
#708 = ORIENTED_EDGE ( 'NONE', *, *, #8726, .F. ) ;
#709 = EDGE_LOOP ( 'NONE', ( #4956, #6052, #624, #2887, #6518 ) ) ;
#710 = AXIS2_PLACEMENT_3D ( 'NONE', #1927, #1836, #4806 ) ;
#711 = CARTESIAN_POINT ( 'NONE',  ( -61.07748625117606878, -39.36328443377539799, -5.650995022166934945 ) ) ;
#712 = EDGE_CURVE ( 'NONE', #8133, #4319, #2527, .T. ) ;
#713 = CARTESIAN_POINT ( 'NONE',  ( -12.50045620506645427, -62.86628529505635044, -9.790540274920358499 ) ) ;
#714 = CARTESIAN_POINT ( 'NONE',  ( -3.469594590110614885, -20.92342301923248726, -5.708581751260571657 ) ) ;
#715 = CARTESIAN_POINT ( 'NONE',  ( 4.542190701729337476, -11.50025233557682114, 6.127855302148599748 ) ) ;
#716 = EDGE_LOOP ( 'NONE', ( #8823, #2938 ) ) ;
#717 = CARTESIAN_POINT ( 'NONE',  ( 1.708896898899207706, -77.45817159515885919, -4.564464220516546433 ) ) ;
#718 = ORIENTED_EDGE ( 'NONE', *, *, #3255, .T. ) ;
#719 = CARTESIAN_POINT ( 'NONE',  ( -3.264876122840135508, -76.43828302856942969, -8.212270845797890573 ) ) ;
#720 = ADVANCED_FACE ( 'NONE', ( #2598 ), #1237, .F. ) ;
#721 = EDGE_LOOP ( 'NONE', ( #2467, #585, #46, #2968 ) ) ;
#722 = CARTESIAN_POINT ( 'NONE',  ( -67.75727593822450956, -23.32489450897029926, -2.684639332162016334 ) ) ;
#723 = CARTESIAN_POINT ( 'NONE',  ( -31.10791628059424241, -5.451557398092794493, -11.58811715104334361 ) ) ;
#724 = PLANE ( 'NONE',  #3849 ) ;
#725 = ORIENTED_EDGE ( 'NONE', *, *, #5093, .F. ) ;
#726 = CARTESIAN_POINT ( 'NONE',  ( -58.84847104161213593, -75.42296618866942026, -9.280112190864176824 ) ) ;
#727 = CARTESIAN_POINT ( 'NONE',  ( 2.377220685479912721, -14.11600705172761927, -0.3453532993167532927 ) ) ;
#728 = CARTESIAN_POINT ( 'NONE',  ( -35.29483057715452077, 22.43182193565424143, -7.936094513188876043 ) ) ;
#729 = CARTESIAN_POINT ( 'NONE',  ( -26.59789966375754133, -32.66811546249819997, -13.22822741526793955 ) ) ;
#730 = CARTESIAN_POINT ( 'NONE',  ( -48.36976717900618183, -79.31036231487702537, 25.96091318491692945 ) ) ;
#731 = CARTESIAN_POINT ( 'NONE',  ( -54.25351523273054255, -70.92437123006136801, -10.85900152376831862 ) ) ;
#732 = DIRECTION ( 'NONE',  ( -0.000000000000000000, -0.000000000000000000, 1.000000000000000000 ) ) ;
#733 = FACE_OUTER_BOUND ( 'NONE', #456, .T. ) ;
#734 = ORIENTED_EDGE ( 'NONE', *, *, #4282, .F. ) ;
#735 = CARTESIAN_POINT ( 'NONE',  ( 9.173562416004470421, -79.31036231487702537, 25.96091318491692945 ) ) ;
#736 = CARTESIAN_POINT ( 'NONE',  ( -53.31399358223294627, -72.62448296172699713, -9.363264265418168364 ) ) ;
#737 = CARTESIAN_POINT ( 'NONE',  ( -42.83141517727216296, -123.4187773364635632, 1.123020206717642244 ) ) ;
#738 = CARTESIAN_POINT ( 'NONE',  ( -36.10800448668869933, 4.735089237722153399, -10.69540252541031222 ) ) ;
#739 = CARTESIAN_POINT ( 'NONE',  ( -27.70603915080918611, -5.495103243850792296, -11.40184270397205957 ) ) ;
#740 = APPLICATION_PROTOCOL_DEFINITION ( 'draft international standard', 'automotive_design', 1998, #465 ) ;
#741 = CARTESIAN_POINT ( 'NONE',  ( -35.90369651017132924, 18.71234582206448138, -8.606239190154166607 ) ) ;
#742 = ORIENTED_EDGE ( 'NONE', *, *, #4218, .F. ) ;
#743 = CARTESIAN_POINT ( 'NONE',  ( -9.444327169886337359, -56.09745459949873236, -9.053057111121699307 ) ) ;
#744 = CARTESIAN_POINT ( 'NONE',  ( -53.30800288408850918, -62.88410791760916396, -11.06903442228469814 ) ) ;
#745 = CARTESIAN_POINT ( 'NONE',  ( -0.9860077605975294812, -39.40727857766076170, -6.759702455004356736 ) ) ;
#746 = ADVANCED_FACE ( 'NONE', ( #5336 ), #410, .F. ) ;
#747 = VERTEX_POINT ( 'NONE', #8081 ) ;
#748 =( BOUNDED_SURFACE ( )  B_SPLINE_SURFACE ( 3, 2, ( 
 ( #5559, #3416, #5375 ),
 ( #8166, #4153, #1911 ),
 ( #1280, #8352, #6838 ),
 ( #6978, #2685, #2096 ),
 ( #2052, #589, #8260 ),
 ( #6249, #7617, #6200 ),
 ( #6794, #8889, #2595 ),
 ( #8212, #5420, #1233 ) ),
 .UNSPECIFIED., .F., .F., .T. ) 
 B_SPLINE_SURFACE_WITH_KNOTS ( ( 4, 2, 2, 4 ),
 ( 3, 3 ),
 ( 7.081468774623276730, 7.211179210465093803, 7.340889646306910876, 7.600310517990545023 ),
 ( 0.000000000000000000, 1.000000000000000000 ),
 .UNSPECIFIED. ) 
 GEOMETRIC_REPRESENTATION_ITEM ( )  RATIONAL_B_SPLINE_SURFACE ( (
 ( 1.000000000000000000, 0.7667079908046987580, 1.000000000000000000),
 ( 1.000000000000000000, 0.7905614601579902256, 1.000000000000000000),
 ( 1.000000000000000000, 0.8132041165520600412, 1.000000000000000000),
 ( 1.000000000000000000, 0.8552851261286547047, 1.000000000000000000),
 ( 1.000000000000000000, 0.8747217550264771990, 1.000000000000000000),
 ( 1.000000000000000000, 0.9273259202151332703, 1.000000000000000000),
 ( 1.000000000000000000, 0.9547572512296752523, 1.000000000000000000),
 ( 1.000000000000000000, 0.9729906832995124377, 1.000000000000000000) ) ) 
 REPRESENTATION_ITEM ( '' )  SURFACE ( )  );
#749 = EDGE_CURVE ( 'NONE', #878, #1583, #5803, .T. ) ;
#750 = CARTESIAN_POINT ( 'NONE',  ( -59.07395839900814138, -48.67733033428735467, -6.982770109739177222 ) ) ;
#751 = CARTESIAN_POINT ( 'NONE',  ( -12.21340696935053316, -69.33161080312066815, -9.735722033682680632 ) ) ;
#752 = CARTESIAN_POINT ( 'NONE',  ( -1.853867951405576253, -30.83693536757482079, -7.352405506044886074 ) ) ;
#753 = CARTESIAN_POINT ( 'NONE',  ( -59.66792187128439195, -75.87071156761966506, -8.893913800056326480 ) ) ;
#754 = ORIENTED_EDGE ( 'NONE', *, *, #81, .T. ) ;
#755 = EDGE_CURVE ( 'NONE', #2346, #6540, #7491, .T. ) ;
#756 = CARTESIAN_POINT ( 'NONE',  ( -7.159644731970272957, -74.18410202808223630, -10.01112467229481950 ) ) ;
#757 = VERTEX_POINT ( 'NONE', #501 ) ;
#758 = DIRECTION ( 'NONE',  ( -0.7570713747888904166, 0.6533321769783418942, 0.000000000000000000 ) ) ;
#759 = EDGE_LOOP ( 'NONE', ( #8512, #6826 ) ) ;
#760 = FACE_BOUND ( 'NONE', #994, .T. ) ;
#761 = CARTESIAN_POINT ( 'NONE',  ( -53.78735665113625686, -73.13142020781421593, -9.372314948908535115 ) ) ;
#762 = DIRECTION ( 'NONE',  ( 0.000000000000000000, 0.000000000000000000, 1.000000000000000000 ) ) ;
#763 = ORIENTED_EDGE ( 'NONE', *, *, #479, .F. ) ;
#764 = EDGE_CURVE ( 'NONE', #3497, #878, #8639, .T. ) ;
#765 = CIRCLE ( 'NONE', #3529, 1.649999999999998579 ) ;
#766 = CARTESIAN_POINT ( 'NONE',  ( -61.05651197851153000, -76.47878710242856926, -8.152287229233889931 ) ) ;
#767 = AXIS2_PLACEMENT_3D ( 'NONE', #2416, #5200, #3007 ) ;
#768 = DIRECTION ( 'NONE',  ( -0.000000000000000000, -0.000000000000000000, 1.000000000000000000 ) ) ;
#769 = CARTESIAN_POINT ( 'NONE',  ( -33.88725879589421197, 23.59221714674526282, -7.991540436460052632 ) ) ;
#770 = DIRECTION ( 'NONE',  ( 1.000000000000000000, 0.000000000000000000, 0.000000000000000000 ) ) ;
#771 = CARTESIAN_POINT ( 'NONE',  ( -32.99852145711139428, -9.018100704356692532, -8.851126375469892338 ) ) ;
#772 = VECTOR ( 'NONE', #6835, 1000.000000000000000 ) ;
#773 = CARTESIAN_POINT ( 'NONE',  ( -9.180482854754879796, 5.159174909417621357, 5.613198364302436794 ) ) ;
#774 = VERTEX_POINT ( 'NONE', #2100 ) ;
#775 = CARTESIAN_POINT ( 'NONE',  ( -54.47080667767529860, -74.42492367537229825, -9.056653232317248836 ) ) ;
#776 = DIRECTION ( 'NONE',  ( 1.000000000000000000, 0.000000000000000000, 0.000000000000000000 ) ) ;
#777 = DIRECTION ( 'NONE',  ( -0.000000000000000000, -0.000000000000000000, 1.000000000000000000 ) ) ;
#778 = CARTESIAN_POINT ( 'NONE',  ( -26.51873202376660998, -9.150281764037604404, -8.513515854978020769 ) ) ;
#779 = VECTOR ( 'NONE', #1595, 999.9999999999998863 ) ;
#780 = CARTESIAN_POINT ( 'NONE',  ( 0.000000000000000000, 0.000000000000000000, 0.000000000000000000 ) ) ;
#781 = CARTESIAN_POINT ( 'NONE',  ( -29.23001667284871985, 27.99999999999999645, -6.302786940251484893 ) ) ;
#782 = CARTESIAN_POINT ( 'NONE',  ( -3.137559100684463420, -39.34261759628620325, -5.705167706756933299 ) ) ;
#783 = CARTESIAN_POINT ( 'NONE',  ( -53.06152907273521180, -65.91599056661000589, -11.11771189613837763 ) ) ;
#784 = CARTESIAN_POINT ( 'NONE',  ( -1.041686574380300545, -40.27986460787065681, -6.799295142565108030 ) ) ;
#785 = DIRECTION ( 'NONE',  ( -1.000000000000000000, 1.734723475976799403E-15, -0.000000000000000000 ) ) ;
#786 = ORIENTED_EDGE ( 'NONE', *, *, #1261, .F. ) ;
#787 = CARTESIAN_POINT ( 'NONE',  ( -12.68477732587505180, -2.258506430399183529, 1.463513213487605658 ) ) ;
#788 = AXIS2_PLACEMENT_3D ( 'NONE', #1300, #5534, #7643 ) ;
#789 = CARTESIAN_POINT ( 'NONE',  ( -32.10800448670235596, 20.00000000000003553, -6.588117151043349828 ) ) ;
#790 = ORIENTED_EDGE ( 'NONE', *, *, #5931, .F. ) ;
#791 = CARTESIAN_POINT ( 'NONE',  ( -11.85485084192902505, -70.48428316292616103, -9.663211335392691836 ) ) ;
#792 = ADVANCED_FACE ( 'NONE', ( #4157 ), #1372, .F. ) ;
#793 =( BOUNDED_CURVE ( )  B_SPLINE_CURVE ( 3, ( #2573, #4766, #7505, #7458 ),
 .UNSPECIFIED., .F., .F. ) 
 B_SPLINE_CURVE_WITH_KNOTS ( ( 4, 4 ),
 ( 3.141592653589793116, 4.712388980384689674 ),
 .UNSPECIFIED. ) 
 CURVE ( )  GEOMETRIC_REPRESENTATION_ITEM ( )  RATIONAL_B_SPLINE_CURVE ( ( 1.000000000000000000, 0.8047378541243649375, 0.8047378541243649375, 1.000000000000000000 ) ) 
 REPRESENTATION_ITEM ( '' )  );
#794 = CARTESIAN_POINT ( 'NONE',  ( -27.87502315639937223, -44.97665716882289644, 1.411882848956637293 ) ) ;
#795 = CARTESIAN_POINT ( 'NONE',  ( -56.27129010348988913, -73.50293576256935069, -10.28448981637644621 ) ) ;
#796 = ORIENTED_EDGE ( 'NONE', *, *, #1309, .T. ) ;
#797 = CARTESIAN_POINT ( 'NONE',  ( -7.372493528370870131, -76.00984567025632543, -8.406983605219210176 ) ) ;
#798 = ORIENTED_EDGE ( 'NONE', *, *, #314, .F. ) ;
#799 = DIRECTION ( 'NONE',  ( 0.7071067811865493491, 7.548521435979451649E-15, -0.7071067811865456854 ) ) ;
#800 = EDGE_LOOP ( 'NONE', ( #6673, #3322 ) ) ;
#801 = AXIS2_PLACEMENT_3D ( 'NONE', #5768, #6640, #8060 ) ;
#802 = FACE_OUTER_BOUND ( 'NONE', #208, .T. ) ;
#803 = ADVANCED_FACE ( 'NONE', ( #4927 ), #2784, .T. ) ;
#804 = DIRECTION ( 'NONE',  ( -1.000000000000000000, 0.000000000000000000, 0.000000000000000000 ) ) ;
#805 = CYLINDRICAL_SURFACE ( 'NONE', #8381, 3.500000000000003109 ) ;
#806 = ADVANCED_FACE ( 'NONE', ( #7715 ), #3507, .F. ) ;
#807 = VERTEX_POINT ( 'NONE', #4964 ) ;
#808 = CIRCLE ( 'NONE', #4903, 2.000000000000001776 ) ;
#809 = VECTOR ( 'NONE', #633, 1000.000000000000000 ) ;
#810 = CARTESIAN_POINT ( 'NONE',  ( -61.09646280565309695, -78.09824176176756794, -6.376614541721488116 ) ) ;
#811 = DIRECTION ( 'NONE',  ( -0.000000000000000000, -0.000000000000000000, 1.000000000000000000 ) ) ;
#812 = DIRECTION ( 'NONE',  ( 0.000000000000000000, 0.000000000000000000, -1.000000000000000000 ) ) ;
#813 = CARTESIAN_POINT ( 'NONE',  ( 4.272195746715808262, -23.19731156040744580, -1.807565477733849679 ) ) ;
#814 = VECTOR ( 'NONE', #3753, 1000.000000000000000 ) ;
#815 = CARTESIAN_POINT ( 'NONE',  ( -30.45800448670127025, -84.85808688002525457, -1.588117151043349606 ) ) ;
#816 = EDGE_CURVE ( 'NONE', #7415, #1487, #5643, .T. ) ;
#817 = CARTESIAN_POINT ( 'NONE',  ( -12.28911708298917027, -61.86305466422457044, -9.750563283205163856 ) ) ;
#818 = CARTESIAN_POINT ( 'NONE',  ( -62.65833186153550827, -32.26049722299500644, -7.158209828104401318 ) ) ;
#819 = ORIENTED_EDGE ( 'NONE', *, *, #8116, .T. ) ;
#820 = CARTESIAN_POINT ( 'NONE',  ( -51.52687871339737313, -64.45345404934187172, -9.737367730416785605 ) ) ;
#821 = LINE ( 'NONE', #8533, #4115 ) ;
#822 = DIRECTION ( 'NONE',  ( 0.000000000000000000, 0.000000000000000000, -1.000000000000000000 ) ) ;
#823 = CARTESIAN_POINT ( 'NONE',  ( -29.57387815432574385, -9.115357512064434786, -8.792177366502492930 ) ) ;
#824 = CARTESIAN_POINT ( 'NONE',  ( -31.83366128910495618, 16.00709757030590552, -9.908897289663396890 ) ) ;
#825 = EDGE_CURVE ( 'NONE', #3216, #5504, #1730, .T. ) ;
#826 = CARTESIAN_POINT ( 'NONE',  ( -59.83311748020837229, -26.89975953667176967, -6.477278502192550746 ) ) ;
#827 = CARTESIAN_POINT ( 'NONE',  ( -8.780679854881439539, -55.23549672650678133, -8.813074087890665709 ) ) ;
#828 = ORIENTED_EDGE ( 'NONE', *, *, #970, .T. ) ;
#829 = CARTESIAN_POINT ( 'NONE',  ( -53.69798992117873837, -69.49895338143792856, -10.98674378397888773 ) ) ;
#830 = DIRECTION ( 'NONE',  ( 0.7570713747888904166, 0.6533321769783418942, 0.000000000000000000 ) ) ;
#831 = EDGE_LOOP ( 'NONE', ( #2122, #297, #5641, #2813 ) ) ;
#832 = VECTOR ( 'NONE', #8659, 1000.000000000000000 ) ;
#833 = VECTOR ( 'NONE', #6582, 1000.000000000000000 ) ;
#834 = CARTESIAN_POINT ( 'NONE',  ( -57.21941399112774462, -52.54979622663734062, -7.980627068222926113 ) ) ;
#835 = CARTESIAN_POINT ( 'NONE',  ( -32.10800448670241281, 5.000000000000024869, -6.588117151043349828 ) ) ;
#836 = ORIENTED_EDGE ( 'NONE', *, *, #351, .T. ) ;
#837 = CARTESIAN_POINT ( 'NONE',  ( -12.29840092715756761, -68.99856697025153096, -9.752244664980109334 ) ) ;
#838 = CARTESIAN_POINT ( 'NONE',  ( -21.28244600348924820, -123.6230729217453899, 0.06873709844903075350 ) ) ;
#839 = CARTESIAN_POINT ( 'NONE',  ( 1.611794194669982527, -12.71550936237579599, 2.666942751921892008 ) ) ;
#840 = ORIENTED_EDGE ( 'NONE', *, *, #900, .T. ) ;
#841 = CARTESIAN_POINT ( 'NONE',  ( -5.186769466974427978, -75.52700055749140517, -9.197570251205831937 ) ) ;
#842 = ORIENTED_EDGE ( 'NONE', *, *, #6374, .T. ) ;
#843 = CARTESIAN_POINT ( 'NONE',  ( 9.922126372425774221, -22.21112135110120533, 25.11188284895660061 ) ) ;
#844 = VERTEX_POINT ( 'NONE', #7019 ) ;
#845 = DIRECTION ( 'NONE',  ( 0.9198479960205461214, 0.3922749854591617846, 0.000000000000000000 ) ) ;
#846 = CARTESIAN_POINT ( 'NONE',  ( -60.75212738006128177, -14.14408268680775116, 1.411882848956637293 ) ) ;
#847 = DIRECTION ( 'NONE',  ( 0.000000000000000000, 0.000000000000000000, -1.000000000000000000 ) ) ;
#848 = ORIENTED_EDGE ( 'NONE', *, *, #8178, .F. ) ;
#849 = CARTESIAN_POINT ( 'NONE',  ( -62.53801621281494505, -78.46583232612546510, -5.472238646017146380 ) ) ;
#850 = EDGE_CURVE ( 'NONE', #1031, #6962, #4294, .T. ) ;
#851 = ADVANCED_FACE ( 'NONE', ( #2868 ), #7620, .F. ) ;
#852 = CARTESIAN_POINT ( 'NONE',  ( -36.85231544516123847, -9.191254980600234603, -8.618242868741660345 ) ) ;
#853 = VERTEX_POINT ( 'NONE', #5411 ) ;
#854 = DIRECTION ( 'NONE',  ( 0.000000000000000000, 0.000000000000000000, -1.000000000000000000 ) ) ;
#855 = FACE_OUTER_BOUND ( 'NONE', #3738, .T. ) ;
#856 = CARTESIAN_POINT ( 'NONE',  ( -64.70648434079926403, -7.876778132788770925, 26.41188284895664040 ) ) ;
#857 = FACE_OUTER_BOUND ( 'NONE', #3411, .T. ) ;
#858 = CARTESIAN_POINT ( 'NONE',  ( -63.07379817573127667, -40.86733556254976207, -6.870198387061552836 ) ) ;
#859 = ORIENTED_EDGE ( 'NONE', *, *, #7167, .F. ) ;
#860 = ADVANCED_FACE ( 'NONE', ( #622 ), #8925, .F. ) ;
#861 = CARTESIAN_POINT ( 'NONE',  ( -51.64635121841928367, -67.61207208728212947, -9.715979192723743552 ) ) ;
#862 = CARTESIAN_POINT ( 'NONE',  ( -44.93356296991329657, -84.66139933366409309, 21.59066045713901616 ) ) ;
#863 = CARTESIAN_POINT ( 'NONE',  ( -32.37079079127240533, 1.000000000013663515, -11.52316306906857868 ) ) ;
#864 = CARTESIAN_POINT ( 'NONE',  ( -17.51932307604395689, -2.390299331145886885, -7.689305858209202427 ) ) ;
#865 = DIRECTION ( 'NONE',  ( -0.000000000000000000, -0.000000000000000000, 1.000000000000000000 ) ) ;
#866 = DIRECTION ( 'NONE',  ( -1.000000000000000000, 0.000000000000000000, 0.000000000000000000 ) ) ;
#867 = DIRECTION ( 'NONE',  ( 0.000000000000000000, -1.000000000000000000, 0.000000000000000000 ) ) ;
#868 = VERTEX_POINT ( 'NONE', #6051 ) ;
#869 = CARTESIAN_POINT ( 'NONE',  ( -1.819910454041955949, -17.10157377306784099, -3.477708391966597645 ) ) ;
#870 = DIRECTION ( 'NONE',  ( -1.000000000000000000, 0.000000000000000000, 0.000000000000000000 ) ) ;
#871 = EDGE_LOOP ( 'NONE', ( #8649, #6404, #400, #2675, #6480, #2135 ) ) ;
#872 = EDGE_CURVE ( 'NONE', #3254, #6085, #4868, .T. ) ;
#873 = CARTESIAN_POINT ( 'NONE',  ( -61.43942049385474036, -47.95516697577157572, -7.928198070317055368 ) ) ;
#874 = ORIENTED_EDGE ( 'NONE', *, *, #6825, .T. ) ;
#875 = CIRCLE ( 'NONE', #441, 4.999999999999973355 ) ;
#876 = CARTESIAN_POINT ( 'NONE',  ( -59.67383540975627199, -47.01239708392538574, -6.614572727708399213 ) ) ;
#877 = CYLINDRICAL_SURFACE ( 'NONE', #89, 3.999999999986288746 ) ;
#878 = VERTEX_POINT ( 'NONE', #1950 ) ;
#879 = DIRECTION ( 'NONE',  ( -0.000000000000000000, -0.000000000000000000, -1.000000000000000000 ) ) ;
#880 = CARTESIAN_POINT ( 'NONE',  ( -2.188529624484720770, -28.85896097915195568, -7.567360615332494156 ) ) ;
#881 = CARTESIAN_POINT ( 'NONE',  ( -11.28244600348924465, -86.75818478260566735, 24.41188284895663685 ) ) ;
#882 = ORIENTED_EDGE ( 'NONE', *, *, #4676, .F. ) ;
#883 = CARTESIAN_POINT ( 'NONE',  ( -41.94080092521849679, -121.6375488323557477, -1.083262708964225274 ) ) ;
#884 = VERTEX_POINT ( 'NONE', #1270 ) ;
#885 = CARTESIAN_POINT ( 'NONE',  ( -59.98181560783972799, -24.44608550418546500, -6.390204934330144582 ) ) ;
#886 = CARTESIAN_POINT ( 'NONE',  ( -61.77031978064901097, -47.00795392376166149, -7.728017686001841469 ) ) ;
#887 = VERTEX_POINT ( 'NONE', #4094 ) ;
#888 = CARTESIAN_POINT ( 'NONE',  ( -60.35347952362491242, -31.43227590607191502, -6.166663595417412935 ) ) ;
#889 = CARTESIAN_POINT ( 'NONE',  ( 0.3236512003940434923, -6.269717348050694028, 13.83062537326690489 ) ) ;
#890 = DIRECTION ( 'NONE',  ( 1.000000000000000000, 0.000000000000000000, -0.000000000000000000 ) ) ;
#891 = ORIENTED_EDGE ( 'NONE', *, *, #7046, .T. ) ;
#892 = CARTESIAN_POINT ( 'NONE',  ( -62.18015763811946783, -76.85543682357332784, -7.470745983336477103 ) ) ;
#893 = CARTESIAN_POINT ( 'NONE',  ( -61.10800447810921554, -38.00442471284925006, -5.628329776127968032 ) ) ;
#894 = B_SPLINE_CURVE_WITH_KNOTS ( 'NONE', 3,
 ( #5290, #6014, #4563, #363, #5966, #8800 ),
 .UNSPECIFIED., .F., .F.,
 ( 4, 2, 4 ),
 ( 2.168404344971008868E-19, 0.0007603081860063170237, 0.001520616372012633831 ),
 .UNSPECIFIED. ) ;
#895 = ORIENTED_EDGE ( 'NONE', *, *, #2548, .F. ) ;
#896 = FACE_OUTER_BOUND ( 'NONE', #921, .T. ) ;
#897 = VECTOR ( 'NONE', #967, 1000.000000000000000 ) ;
#898 = CARTESIAN_POINT ( 'NONE',  ( -62.84964009235269344, -20.73018080831442234, -6.651830988673949285 ) ) ;
#899 = DIRECTION ( 'NONE',  ( 1.000000000000000000, 0.000000000000000000, 0.000000000000000000 ) ) ;
#900 = EDGE_CURVE ( 'NONE', #4140, #5724, #2671, .T. ) ;
#901 = ADVANCED_FACE ( 'NONE', ( #7469 ), #7189, .T. ) ;
#902 = CARTESIAN_POINT ( 'NONE',  ( 0.4756810109447554558, -13.83311594803765487, 0.4097513094876853446 ) ) ;
#903 = AXIS2_PLACEMENT_3D ( 'NONE', #8780, #6681, #3852 ) ;
#904 = CARTESIAN_POINT ( 'NONE',  ( -62.86530283263648755, -33.39059594853609525, -7.015659822757157826 ) ) ;
#905 = AXIS2_PLACEMENT_3D ( 'NONE', #2751, #7497, #5529 ) ;
#906 = ORIENTED_EDGE ( 'NONE', *, *, #6784, .F. ) ;
#907 = B_SPLINE_CURVE_WITH_KNOTS ( 'NONE', 3,
 ( #1778, #2326, #3783, #8034, #3141, #6564, #6427, #279, #3050, #4564 ),
 .UNSPECIFIED., .F., .F.,
 ( 4, 2, 2, 2, 4 ),
 ( 0.001363189492615553278, 0.001955625511559159081, 0.002548061530502764883, 0.003140497549446371120, 0.003732933568389976923 ),
 .UNSPECIFIED. ) ;
#908 = DIRECTION ( 'NONE',  ( -0.000000000000000000, -0.000000000000000000, 1.000000000000000000 ) ) ;
#909 = CARTESIAN_POINT ( 'NONE',  ( -32.10800448670127594, -54.17822028544186708, -13.22822741526793955 ) ) ;
#910 = CYLINDRICAL_SURFACE ( 'NONE', #1801, 3.500000000000003109 ) ;
#911 = CARTESIAN_POINT ( 'NONE',  ( -26.73695633177773345, -9.163374916332715614, -8.542013746082071535 ) ) ;
#912 = CARTESIAN_POINT ( 'NONE',  ( -32.69990819334127252, 28.00000000000000000, -6.720301294628499456 ) ) ;
#913 = AXIS2_PLACEMENT_3D ( 'NONE', #7109, #7062, #8526 ) ;
#914 = CYLINDRICAL_SURFACE ( 'NONE', #3838, 1.825000000000000178 ) ;
#915 = ADVANCED_FACE ( 'NONE', ( #3215 ), #6868, .F. ) ;
#916 = EDGE_CURVE ( 'NONE', #4865, #1748, #5491, .T. ) ;
#917 = CARTESIAN_POINT ( 'NONE',  ( 8.622126372425732654, -78.75818478260570998, 162.2921154739354677 ) ) ;
#918 = ORIENTED_EDGE ( 'NONE', *, *, #3553, .F. ) ;
#919 = CARTESIAN_POINT ( 'NONE',  ( -54.38582182716304203, -59.70825128377504143, -10.82665346533800133 ) ) ;
#920 = CARTESIAN_POINT ( 'NONE',  ( -35.08494420206545783, -9.154198561699690373, -8.769200534723752938 ) ) ;
#921 = EDGE_LOOP ( 'NONE', ( #1107, #5113, #4815, #3258 ) ) ;
#922 = VECTOR ( 'NONE', #1953, 1000.000000000000000 ) ;
#923 = LINE ( 'NONE', #5255, #3676 ) ;
#924 = VECTOR ( 'NONE', #2010, 1000.000000000000000 ) ;
#925 = CARTESIAN_POINT ( 'NONE',  ( -52.51853519727229980, -1.114434116073195424, -0.3763680163896308550 ) ) ;
#926 = DIRECTION ( 'NONE',  ( -0.9198479960205460104, 0.3922749854591618957, 0.000000000000000000 ) ) ;
#927 = ORIENTED_EDGE ( 'NONE', *, *, #8624, .F. ) ;
#928 = CARTESIAN_POINT ( 'NONE',  ( -4.219140680031634894, -78.97902429197796437, -6.919442941705818306 ) ) ;
#929 = ADVANCED_FACE ( 'NONE', ( #3315 ), #2041, .F. ) ;
#930 = CARTESIAN_POINT ( 'NONE',  ( -31.61033552911340294, -78.33140802023682170, 26.39201168071329562 ) ) ;
#931 = AXIS2_PLACEMENT_3D ( 'NONE', #3031, #3580, #2939 ) ;
#932 = LINE ( 'NONE', #6402, #554 ) ;
#933 = DIRECTION ( 'NONE',  ( 1.000000000000000000, 0.000000000000000000, 0.000000000000000000 ) ) ;
#934 = ORIENTED_EDGE ( 'NONE', *, *, #2535, .F. ) ;
#935 = CIRCLE ( 'NONE', #6034, 3.500000000000003109 ) ;
#936 = CARTESIAN_POINT ( 'NONE',  ( -62.38251891618518385, -31.13878796980499786, -7.338922577522364321 ) ) ;
#937 = ORIENTED_EDGE ( 'NONE', *, *, #1040, .F. ) ;
#938 = CARTESIAN_POINT ( 'NONE',  ( -48.13813534582836695, -78.75818478260561051, 14.41188284895664573 ) ) ;
#939 = ORIENTED_EDGE ( 'NONE', *, *, #7803, .F. ) ;
#940 = CARTESIAN_POINT ( 'NONE',  ( -11.06421834736460497, -65.90490557808654160, -11.10014011570886083 ) ) ;
#941 = CARTESIAN_POINT ( 'NONE',  ( -36.48773524355191000, -31.23303397551219263, 18.41188284895663685 ) ) ;
#942 = CARTESIAN_POINT ( 'NONE',  ( -24.75639080434266148, -5.191542944638278811, -10.90250720110380733 ) ) ;
#943 = VECTOR ( 'NONE', #7454, 1000.000000000000000 ) ;
#944 = ORIENTED_EDGE ( 'NONE', *, *, #45, .T. ) ;
#945 = CARTESIAN_POINT ( 'NONE',  ( -22.07409836791940450, -45.63714156430384605, -13.22822741526793955 ) ) ;
#946 = DIRECTION ( 'NONE',  ( 1.000000000000000000, 0.000000000000000000, 0.000000000000000000 ) ) ;
#947 = ORIENTED_EDGE ( 'NONE', *, *, #8610, .T. ) ;
#948 = CARTESIAN_POINT ( 'NONE',  ( -63.18194199709085979, -39.42396609922147377, -6.793878891776923723 ) ) ;
#949 = LINE ( 'NONE', #1090, #3243 ) ;
#950 = CARTESIAN_POINT ( 'NONE',  ( -74.13813534582835985, -77.45818478260554230, 14.41188284895664573 ) ) ;
#951 = B_SPLINE_CURVE_WITH_KNOTS ( 'NONE', 3,
 ( #6352, #4904, #110, #7694, #4943, #4220, #6393, #2885 ),
 .UNSPECIFIED., .F., .F.,
 ( 4, 2, 2, 4 ),
 ( 0.000000000000000000, 0.0007025305160809093823, 0.001053795774121345317, 0.001405061032161781251 ),
 .UNSPECIFIED. ) ;
#952 = VECTOR ( 'NONE', #2092, 1000.000000000000000 ) ;
#953 = CARTESIAN_POINT ( 'NONE',  ( -1.226201406085800638, -20.49671726709102870, -6.507547790040650426 ) ) ;
#954 = CARTESIAN_POINT ( 'NONE',  ( -33.93300448670127878, -47.67822028544098600, 1.411882848956637293 ) ) ;
#955 = CARTESIAN_POINT ( 'NONE',  ( -32.10800448670128304, 1.000000000013736567, -11.53816810883139254 ) ) ;
#956 = ORIENTED_EDGE ( 'NONE', *, *, #3371, .F. ) ;
#957 = CARTESIAN_POINT ( 'NONE',  ( -37.91160816274148004, -43.98182396148199302, 1.411882848956637293 ) ) ;
#958 = DIRECTION ( 'NONE',  ( -0.000000000000000000, -0.000000000000000000, 1.000000000000000000 ) ) ;
#959 = CARTESIAN_POINT ( 'NONE',  ( -32.10800448670128304, -1.736533040035278530, -11.58811715104335249 ) ) ;
#960 = AXIS2_PLACEMENT_3D ( 'NONE', #8569, #2314, #6598 ) ;
#961 = CARTESIAN_POINT ( 'NONE',  ( -29.62694912570012562, 16.85169008506320054, -9.436584702069865216 ) ) ;
#962 = DIRECTION ( 'NONE',  ( 0.000000000000000000, 0.000000000000000000, -1.000000000000000000 ) ) ;
#963 = CARTESIAN_POINT ( 'NONE',  ( -23.28244600348924465, -119.6230729217454041, -1.588117151043349162 ) ) ;
#964 = VERTEX_POINT ( 'NONE', #7517 ) ;
#965 = VECTOR ( 'NONE', #3389, 1000.000000000000000 ) ;
#966 = FACE_BOUND ( 'NONE', #125, .T. ) ;
#967 = DIRECTION ( 'NONE',  ( -0.000000000000000000, -0.000000000000000000, 1.000000000000000000 ) ) ;
#968 = ORIENTED_EDGE ( 'NONE', *, *, #3531, .F. ) ;
#969 = FACE_OUTER_BOUND ( 'NONE', #326, .T. ) ;
#970 = EDGE_CURVE ( 'NONE', #3163, #8975, #7008, .T. ) ;
#971 = CARTESIAN_POINT ( 'NONE',  ( -48.18977167246693938, -80.00887163682578773, 25.39043268573383116 ) ) ;
#972 = EDGE_CURVE ( 'NONE', #7138, #5126, #3252, .T. ) ;
#973 = FACE_OUTER_BOUND ( 'NONE', #4395, .T. ) ;
#974 = CARTESIAN_POINT ( 'NONE',  ( -35.60800448670127594, -84.85808688002525457, 21.43002350340707451 ) ) ;
#975 = ORIENTED_EDGE ( 'NONE', *, *, #6642, .F. ) ;
#976 = DIRECTION ( 'NONE',  ( 1.000000000000000000, 0.000000000000000000, 0.000000000000000000 ) ) ;
#977 = CARTESIAN_POINT ( 'NONE',  ( -32.10800448670127594, -54.17822028544186708, 1.411882848956637293 ) ) ;
#978 = CARTESIAN_POINT ( 'NONE',  ( -8.716483434303448519, -57.95788602206548745, -10.52660340853449483 ) ) ;
#979 = CARTESIAN_POINT ( 'NONE',  ( -30.45800448670127025, -84.85808688002525457, 8.411882848956651060 ) ) ;
#980 = ORIENTED_EDGE ( 'NONE', *, *, #7975, .F. ) ;
#981 = DIRECTION ( 'NONE',  ( -0.8583439052881717268, -0.5130747901180198189, -0.000000000000000000 ) ) ;
#982 = ORIENTED_EDGE ( 'NONE', *, *, #3641, .F. ) ;
#983 = CARTESIAN_POINT ( 'NONE',  ( -61.92578135580134102, -25.46505945190062192, -7.631278705374550775 ) ) ;
#984 = EDGE_CURVE ( 'NONE', #4865, #887, #8749, .T. ) ;
#985 = ORIENTED_EDGE ( 'NONE', *, *, #8002, .T. ) ;
#986 = CARTESIAN_POINT ( 'NONE',  ( -10.48465369764574895, -61.59992202197138056, -10.97942144105830842 ) ) ;
#987 = TOROIDAL_SURFACE ( 'NONE', #7097, 12.00000000000000000, 4.000000000000000000 ) ;
#988 = VECTOR ( 'NONE', #6495, 1000.000000000000000 ) ;
#989 = CARTESIAN_POINT ( 'NONE',  ( -63.64953919039770369, -78.64615969801752726, -4.682394380926781174 ) ) ;
#990 = EDGE_LOOP ( 'NONE', ( #3124, #1948, #2477, #4040 ) ) ;
#991 = LINE ( 'NONE', #7285, #5101 ) ;
#992 = EDGE_CURVE ( 'NONE', #2697, #559, #6562, .T. ) ;
#993 = FACE_OUTER_BOUND ( 'NONE', #292, .T. ) ;
#994 = EDGE_LOOP ( 'NONE', ( #1882, #353 ) ) ;
#995 = CARTESIAN_POINT ( 'NONE',  ( -61.85836434758370217, -46.73581167102278755, -7.673522430304840825 ) ) ;
#996 = CARTESIAN_POINT ( 'NONE',  ( 0.3921777096291375608, -78.73333830846688386, 1.952099919650777338 ) ) ;
#997 = CARTESIAN_POINT ( 'NONE',  ( -54.59987872964236288, -71.61576024498243953, -10.77235591666367043 ) ) ;
#998 = CARTESIAN_POINT ( 'NONE',  ( -2.785459461986118157, -19.06321564055986784, -4.843377103627171998 ) ) ;
#999 = CARTESIAN_POINT ( 'NONE',  ( -54.84438824239038013, 4.526363983188820939, 4.915068151616711845 ) ) ;
#1000 = FACE_OUTER_BOUND ( 'NONE', #3400, .T. ) ;
#1001 = EDGE_LOOP ( 'NONE', ( #1907, #3068, #6435, #5753, #1986 ) ) ;
#1002 = CARTESIAN_POINT ( 'NONE',  ( -37.12703538565783390, -5.470791355393154198, -11.32783392128032673 ) ) ;
#1003 = DIRECTION ( 'NONE',  ( -0.000000000000000000, -0.000000000000000000, 1.000000000000000000 ) ) ;
#1004 = DIRECTION ( 'NONE',  ( 0.8583439052881717268, -0.5130747901180197079, 0.000000000000000000 ) ) ;
#1005 = CARTESIAN_POINT ( 'NONE',  ( -61.10799921624758468, -37.98423708840878277, -5.628333689599429590 ) ) ;
#1006 = CYLINDRICAL_SURFACE ( 'NONE', #6902, 26.00000000000000355 ) ;
#1007 = CARTESIAN_POINT ( 'NONE',  ( -28.70142203389590208, -9.177472367703035872, -8.740041141822930015 ) ) ;
#1008 = EDGE_LOOP ( 'NONE', ( #3351, #4366 ) ) ;
#1009 = DIRECTION ( 'NONE',  ( 1.000000000000000000, 0.000000000000000000, 0.000000000000000000 ) ) ;
#1010 = FACE_BOUND ( 'NONE', #123, .T. ) ;
#1011 = ORIENTED_EDGE ( 'NONE', *, *, #5093, .T. ) ;
#1012 = DIRECTION ( 'NONE',  ( -1.000000000000000000, 0.000000000000000000, 0.000000000000000000 ) ) ;
#1013 = DIRECTION ( 'NONE',  ( 0.000000000000000000, 0.000000000000000000, 1.000000000000000000 ) ) ;
#1014 = CARTESIAN_POINT ( 'NONE',  ( -62.41027411943233005, -22.32746579885642291, -7.207780381349121690 ) ) ;
#1015 = DIRECTION ( 'NONE',  ( 0.000000000000000000, 0.000000000000000000, -1.000000000000000000 ) ) ;
#1016 = ORIENTED_EDGE ( 'NONE', *, *, #7416, .F. ) ;
#1017 = DIRECTION ( 'NONE',  ( 0.000000000000000000, 0.000000000000000000, -1.000000000000000000 ) ) ;
#1018 = DIRECTION ( 'NONE',  ( -0.000000000000000000, -0.000000000000000000, 1.000000000000000000 ) ) ;
#1019 = EDGE_CURVE ( 'NONE', #3834, #3497, #1146, .T. ) ;
#1020 = EDGE_CURVE ( 'NONE', #2346, #2985, #8385, .T. ) ;
#1021 = CARTESIAN_POINT ( 'NONE',  ( -10.48465369764574895, -61.59992202197138056, -10.97942144105830842 ) ) ;
#1022 = LINE ( 'NONE', #8733, #833 ) ;
#1023 = VERTEX_POINT ( 'NONE', #7703 ) ;
#1024 = CARTESIAN_POINT ( 'NONE',  ( -1.379781828672708599, -78.52251169479680470, -5.268563103213816490 ) ) ;
#1025 = ORIENTED_EDGE ( 'NONE', *, *, #1694, .T. ) ;
#1026 = LINE ( 'NONE', #6636, #3694 ) ;
#1027 = VERTEX_POINT ( 'NONE', #1444 ) ;
#1028 = CARTESIAN_POINT ( 'NONE',  ( -9.213102699567421894, -58.74825558408677750, -10.66608625334254157 ) ) ;
#1029 = CARTESIAN_POINT ( 'NONE',  ( -58.48337085839673222, -77.02007542313181432, -7.728623967605817491 ) ) ;
#1030 = EDGE_CURVE ( 'NONE', #5409, #6655, #6753, .T. ) ;
#1031 = VERTEX_POINT ( 'NONE', #8427 ) ;
#1032 = CARTESIAN_POINT ( 'NONE',  ( -52.93356296991329657, -86.75818478260559630, 162.2921154739354677 ) ) ;
#1033 =( BOUNDED_CURVE ( )  B_SPLINE_CURVE ( 3, ( #273, #3131, #3866, #2498 ),
 .UNSPECIFIED., .F., .F. ) 
 B_SPLINE_CURVE_WITH_KNOTS ( ( 4, 4 ),
 ( 6.001705233948740670, 6.283185307179586232 ),
 .UNSPECIFIED. ) 
 CURVE ( )  GEOMETRIC_REPRESENTATION_ITEM ( )  RATIONAL_B_SPLINE_CURVE ( ( 1.000000000000000000, 0.9934083053732251090, 0.9934083053732251090, 1.000000000000000000 ) ) 
 REPRESENTATION_ITEM ( '' )  );
#1034 = CARTESIAN_POINT ( 'NONE',  ( -47.33418560203523384, -5.932727710964040391, -5.351282605864551734 ) ) ;
#1035 = ORIENTED_EDGE ( 'NONE', *, *, #7856, .T. ) ;
#1036 = CARTESIAN_POINT ( 'NONE',  ( -60.26991503098392400, -50.70911158521410300, -8.586036274701548621 ) ) ;
#1037 = CARTESIAN_POINT ( 'NONE',  ( -3.147008585859587093, -78.11860628539618290, 0.1853934969626429285 ) ) ;
#1038 = B_SPLINE_CURVE_WITH_KNOTS ( 'NONE', 3,
 ( #676, #2629, #2775, #8883 ),
 .UNSPECIFIED., .F., .F.,
 ( 4, 4 ),
 ( 5.421010862427522170E-20, 0.002800487372166435198 ),
 .UNSPECIFIED. ) ;
#1039 = FACE_OUTER_BOUND ( 'NONE', #4501, .T. ) ;
#1040 = EDGE_CURVE ( 'NONE', #7107, #6453, #6904, .T. ) ;
#1041 = CARTESIAN_POINT ( 'NONE',  ( -1.749091792375446319, -22.34075956816555220, -7.171216036199882460 ) ) ;
#1042 = CARTESIAN_POINT ( 'NONE',  ( -55.00541219261955206, 5.069270251033318075, 5.498548968106617529 ) ) ;
#1043 = CARTESIAN_POINT ( 'NONE',  ( -9.392278012245508734, 4.451048647205181119, 4.842965414552095282 ) ) ;
#1044 = ORIENTED_EDGE ( 'NONE', *, *, #3328, .F. ) ;
#1045 = B_SPLINE_CURVE_WITH_KNOTS ( 'NONE', 1,
 ( #7431, #6603 ),
 .UNSPECIFIED., .F., .F.,
 ( 2, 2 ),
 ( 0.000000000000000000, 1.000000000000000000 ),
 .UNSPECIFIED. ) ;
#1046 = CARTESIAN_POINT ( 'NONE',  ( -48.09632271720163743, -1.428649745294679585, -6.566042190886089536 ) ) ;
#1047 = CARTESIAN_POINT ( 'NONE',  ( -19.28244600348924465, -86.75818478260566735, 19.87819195885921886 ) ) ;
#1048 = VECTOR ( 'NONE', #6571, 1000.000000000000000 ) ;
#1049 = DIRECTION ( 'NONE',  ( 1.000000000000000000, 0.000000000000000000, 0.000000000000000000 ) ) ;
#1050 = CARTESIAN_POINT ( 'NONE',  ( -19.28244600348924465, -86.75818478260566735, 19.87819195885921886 ) ) ;
#1051 = FACE_OUTER_BOUND ( 'NONE', #8791, .T. ) ;
#1052 = EDGE_CURVE ( 'NONE', #3146, #4038, #7642, .T. ) ;
#1053 = CARTESIAN_POINT ( 'NONE',  ( -60.75460652203669554, -4.000000000000000000, 14.41188284895664573 ) ) ;
#1054 = ORIENTED_EDGE ( 'NONE', *, *, #7236, .F. ) ;
#1055 = AXIS2_PLACEMENT_3D ( 'NONE', #957, #142, #3601 ) ;
#1056 = DIRECTION ( 'NONE',  ( -1.000000000000000000, 0.000000000000000000, 0.000000000000000000 ) ) ;
#1057 = CARTESIAN_POINT ( 'NONE',  ( -4.664510275127450534, -47.38147282939928573, -6.755420294024009564 ) ) ;
#1058 = ORIENTED_EDGE ( 'NONE', *, *, #3482, .F. ) ;
#1059 = CARTESIAN_POINT ( 'NONE',  ( -36.10800448672310381, 5.000000000000024869, 26.41188284895664040 ) ) ;
#1060 = CARTESIAN_POINT ( 'NONE',  ( -34.25800448670235454, 20.00000000000003553, 26.41188284895664395 ) ) ;
#1061 = AXIS2_PLACEMENT_3D ( 'NONE', #1993, #5995, #6684 ) ;
#1062 = CARTESIAN_POINT ( 'NONE',  ( -11.28244600348924465, -86.75818478260566735, 8.411882848956651060 ) ) ;
#1063 = DIRECTION ( 'NONE',  ( -0.8583439052881717268, -0.5130747901180198189, -0.000000000000000000 ) ) ;
#1064 = EDGE_LOOP ( 'NONE', ( #71, #8302, #3652, #6725 ) ) ;
#1065 = CARTESIAN_POINT ( 'NONE',  ( -33.10809269280838407, -5.451557398092894857, -11.58811715104334361 ) ) ;
#1066 = CARTESIAN_POINT ( 'NONE',  ( -38.85800448670128304, 0.000000000000000000, 14.91188284895665639 ) ) ;
#1067 = CARTESIAN_POINT ( 'NONE',  ( -10.99597632097996858, -64.03031261339489788, -11.08666862054586488 ) ) ;
#1068 = CARTESIAN_POINT ( 'NONE',  ( -37.91160816274148004, -43.98182396148199302, 18.41188284895663685 ) ) ;
#1069 = VECTOR ( 'NONE', #3786, 1000.000000000000000 ) ;
#1070 = VECTOR ( 'NONE', #2345, 1000.000000000000000 ) ;
#1071 = ORIENTED_EDGE ( 'NONE', *, *, #1755, .F. ) ;
#1072 = CARTESIAN_POINT ( 'NONE',  ( -0.5550005439792610185, -78.64754867600977661, -4.673759537876481573 ) ) ;
#1073 = ORIENTED_EDGE ( 'NONE', *, *, #534, .T. ) ;
#1074 = DIRECTION ( 'NONE',  ( -0.000000000000000000, -0.000000000000000000, 1.000000000000000000 ) ) ;
#1075 = EDGE_CURVE ( 'NONE', #491, #3766, #3663, .T. ) ;
#1076 = ORIENTED_EDGE ( 'NONE', *, *, #6547, .F. ) ;
#1077 = CARTESIAN_POINT ( 'NONE',  ( -10.17279483772950144, -60.71142750054487180, -10.90873604607399905 ) ) ;
#1078 = CIRCLE ( 'NONE', #4412, 3.499999999999999556 ) ;
#1079 = DIRECTION ( 'NONE',  ( 0.000000000000000000, 0.000000000000000000, -1.000000000000000000 ) ) ;
#1080 = TOROIDAL_SURFACE ( 'NONE', #209, 12.00000000000000000, 4.000000000000000000 ) ;
#1081 = ORIENTED_EDGE ( 'NONE', *, *, #2216, .F. ) ;
#1082 = CARTESIAN_POINT ( 'NONE',  ( 1.291459860481633859, -12.88780384355966291, 2.289660724970338457 ) ) ;
#1083 = CARTESIAN_POINT ( 'NONE',  ( -32.10800448670241281, 5.000000000000024869, -6.588117151043352493 ) ) ;
#1084 = EDGE_CURVE ( 'NONE', #7866, #1893, #5173, .T. ) ;
#1085 = CARTESIAN_POINT ( 'NONE',  ( -44.24389278761032074, -7.589477378223811854, -6.869021733571981869 ) ) ;
#1086 = ADVANCED_FACE ( 'NONE', ( #207 ), #3066, .F. ) ;
#1087 = ORIENTED_EDGE ( 'NONE', *, *, #5837, .T. ) ;
#1088 = AXIS2_PLACEMENT_3D ( 'NONE', #6626, #7267, #6576 ) ;
#1089 = DIRECTION ( 'NONE',  ( 0.000000000000000000, -0.000000000000000000, 1.000000000000000000 ) ) ;
#1090 = CARTESIAN_POINT ( 'NONE',  ( -17.10800448670129370, 28.00000000000000000, 26.41188284895664040 ) ) ;
#1091 = CARTESIAN_POINT ( 'NONE',  ( -53.61624444027481218, -72.91182121696176921, -9.415329053987681718 ) ) ;
#1092 = CARTESIAN_POINT ( 'NONE',  ( -3.628289828917302007, -21.45602641255772980, -5.892157037006212406 ) ) ;
#1093 = CARTESIAN_POINT ( 'NONE',  ( -54.35657193199590154, 2.330622706226340490, 3.425147083823635086 ) ) ;
#1094 = CARTESIAN_POINT ( 'NONE',  ( -9.811286083185766671, 2.581616953893527633, 3.554372101229741787 ) ) ;
#1095 = VERTEX_POINT ( 'NONE', #7316 ) ;
#1096 = CARTESIAN_POINT ( 'NONE',  ( -41.91471977430119011, -4.587257554172275320, -10.18102447500318775 ) ) ;
#1097 = DIRECTION ( 'NONE',  ( 0.000000000000000000, 0.000000000000000000, 1.000000000000000000 ) ) ;
#1098 = CARTESIAN_POINT ( 'NONE',  ( -32.10800448670241281, 5.000000000000024869, 2.011882848956657810 ) ) ;
#1099 = ADVANCED_FACE ( 'NONE', ( #6631 ), #5947, .F. ) ;
#1100 = DIRECTION ( 'NONE',  ( 1.000000000000000000, 0.000000000000000000, 0.000000000000000000 ) ) ;
#1101 = AXIS2_PLACEMENT_3D ( 'NONE', #7961, #2977, #976 ) ;
#1102 = DIRECTION ( 'NONE',  ( -0.7359867518379711315, 0.000000000000000000, 0.6769959387758486269 ) ) ;
#1103 = CARTESIAN_POINT ( 'NONE',  ( -74.13813534582835985, -77.45818478260554230, 24.41188284895663685 ) ) ;
#1104 = ORIENTED_EDGE ( 'NONE', *, *, #7057, .T. ) ;
#1105 = CARTESIAN_POINT ( 'NONE',  ( -53.95658087310167161, -60.69207469859164661, -10.92877263315891945 ) ) ;
#1106 = LINE ( 'NONE', #5299, #1048 ) ;
#1107 = ORIENTED_EDGE ( 'NONE', *, *, #1084, .F. ) ;
#1108 = CIRCLE ( 'NONE', #7521, 2.149999999999999023 ) ;
#1109 = AXIS2_PLACEMENT_3D ( 'NONE', #6419, #2955, #899 ) ;
#1110 = CARTESIAN_POINT ( 'NONE',  ( -42.93356296991329657, -121.6230729217454041, 8.411882848956651060 ) ) ;
#1111 = CARTESIAN_POINT ( 'NONE',  ( -48.35100432531717729, -79.67171461346269723, 25.66579265724376668 ) ) ;
#1112 = EDGE_CURVE ( 'NONE', #4071, #6498, #5057, .T. ) ;
#1113 = CARTESIAN_POINT ( 'NONE',  ( 0.7956617237806812293, -13.46232717211509033, 2.062590502817712057 ) ) ;
#1114 = CARTESIAN_POINT ( 'NONE',  ( -51.49457566215710358, -65.34608461446705974, -9.743066862472337775 ) ) ;
#1115 = ORIENTED_EDGE ( 'NONE', *, *, #6666, .F. ) ;
#1116 = CARTESIAN_POINT ( 'NONE',  ( -60.81783516943450962, -20.69994596033998491, -5.554049321286589347 ) ) ;
#1117 = STYLED_ITEM ( 'NONE', ( #3008 ), #7657 ) ;
#1118 = CARTESIAN_POINT ( 'NONE',  ( 1.390743335995473950, -12.77275566447147348, 2.548553423765729242 ) ) ;
#1119 = CARTESIAN_POINT ( 'NONE',  ( -10.70491974368246346, -68.51627038521458246, -11.02691899101908390 ) ) ;
#1120 = CARTESIAN_POINT ( 'NONE',  ( -46.85546922656386926, -2.287156232149833546, -7.569851058027087909 ) ) ;
#1121 = ORIENTED_EDGE ( 'NONE', *, *, #3695, .F. ) ;
#1122 = VERTEX_POINT ( 'NONE', #7273 ) ;
#1123 = CARTESIAN_POINT ( 'NONE',  ( -64.38614528827019967, -78.71846744938072504, 1.837909537275765670 ) ) ;
#1124 = ORIENTED_EDGE ( 'NONE', *, *, #2357, .T. ) ;
#1125 = CARTESIAN_POINT ( 'NONE',  ( -10.05455008447652432, -60.41990542439992140, -10.88086820688097056 ) ) ;
#1126 = DIRECTION ( 'NONE',  ( -1.000000000000000000, 0.000000000000000000, 0.000000000000000000 ) ) ;
#1127 = ADVANCED_FACE ( 'NONE', ( #3114 ), #5263, .T. ) ;
#1128 = ORIENTED_EDGE ( 'NONE', *, *, #8551, .F. ) ;
#1129 = CARTESIAN_POINT ( 'NONE',  ( -55.19877429581840289, -74.66755191013790238, -8.973909153754680901 ) ) ;
#1130 = CARTESIAN_POINT ( 'NONE',  ( -32.10800448670126883, -84.85808688002525457, -1.487612087655021398 ) ) ;
#1131 = CARTESIAN_POINT ( 'NONE',  ( -64.80497786109734193, -6.421108150107846413, 14.41188284895664573 ) ) ;
#1132 = AXIS2_PLACEMENT_3D ( 'NONE', #3395, #4629, #1845 ) ;
#1133 = VERTEX_POINT ( 'NONE', #3026 ) ;
#1134 = CARTESIAN_POINT ( 'NONE',  ( -29.95800448670235383, 20.00000000000003553, -6.588117151043352493 ) ) ;
#1135 = CARTESIAN_POINT ( 'NONE',  ( -63.24797559786560441, -19.59986141106441693, -6.095852080483296298 ) ) ;
#1136 = CARTESIAN_POINT ( 'NONE',  ( -35.13305150181309244, -5.484395752076617114, -11.52223254349467929 ) ) ;
#1137 = VECTOR ( 'NONE', #5261, 1000.000000000000000 ) ;
#1138 = EDGE_CURVE ( 'NONE', #1400, #3933, #1022, .T. ) ;
#1139 = DIRECTION ( 'NONE',  ( -1.000000000000000000, 0.000000000000000000, 0.000000000000000000 ) ) ;
#1140 = EDGE_CURVE ( 'NONE', #4685, #5137, #1752, .T. ) ;
#1141 = CARTESIAN_POINT ( 'NONE',  ( -9.854481876086515157, 2.356732771045136232, 3.438298538896287670 ) ) ;
#1142 = VERTEX_POINT ( 'NONE', #979 ) ;
#1143 = DIRECTION ( 'NONE',  ( -1.000000000000000000, 0.000000000000000000, 0.000000000000000000 ) ) ;
#1144 = CARTESIAN_POINT ( 'NONE',  ( -28.10800448671612273, 5.000000000000023981, -10.66697983548711370 ) ) ;
#1145 = CARTESIAN_POINT ( 'NONE',  ( -30.28300448670128020, -28.67822028544097890, 1.411882848956637293 ) ) ;
#1146 = B_SPLINE_CURVE_WITH_KNOTS ( 'NONE', 3,
 ( #2810, #839, #2083, #161, #2935, #672, #7659, #3576, #6237, #9021, #6277, #6967, #715, #6319, #5590, #76 ),
 .UNSPECIFIED., .F., .F.,
 ( 4, 2, 2, 2, 2, 2, 2, 4 ),
 ( 0.000000000000000000, 0.1249999999999998335, 0.1874999999999998335, 0.2499999999999998335, 0.5000000000000000000, 0.7500000000000001110, 0.8750000000000000000, 1.000000000000000000 ),
 .UNSPECIFIED. ) ;
#1147 = CARTESIAN_POINT ( 'NONE',  ( -61.10769961480482948, -37.69729957679773946, -5.628556480320306754 ) ) ;
#1148 = DIRECTION ( 'NONE',  ( -0.000000000000000000, -0.000000000000000000, 1.000000000000000000 ) ) ;
#1149 = CARTESIAN_POINT ( 'NONE',  ( -12.44789487512205461, -68.32953072463304522, -9.780746417258253445 ) ) ;
#1150 = EDGE_LOOP ( 'NONE', ( #5096, #5235, #7354, #5651 ) ) ;
#1151 = CARTESIAN_POINT ( 'NONE',  ( -0.8276112792343099933, -78.61152096872218920, -4.875622191604012556 ) ) ;
#1152 = EDGE_CURVE ( 'NONE', #7819, #6780, #2009, .T. ) ;
#1153 = DIRECTION ( 'NONE',  ( 0.000000000000000000, 0.000000000000000000, -1.000000000000000000 ) ) ;
#1154 = VERTEX_POINT ( 'NONE', #296 ) ;
#1155 = CARTESIAN_POINT ( 'NONE',  ( -54.81465365833931003, -58.90089894290925798, -10.71672277375973792 ) ) ;
#1156 = CARTESIAN_POINT ( 'NONE',  ( -72.83813534582833427, -78.75818478260555366, 162.2921154739354677 ) ) ;
#1157 = CARTESIAN_POINT ( 'NONE',  ( -33.72704726953796239, 8.663566889254093795, -10.83950341554236907 ) ) ;
#1158 = DIRECTION ( 'NONE',  ( 0.000000000000000000, 0.000000000000000000, 1.000000000000000000 ) ) ;
#1159 = CARTESIAN_POINT ( 'NONE',  ( 0.4904753673966854577, -7.876778132788771813, 26.41188284895664040 ) ) ;
#1160 = VERTEX_POINT ( 'NONE', #2300 ) ;
#1161 = CARTESIAN_POINT ( 'NONE',  ( 1.307089191728809441, -8.052158096583310609, 7.160846928450625981 ) ) ;
#1162 = CARTESIAN_POINT ( 'NONE',  ( -61.10827774165187520, -38.25098943008893571, -5.628126571519382004 ) ) ;
#1163 = CARTESIAN_POINT ( 'NONE',  ( -9.369436176736058997, -59.01729357384117947, -10.70822734085212069 ) ) ;
#1164 = EDGE_CURVE ( 'NONE', #3054, #8760, #8856, .T. ) ;
#1165 = CARTESIAN_POINT ( 'NONE',  ( -47.28482945709191654, -2.007241196586422305, -7.245507763449817951 ) ) ;
#1166 = EDGE_LOOP ( 'NONE', ( #734, #8039, #7237, #2306 ) ) ;
#1167 = ORIENTED_EDGE ( 'NONE', *, *, #7467, .T. ) ;
#1168 = CARTESIAN_POINT ( 'NONE',  ( -65.37348156795270882, -6.760931055914118915, 14.98146614425219880 ) ) ;
#1169 = ORIENTED_EDGE ( 'NONE', *, *, #2888, .T. ) ;
#1170 = CARTESIAN_POINT ( 'NONE',  ( -11.24386067988808513, -58.96121198262270013, -9.528957016010245695 ) ) ;
#1171 = CARTESIAN_POINT ( 'NONE',  ( -55.61767753473042575, 2.476804816834389911, 7.532141915464920068 ) ) ;
#1172 = ORIENTED_EDGE ( 'NONE', *, *, #6715, .T. ) ;
#1173 = DIRECTION ( 'NONE',  ( 1.000000000000000000, 0.000000000000000000, 0.000000000000000000 ) ) ;
#1174 = ORIENTED_EDGE ( 'NONE', *, *, #7611, .F. ) ;
#1175 = CARTESIAN_POINT ( 'NONE',  ( -43.03515999990542440, -71.48596535551243392, -1.588117151043349606 ) ) ;
#1176 = LINE ( 'NONE', #4385, #779 ) ;
#1177 = VECTOR ( 'NONE', #497, 1000.000000000000000 ) ;
#1178 = DIRECTION ( 'NONE',  ( 0.000000000000000000, 0.000000000000000000, -1.000000000000000000 ) ) ;
#1179 = ORIENTED_EDGE ( 'NONE', *, *, #4396, .F. ) ;
#1180 = CARTESIAN_POINT ( 'NONE',  ( -70.43969923068907235, -14.09806555450111709, 0.8156303947288415790 ) ) ;
#1181 = DIRECTION ( 'NONE',  ( 0.000000000000000000, 0.000000000000000000, 1.000000000000000000 ) ) ;
#1182 = CARTESIAN_POINT ( 'NONE',  ( -28.10800448671606588, 20.00000000000004619, -8.224301224362664087 ) ) ;
#1183 = PRODUCT_DEFINITION_SHAPE ( 'NONE', 'NONE',  #1964 ) ;
#1184 = CARTESIAN_POINT ( 'NONE',  ( -54.46999383338904721, 2.909821920202437795, 3.735874273377296273 ) ) ;
#1185 = LINE ( 'NONE', #6745, #1177 ) ;
#1186 = VERTEX_POINT ( 'NONE', #4452 ) ;
#1187 = CARTESIAN_POINT ( 'NONE',  ( 1.283458269007731634, -78.75818478260569577, 2.411882848956650172 ) ) ;
#1188 = CARTESIAN_POINT ( 'NONE',  ( -29.52372739855339034, 8.057183562588969394, -10.69501358002042224 ) ) ;
#1189 = CARTESIAN_POINT ( 'NONE',  ( -2.244586117422833649, -25.44794000829977776, -7.602686257101427536 ) ) ;
#1190 = CARTESIAN_POINT ( 'NONE',  ( -53.08288365767948846, -72.17414890345321510, -9.417836651967640194 ) ) ;
#1191 = EDGE_CURVE ( 'NONE', #334, #6528, #4403, .T. ) ;
#1192 = CARTESIAN_POINT ( 'NONE',  ( -32.10800448670235596, 20.00000000000003553, 23.41188284895664040 ) ) ;
#1193 = EDGE_CURVE ( 'NONE', #8341, #6265, #700, .T. ) ;
#1194 = CARTESIAN_POINT ( 'NONE',  ( -61.90332791464111750, -78.08146730421125881, -7.645829382327005597 ) ) ;
#1195 = CARTESIAN_POINT ( 'NONE',  ( -12.71454036835531021, -65.95117107164024617, -9.829412660580956640 ) ) ;
#1196 = ORIENTED_EDGE ( 'NONE', *, *, #2060, .T. ) ;
#1197 = CARTESIAN_POINT ( 'NONE',  ( -6.537504850755055053, -76.55895860662232622, -8.075853813158708761 ) ) ;
#1198 = CARTESIAN_POINT ( 'NONE',  ( -2.670650981670158242, -47.83456829950484490, -7.865009228502301220 ) ) ;
#1199 = ORIENTED_EDGE ( 'NONE', *, *, #5772, .F. ) ;
#1200 = CARTESIAN_POINT ( 'NONE',  ( -53.69746335262207282, -61.41452911131228376, -10.98686529607586770 ) ) ;
#1201 = CARTESIAN_POINT ( 'NONE',  ( -13.00004603122225255, 1.464217064765714449, -2.968745489953878103 ) ) ;
#1202 = CARTESIAN_POINT ( 'NONE',  ( -0.7752224530556535154, -19.29130194139314014, -5.870348595651032397 ) ) ;
#1203 = CARTESIAN_POINT ( 'NONE',  ( -66.35732390253046731, -14.24702956482960481, -0.7221040599332128052 ) ) ;
#1204 = EDGE_CURVE ( 'NONE', #7665, #7156, #7098, .T. ) ;
#1205 = CARTESIAN_POINT ( 'NONE',  ( -34.25800448670235454, 20.00000000000003553, -6.588117151043352493 ) ) ;
#1206 = EDGE_CURVE ( 'NONE', #5771, #1478, #3714, .T. ) ;
#1207 = ORIENTED_EDGE ( 'NONE', *, *, #4612, .T. ) ;
#1208 = CARTESIAN_POINT ( 'NONE',  ( -61.08451700606950396, -19.93499568761147600, -5.220259742841896866 ) ) ;
#1209 = AXIS2_PLACEMENT_3D ( 'NONE', #909, #3559, #6474 ) ;
#1210 = DIRECTION ( 'NONE',  ( -0.000000000000000000, -1.000000000000000000, 0.000000000000000000 ) ) ;
#1211 = CARTESIAN_POINT ( 'NONE',  ( -53.08288365767949557, -72.17414890345321510, -1.588117151043349606 ) ) ;
#1212 = CARTESIAN_POINT ( 'NONE',  ( -35.53172441302644557, -5.501439811745679975, -11.49655239091920222 ) ) ;
#1213 = ORIENTED_EDGE ( 'NONE', *, *, #4536, .T. ) ;
#1214 = AXIS2_PLACEMENT_3D ( 'NONE', #6126, #1250, #2566 ) ;
#1215 = VERTEX_POINT ( 'NONE', #7919 ) ;
#1216 = CARTESIAN_POINT ( 'NONE',  ( -38.85800448670128304, 28.00000000000000000, 2.011882848956656478 ) ) ;
#1217 = EDGE_CURVE ( 'NONE', #2262, #3032, #7329, .T. ) ;
#1218 = VERTEX_POINT ( 'NONE', #251 ) ;
#1219 = CARTESIAN_POINT ( 'NONE',  ( -11.59175348847661091, -59.74172945283755354, -9.607063067064617101 ) ) ;
#1220 = DIRECTION ( 'NONE',  ( 0.000000000000000000, 0.000000000000000000, 1.000000000000000000 ) ) ;
#1221 = AXIS2_PLACEMENT_3D ( 'NONE', #272, #3864, #3775 ) ;
#1222 = CARTESIAN_POINT ( 'NONE',  ( -66.41322155275670980, -77.45818478260558493, -4.081932985784904488 ) ) ;
#1223 = ORIENTED_EDGE ( 'NONE', *, *, #6624, .F. ) ;
#1224 = LINE ( 'NONE', #4644, #2222 ) ;
#1225 = CYLINDRICAL_SURFACE ( 'NONE', #5587, 3.500000000000003109 ) ;
#1226 = VECTOR ( 'NONE', #4300, 1000.000000000000114 ) ;
#1227 = VECTOR ( 'NONE', #1418, 1000.000000000000000 ) ;
#1228 = CARTESIAN_POINT ( 'NONE',  ( -59.83316372303754349, -27.20895140832428538, -6.477251629698869806 ) ) ;
#1229 = ORIENTED_EDGE ( 'NONE', *, *, #5837, .F. ) ;
#1230 = CARTESIAN_POINT ( 'NONE',  ( -72.69461456201855754, -22.46308658009784764, 5.799039138663156123 ) ) ;
#1231 = LINE ( 'NONE', #6791, #6011 ) ;
#1232 = DIRECTION ( 'NONE',  ( 0.000000000000000000, 0.000000000000000000, 1.000000000000000000 ) ) ;
#1233 = CARTESIAN_POINT ( 'NONE',  ( -34.41644833943732351, 8.114061113605011144, -10.75605594879993099 ) ) ;
#1234 = PLANE ( 'NONE',  #3939 ) ;
#1235 = CARTESIAN_POINT ( 'NONE',  ( -47.49144919508374585, -5.828825163245478613, -5.255858637470682382 ) ) ;
#1236 = AXIS2_PLACEMENT_3D ( 'NONE', #6977, #3628, #1452 ) ;
#1237 = CYLINDRICAL_SURFACE ( 'NONE', #5721, 3.999999999986288746 ) ;
#1238 = DIRECTION ( 'NONE',  ( 1.000000000000000000, 0.000000000000000000, 0.000000000000000000 ) ) ;
#1239 = CARTESIAN_POINT ( 'NONE',  ( -13.58656058013544055, 0.8401891360741717829, -3.770384594529933686 ) ) ;
#1240 = DIRECTION ( 'NONE',  ( 0.000000000000000000, 0.000000000000000000, -1.000000000000000000 ) ) ;
#1241 = CARTESIAN_POINT ( 'NONE',  ( -60.62472450870264140, -77.50146566129747328, -8.395361606646655872 ) ) ;
#1242 = CARTESIAN_POINT ( 'NONE',  ( -11.91157517808125021, -70.32193160610026439, -9.674983204703176298 ) ) ;
#1243 = CARTESIAN_POINT ( 'NONE',  ( -2.873172302247863019, -78.17096159677295475, -6.230032546854765485 ) ) ;
#1244 = CARTESIAN_POINT ( 'NONE',  ( -67.60273969467871780, -12.07576202028326051, 4.168854664223950124 ) ) ;
#1245 = EDGE_CURVE ( 'NONE', #130, #77, #6090, .T. ) ;
#1246 = ORIENTED_EDGE ( 'NONE', *, *, #8488, .F. ) ;
#1247 = CARTESIAN_POINT ( 'NONE',  ( -53.20112422246705819, -67.42591939066362272, -11.09042529725305926 ) ) ;
#1248 = CARTESIAN_POINT ( 'NONE',  ( -19.28244600348924465, -121.6230729217454041, 2.411882848956650172 ) ) ;
#1249 = CARTESIAN_POINT ( 'NONE',  ( -44.68515999990541587, -71.48596535551243392, 8.411882848956651060 ) ) ;
#1250 = DIRECTION ( 'NONE',  ( -0.000000000000000000, -0.000000000000000000, -1.000000000000000000 ) ) ;
#1251 = FACE_OUTER_BOUND ( 'NONE', #7826, .T. ) ;
#1252 = CARTESIAN_POINT ( 'NONE',  ( -68.24492358863871289, -8.890345708600131402, 14.26257799688724326 ) ) ;
#1253 = EDGE_LOOP ( 'NONE', ( #361, #3459, #2413 ) ) ;
#1254 = CARTESIAN_POINT ( 'NONE',  ( -64.69168998434729190, -13.83311594803765132, 0.5615641565026012749 ) ) ;
#1255 = CARTESIAN_POINT ( 'NONE',  ( -12.90175903784582800, -2.509941533053260176, 1.429466734029580799 ) ) ;
#1256 = VECTOR ( 'NONE', #3632, 999.9999999999998863 ) ;
#1257 = CARTESIAN_POINT ( 'NONE',  ( 3.930693185045684324, -8.802380802233701118, 14.41188284895664573 ) ) ;
#1258 = CARTESIAN_POINT ( 'NONE',  ( -68.14670215844853374, -8.802380802233921386, 14.41188284895664573 ) ) ;
#1259 = EDGE_CURVE ( 'NONE', #7067, #3701, #6966, .T. ) ;
#1260 = EDGE_LOOP ( 'NONE', ( #6048, #7704, #6273, #7280, #3100 ) ) ;
#1261 = EDGE_CURVE ( 'NONE', #2377, #443, #6769, .T. ) ;
#1262 = VERTEX_POINT ( 'NONE', #1258 ) ;
#1263 = CARTESIAN_POINT ( 'NONE',  ( -35.33597464912696751, 7.367506331819245524, -10.60619343250887425 ) ) ;
#1264 = ORIENTED_EDGE ( 'NONE', *, *, #1495, .T. ) ;
#1265 = CARTESIAN_POINT ( 'NONE',  ( -4.886293039055961351, -76.65045157519946883, -9.056560004823968058 ) ) ;
#1266 = VECTOR ( 'NONE', #8534, 1000.000000000000000 ) ;
#1267 = CARTESIAN_POINT ( 'NONE',  ( -53.39643152353554001, -0.09714122577022826777, 1.227270459790436918 ) ) ;
#1268 = ORIENTED_EDGE ( 'NONE', *, *, #8612, .T. ) ;
#1269 = CARTESIAN_POINT ( 'NONE',  ( -28.60800448670127238, -84.85808688002525457, 21.43002350340707451 ) ) ;
#1270 = CARTESIAN_POINT ( 'NONE',  ( -34.25800448670235454, 20.00000000000003553, 2.011882848956657810 ) ) ;
#1271 = ORIENTED_EDGE ( 'NONE', *, *, #7276, .F. ) ;
#1272 = EDGE_CURVE ( 'NONE', #8980, #5965, #6515, .T. ) ;
#1273 = CARTESIAN_POINT ( 'NONE',  ( -32.10800448670235596, 20.00000000000003553, -6.588117151043349828 ) ) ;
#1274 = CARTESIAN_POINT ( 'NONE',  ( -4.779933463455781073, -75.75170916871310567, -9.007046252979121093 ) ) ;
#1275 = DIRECTION ( 'NONE',  ( -1.000000000000000000, 0.000000000000000000, 0.000000000000000000 ) ) ;
#1276 = VERTEX_POINT ( 'NONE', #523 ) ;
#1277 = CARTESIAN_POINT ( 'NONE',  ( -73.03620552921869091, -22.40346219003787098, 6.843009127196411967 ) ) ;
#1278 = CARTESIAN_POINT ( 'NONE',  ( -64.10565036118030946, -17.68613657408680240, -4.790519244091619555 ) ) ;
#1279 = CARTESIAN_POINT ( 'NONE',  ( 0.4791817350972733536, -7.547569973033571245, 7.189660626734402094 ) ) ;
#1280 = CARTESIAN_POINT ( 'NONE',  ( -26.27572232474233260, 25.24215692809366729, -5.725145807633765571 ) ) ;
#1281 = EDGE_CURVE ( 'NONE', #5313, #5545, #1984, .T. ) ;
#1282 = CARTESIAN_POINT ( 'NONE',  ( -60.75460652203669554, -3.999999999999999112, 14.41188284895664218 ) ) ;
#1283 = MECHANICAL_DESIGN_GEOMETRIC_PRESENTATION_REPRESENTATION (  '', ( #6878 ), #2587 ) ;
#1284 = AXIS2_PLACEMENT_3D ( 'NONE', #8796, #447, #4560 ) ;
#1285 = DIRECTION ( 'NONE',  ( -1.000000000000000000, 0.000000000000000000, 0.000000000000000000 ) ) ;
#1286 = CARTESIAN_POINT ( 'NONE',  ( -33.10809269280838407, -5.451557398092894857, -11.58811715104334361 ) ) ;
#1287 = CARTESIAN_POINT ( 'NONE',  ( 3.424201833370298154, -12.88372513294595123, 2.128386885326023048 ) ) ;
#1288 = DIRECTION ( 'NONE',  ( 0.000000000000000000, 0.000000000000000000, -1.000000000000000000 ) ) ;
#1289 = CARTESIAN_POINT ( 'NONE',  ( -58.51386032798382786, -76.17608398838252981, -9.428452993567903562 ) ) ;
#1290 = CIRCLE ( 'NONE', #707, 1.825000000000000178 ) ;
#1291 = CARTESIAN_POINT ( 'NONE',  ( -19.52581635912179081, -123.3797025661126128, 0.9166147309069380134 ) ) ;
#1292 = CARTESIAN_POINT ( 'NONE',  ( -35.60800448670127594, -74.85808688002526878, 8.411882848956651060 ) ) ;
#1293 = CARTESIAN_POINT ( 'NONE',  ( -6.688276652496006669, -55.37433005106939277, -9.834143430163276633 ) ) ;
#1294 = ORIENTED_EDGE ( 'NONE', *, *, #8662, .F. ) ;
#1295 = CARTESIAN_POINT ( 'NONE',  ( -57.52273673491340134, -77.47824681159612226, -7.991361124570226515 ) ) ;
#1296 = LINE ( 'NONE', #7688, #182 ) ;
#1297 = DIRECTION ( 'NONE',  ( 0.6533321769783418942, -0.7570713747888904166, 0.000000000000000000 ) ) ;
#1298 = CARTESIAN_POINT ( 'NONE',  ( 0.4791817350972733536, -7.547569973033571245, 7.189660626734402094 ) ) ;
#1299 = CARTESIAN_POINT ( 'NONE',  ( -62.15955532487839719, -17.53494258447460652, -3.735098328344642837 ) ) ;
#1300 = CARTESIAN_POINT ( 'NONE',  ( 2.259831036370090196, -78.75818478260569577, 13.31269238314865966 ) ) ;
#1301 = CARTESIAN_POINT ( 'NONE',  ( 3.512454004889630887, -12.41236589932835166, 1.411882848956637293 ) ) ;
#1302 = DIRECTION ( 'NONE',  ( -1.000000000000000000, 0.000000000000000000, 0.000000000000000000 ) ) ;
#1303 = DIRECTION ( 'NONE',  ( 0.000000000000000000, 0.000000000000000000, -1.000000000000000000 ) ) ;
#1304 = DIRECTION ( 'NONE',  ( 1.000000000000000000, 0.000000000000000000, 0.000000000000000000 ) ) ;
#1305 = ORIENTED_EDGE ( 'NONE', *, *, #6486, .T. ) ;
#1306 = ORIENTED_EDGE ( 'NONE', *, *, #2486, .F. ) ;
#1307 = CARTESIAN_POINT ( 'NONE',  ( -38.50766980513122917, 28.00000000000000000, -4.263986648896513465 ) ) ;
#1308 = CARTESIAN_POINT ( 'NONE',  ( -0.09503446322170054639, -78.68253030949540516, -6.097910833912996154 ) ) ;
#1309 = EDGE_CURVE ( 'NONE', #7508, #4893, #7768, .T. ) ;
#1310 = CARTESIAN_POINT ( 'NONE',  ( -52.77208584324397123, 3.119869345752738887, -0.3239545833908965555 ) ) ;
#1311 = ADVANCED_FACE ( 'NONE', ( #1937 ), #569, .T. ) ;
#1312 = LINE ( 'NONE', #5589, #7249 ) ;
#1313 = CARTESIAN_POINT ( 'NONE',  ( -9.218067368624579316, 5.488090497316572502, 5.458595720232421122 ) ) ;
#1314 = VERTEX_POINT ( 'NONE', #6859 ) ;
#1315 = CARTESIAN_POINT ( 'NONE',  ( -30.66813964754900113, -9.034980643014577595, -8.851119934708757242 ) ) ;
#1316 = CARTESIAN_POINT ( 'NONE',  ( -6.388881611092072532, -74.76640210452968915, -9.715774366805971951 ) ) ;
#1317 = CARTESIAN_POINT ( 'NONE',  ( -60.10430676665841787, -30.23797547293612809, -6.317609884697556133 ) ) ;
#1318 = ORIENTED_EDGE ( 'NONE', *, *, #6231, .T. ) ;
#1319 = CARTESIAN_POINT ( 'NONE',  ( -71.88245873882007686, -22.60484763422967802, 3.762523484086394365 ) ) ;
#1320 = CARTESIAN_POINT ( 'NONE',  ( -54.06800945040136241, 0.6810730460595836311, 2.726617157244324297 ) ) ;
#1321 = CARTESIAN_POINT ( 'NONE',  ( -52.02087381445363690, -69.39907532774871868, -9.645517679082013629 ) ) ;
#1322 = ADVANCED_FACE ( 'NONE', ( #8238 ), #613, .F. ) ;
#1323 = AXIS2_PLACEMENT_3D ( 'NONE', #4654, #6880, #548 ) ;
#1324 = CARTESIAN_POINT ( 'NONE',  ( 2.663011594694699724, -13.77960137113630879, 0.2546806376439360586 ) ) ;
#1325 = CARTESIAN_POINT ( 'NONE',  ( -33.78564501257569930, -5.444666152247024549, -11.58810995249959674 ) ) ;
#1326 = LINE ( 'NONE', #8895, #1518 ) ;
#1327 = CARTESIAN_POINT ( 'NONE',  ( 9.577816395331563371, -22.27122034184512600, 10.05511833746652428 ) ) ;
#1328 = EDGE_CURVE ( 'NONE', #7596, #4543, #3324, .T. ) ;
#1329 = CARTESIAN_POINT ( 'NONE',  ( -55.64829121220915198, -73.28341410987437143, -10.48002178942038398 ) ) ;
#1330 = CARTESIAN_POINT ( 'NONE',  ( -12.16795935434252662, -69.49773957576098837, -9.726791086394630526 ) ) ;
#1331 = CARTESIAN_POINT ( 'NONE',  ( -10.89896590619288119, -72.51007567071262372, -9.488334694841597639 ) ) ;
#1332 = CARTESIAN_POINT ( 'NONE',  ( -68.69135982989061517, -11.43328945560643639, 6.110447413797689187 ) ) ;
#1333 = EDGE_LOOP ( 'NONE', ( #2528, #1011, #4662, #664 ) ) ;
#1334 = CARTESIAN_POINT ( 'NONE',  ( -53.51924065562657518, -61.99805571218465161, -11.02532963859159132 ) ) ;
#1335 = CARTESIAN_POINT ( 'NONE',  ( -42.93356296991328946, -123.6230729217454041, 2.411882848956653724 ) ) ;
#1336 = FACE_OUTER_BOUND ( 'NONE', #1253, .T. ) ;
#1337 = CARTESIAN_POINT ( 'NONE',  ( -41.09358867808181515, -29.19263609406135629, 1.411882848956637293 ) ) ;
#1338 = CARTESIAN_POINT ( 'NONE',  ( -1.467675874788191059, -21.26823906099168937, -6.826600477188767613 ) ) ;
#1339 = CARTESIAN_POINT ( 'NONE',  ( -65.48115686146680048, -12.91829375639937716, 2.399172699544848353 ) ) ;
#1340 = CARTESIAN_POINT ( 'NONE',  ( -40.93356296991329657, -86.75818478260561051, 2.411882848956650172 ) ) ;
#1341 = DIRECTION ( 'NONE',  ( -0.7081488522065609859, 0.7060631721868307897, 0.000000000000000000 ) ) ;
#1342 = CARTESIAN_POINT ( 'NONE',  ( -60.59601650134771944, -43.45707015958303998, -5.998823536761051400 ) ) ;
#1343 = CARTESIAN_POINT ( 'NONE',  ( -2.153247693921619632, -17.72214487368711033, -3.965186075903579965 ) ) ;
#1344 = CARTESIAN_POINT ( 'NONE',  ( -2.870585966207102047, -48.37393132965235765, -7.984123357713741598 ) ) ;
#1345 = ORIENTED_EDGE ( 'NONE', *, *, #4372, .F. ) ;
#1346 = ORIENTED_EDGE ( 'NONE', *, *, #2, .T. ) ;
#1347 = DIRECTION ( 'NONE',  ( 0.000000000000000000, 0.000000000000000000, 1.000000000000000000 ) ) ;
#1348 = CIRCLE ( 'NONE', #3527, 8.000000000000000000 ) ;
#1349 = CARTESIAN_POINT ( 'NONE',  ( -5.840801177319252524, -78.06964722107527166, -7.711669307700532272 ) ) ;
#1350 = CARTESIAN_POINT ( 'NONE',  ( -43.03515999990542440, -71.48596535551243392, 8.411882848956651060 ) ) ;
#1351 = VERTEX_POINT ( 'NONE', #954 ) ;
#1352 = CARTESIAN_POINT ( 'NONE',  ( -64.95789277071031620, -13.52464421413870532, 1.122821582498102488 ) ) ;
#1353 = AXIS2_PLACEMENT_3D ( 'NONE', #4852, #7545, #1886 ) ;
#1354 = CARTESIAN_POINT ( 'NONE',  ( -13.58656058013544055, 0.8401891360741717829, -3.770384594529933686 ) ) ;
#1355 = AXIS2_PLACEMENT_3D ( 'NONE', #6216, #4025, #2653 ) ;
#1356 = VERTEX_POINT ( 'NONE', #2030 ) ;
#1357 = CARTESIAN_POINT ( 'NONE',  ( -6.817446810173729332, -76.38365946393184913, -8.190287533585774327 ) ) ;
#1358 = VERTEX_POINT ( 'NONE', #6469 ) ;
#1359 = CARTESIAN_POINT ( 'NONE',  ( -2.428610242682488263, -76.73500465234563706, -7.717833130577256284 ) ) ;
#1360 = CLOSED_SHELL ( 'NONE', ( #7377, #3025, #851, #929, #5109, #3829, #6222, #7262, #213, #533, #6914, #3335, #6702, #5147, #1883, #1423, #746, #5818, #5596, #8442, #5330, #1322, #5566, #6896, #8231, #720, #792, #3640, #4941, #860, #436, #1086, #5695, #3530, #7561, #4179, #2536, #806, #6421, #2600, #2356, #5944, #2089, #5203, #8574, #4224, #7695, #5865, #7209, #4653, #3185, #4271, #7834, #4664, #6049, #8218, #6557, #5693, #4311, #2876, #4216, #521, #8167, #6220, #1828, #7671, #546, #582, #3398, #5217, #5487, #6001, #2260, #8797, #1465, #3591, #8947, #1311, #2381, #1442, #33, #915, #2000, #6613, #3809, #6050, #4884, #8242, #8676, #8774, #1872, #7745, #6941, #4327, #4335, #4719, #1634, #8830, #7560, #5368, #6115, #8844, #1099, #2308, #6823, #2718, #8270, #2523, #3697, #2588, #5499, #5234, #1636, #106, #7883, #8063, #3662, #427, #8050, #8522, #4491, #9000, #7093, #6375, #8776, #3044, #243, #2311, #4793, #1974, #8882, #3266, #3076, #5378, #6433, #2148, #555, #634, #4122, #7106, #2818, #1486, #5201, #6063, #4651, #8514, #3312, #6329, #5452, #4046, #4907, #3198, #202, #803, #254, #2763, #7293, #3819, #6717, #2806, #8360, #4435, #5968, #306, #4598, #6488, #5783, #1127, #6653, #2691, #6152, #4260, #1546, #8014, #323, #3253, #8891, #7457, #4100, #7104, #5317, #3137, #8255, #2830, #4422, #1753, #5286, #2474, #2493, #1716, #2705, #901, #2196, #1920, #7389, #4502, #6651, #3383, #3719, #5707, #375 ) ) ;
#1361 = ORIENTED_EDGE ( 'NONE', *, *, #6269, .T. ) ;
#1362 = CARTESIAN_POINT ( 'NONE',  ( -72.58668307777129769, -12.88011485441951542, 5.335206848788307532 ) ) ;
#1363 = AXIS2_PLACEMENT_3D ( 'NONE', #2871, #5682, #5609 ) ;
#1364 = CARTESIAN_POINT ( 'NONE',  ( -52.77208584324397123, 3.119869345752738887, -0.3239545833908965555 ) ) ;
#1365 = CARTESIAN_POINT ( 'NONE',  ( -62.05708396376524405, -24.31985779060778086, -7.548601421004996759 ) ) ;
#1366 = FACE_BOUND ( 'NONE', #5326, .T. ) ;
#1367 = CIRCLE ( 'NONE', #2823, 2.000000000000001776 ) ;
#1368 = CARTESIAN_POINT ( 'NONE',  ( -60.75460652203668133, -3.999999999999978240, 11.96430067872517000 ) ) ;
#1369 = AXIS2_PLACEMENT_3D ( 'NONE', #7134, #1711, #8553 ) ;
#1370 = EDGE_CURVE ( 'NONE', #4635, #7495, #6227, .T. ) ;
#1371 = EDGE_CURVE ( 'NONE', #5771, #391, #6998, .T. ) ;
#1372 = CYLINDRICAL_SURFACE ( 'NONE', #65, 4.000000000020695445 ) ;
#1373 = CARTESIAN_POINT ( 'NONE',  ( -39.00824037062465521, -9.024377963579675921, -8.313574963922405914 ) ) ;
#1374 = CARTESIAN_POINT ( 'NONE',  ( -17.51932307604395689, -2.390299331145886885, -7.689305858209202427 ) ) ;
#1375 = CARTESIAN_POINT ( 'NONE',  ( -34.46060849672181803, -5.455647690653082194, -11.56553948207781168 ) ) ;
#1376 = AXIS2_PLACEMENT_3D ( 'NONE', #8501, #7171, #2251 ) ;
#1377 = CARTESIAN_POINT ( 'NONE',  ( -63.44394848484205340, -78.60401696070184130, -6.607861422615864733 ) ) ;
#1378 = FACE_OUTER_BOUND ( 'NONE', #7398, .T. ) ;
#1379 = B_SPLINE_CURVE_WITH_KNOTS ( 'NONE', 3,
 ( #7384, #5329, #3957, #2363, #3912, #6693, #5144, #7935, #4470, #3776, #5872, #6742, #588, #1321, #8983, #5419, #6, #3414, #8305, #3368, #8350, #6060, #8211, #2734, #5516, #4057 ),
 .UNSPECIFIED., .F., .F.,
 ( 4, 2, 2, 2, 2, 2, 2, 2, 2, 2, 2, 2, 4 ),
 ( 0.5925254179210572847, 0.6121102040813662937, 0.6412583090376217099, 0.6995545189501325423, 0.7578507288626434857, 0.7869988338188991239, 0.8161469387751544291, 0.8452950437314098453, 0.8744431486876653725, 0.9035912536439207887, 0.9327393586001762049, 0.9910355685126872594, 1.000000000000000000 ),
 .UNSPECIFIED. ) ;
#1380 = AXIS2_PLACEMENT_3D ( 'NONE', #729, #6293, #5608 ) ;
#1381 = CARTESIAN_POINT ( 'NONE',  ( -5.551201038629054452, -53.71638542787201942, -9.364313168034810175 ) ) ;
#1382 = ORIENTED_EDGE ( 'NONE', *, *, #3255, .F. ) ;
#1383 = CARTESIAN_POINT ( 'NONE',  ( -51.09058862790283939, -2.756464216079905327, 1.411882848956637515 ) ) ;
#1384 = EDGE_CURVE ( 'NONE', #7088, #4328, #3621, .T. ) ;
#1385 = CARTESIAN_POINT ( 'NONE',  ( -54.37278827518453284, -74.29200464624373978, -9.084592500754993694 ) ) ;
#1386 = DIRECTION ( 'NONE',  ( 0.000000000000000000, 0.000000000000000000, -1.000000000000000000 ) ) ;
#1387 = LINE ( 'NONE', #1553, #4208 ) ;
#1388 = CARTESIAN_POINT ( 'NONE',  ( -31.10791628059424241, -5.451557398092793605, -11.58811715104335249 ) ) ;
#1389 = CARTESIAN_POINT ( 'NONE',  ( 0.5909582255859630040, -16.58282988381709444, -3.712234594398275078 ) ) ;
#1390 = CARTESIAN_POINT ( 'NONE',  ( 9.922126372425777774, -78.75818478260570998, 24.41188284895663685 ) ) ;
#1391 = CARTESIAN_POINT ( 'NONE',  ( -66.63661916216754832, -7.820593625843637930, 11.31269238315021219 ) ) ;
#1392 = CARTESIAN_POINT ( 'NONE',  ( -54.17890228814495401, 16.17080443303671444, 1.411882848956637293 ) ) ;
#1393 = CARTESIAN_POINT ( 'NONE',  ( -8.306063667443870813, -54.57370843699724361, -8.626473959447332973 ) ) ;
#1394 = DIRECTION ( 'NONE',  ( -0.000000000000000000, -0.000000000000000000, -1.000000000000000000 ) ) ;
#1395 = CARTESIAN_POINT ( 'NONE',  ( -7.572720836114522847, -56.52324163996746620, -10.15840377662430427 ) ) ;
#1396 = EDGE_LOOP ( 'NONE', ( #6771, #1939, #7760, #1956, #7283 ) ) ;
#1397 = EDGE_CURVE ( 'NONE', #2936, #1893, #5781, .T. ) ;
#1398 = ORIENTED_EDGE ( 'NONE', *, *, #6770, .F. ) ;
#1399 = CARTESIAN_POINT ( 'NONE',  ( -41.09358867808181515, -29.19263609406135629, 18.41188284895663685 ) ) ;
#1400 = VERTEX_POINT ( 'NONE', #4515 ) ;
#1401 = CARTESIAN_POINT ( 'NONE',  ( -10.26991202802363468, -73.67614828003927130, -9.286649376848757242 ) ) ;
#1402 = AXIS2_PLACEMENT_3D ( 'NONE', #2389, #879, #8594 ) ;
#1403 = CARTESIAN_POINT ( 'NONE',  ( -3.738447308763240606, -21.86167215197820468, -6.014009163678857739 ) ) ;
#1404 = CARTESIAN_POINT ( 'NONE',  ( 1.329460994268694574, -6.863737065888292577, 15.09507822801351651 ) ) ;
#1405 = VERTEX_POINT ( 'NONE', #8661 ) ;
#1406 = CARTESIAN_POINT ( 'NONE',  ( -11.20639758649340578, -72.06689814302526997, -9.559965482375938350 ) ) ;
#1407 = ORIENTED_EDGE ( 'NONE', *, *, #6599, .T. ) ;
#1408 = CARTESIAN_POINT ( 'NONE',  ( -2.288747839567101483, -76.77923154901554881, -7.630972092703068199 ) ) ;
#1409 = AXIS2_PLACEMENT_3D ( 'NONE', #6158, #8941, #1238 ) ;
#1410 = ORIENTED_EDGE ( 'NONE', *, *, #992, .T. ) ;
#1411 = DIRECTION ( 'NONE',  ( 0.000000000000000000, 0.000000000000000000, -1.000000000000000000 ) ) ;
#1412 = CYLINDRICAL_SURFACE ( 'NONE', #6450, 3.500000000000003109 ) ;
#1413 = CARTESIAN_POINT ( 'NONE',  ( -3.108016462457181994, -37.97399403549655261, -5.683045208371971135 ) ) ;
#1414 = CARTESIAN_POINT ( 'NONE',  ( -61.58495026140098361, -47.55003098874454537, -7.840899501380609316 ) ) ;
#1415 = VECTOR ( 'NONE', #5664, 1000.000000000000000 ) ;
#1416 = FACE_OUTER_BOUND ( 'NONE', #6229, .T. ) ;
#1417 = CARTESIAN_POINT ( 'NONE',  ( -62.11086022670878748, -78.37114504282041594, -5.752078210829701277 ) ) ;
#1418 = DIRECTION ( 'NONE',  ( -0.000000000000000000, -0.000000000000000000, 1.000000000000000000 ) ) ;
#1419 = CARTESIAN_POINT ( 'NONE',  ( -41.02405238323549241, 17.80085037806178860, -11.58811715104334361 ) ) ;
#1420 = LINE ( 'NONE', #3592, #8801 ) ;
#1421 = CARTESIAN_POINT ( 'NONE',  ( -1.732667254427979753, -10.11273279323772734, -0.04149102709383460652 ) ) ;
#1422 = CARTESIAN_POINT ( 'NONE',  ( -54.38387002820208949, -71.19946836858730421, -10.82720424463276920 ) ) ;
#1423 = ADVANCED_FACE ( 'NONE', ( #4652 ), #496, .F. ) ;
#1424 = EDGE_CURVE ( 'NONE', #2202, #391, #2549, .T. ) ;
#1425 = DIRECTION ( 'NONE',  ( -1.000000000000000000, 0.000000000000000000, 0.000000000000000000 ) ) ;
#1426 = ORIENTED_EDGE ( 'NONE', *, *, #3760, .F. ) ;
#1427 = CARTESIAN_POINT ( 'NONE',  ( -57.39680665277028737, -77.38324129288589859, -8.043160254751075655 ) ) ;
#1428 = CARTESIAN_POINT ( 'NONE',  ( -21.28244600348924820, -123.6230729217454041, 8.411882848956651060 ) ) ;
#1429 = DIRECTION ( 'NONE',  ( -0.7080666395165265969, -0.7061456181296978940, 0.000000000000000000 ) ) ;
#1430 = CARTESIAN_POINT ( 'NONE',  ( -25.92836677603908768, -5.363844804735526495, -11.14215743632421152 ) ) ;
#1431 = CARTESIAN_POINT ( 'NONE',  ( -54.59987872964236288, -71.61576024498243953, -10.77235591666367043 ) ) ;
#1432 = CIRCLE ( 'NONE', #3465, 1.824999999999996847 ) ;
#1433 = CIRCLE ( 'NONE', #7835, 1.825000000000003730 ) ;
#1434 = CARTESIAN_POINT ( 'NONE',  ( -36.10800448668864959, 20.00000000000003553, -8.224301224361708407 ) ) ;
#1435 = EDGE_CURVE ( 'NONE', #1616, #5811, #3869, .T. ) ;
#1436 = CARTESIAN_POINT ( 'NONE',  ( -14.57952222391697639, -4.180198770516105888, -3.720710398307718769 ) ) ;
#1437 = CARTESIAN_POINT ( 'NONE',  ( -53.18221091307405857, -63.63207619245067548, -11.09415278722953069 ) ) ;
#1438 = CARTESIAN_POINT ( 'NONE',  ( -1.123169175419406418, -41.14534038287726503, -6.856839505630408560 ) ) ;
#1439 = EDGE_LOOP ( 'NONE', ( #7843, #6783, #9011, #8828, #2289 ) ) ;
#1440 = CARTESIAN_POINT ( 'NONE',  ( -51.53123164752749119, -2.258506430399188858, -1.856357737921053630 ) ) ;
#1441 = CARTESIAN_POINT ( 'NONE',  ( -12.36718581241614068, -62.19592279030235460, -9.765474778092968933 ) ) ;
#1442 = ADVANCED_FACE ( 'NONE', ( #1686 ), #5285, .T. ) ;
#1443 = CARTESIAN_POINT ( 'NONE',  ( -35.60800448670127594, -94.85808688002525457, -1.487612087655021398 ) ) ;
#1444 = CARTESIAN_POINT ( 'NONE',  ( -52.93356296991328236, -78.75818478260559630, 24.41188284895662264 ) ) ;
#1445 = ORIENTED_EDGE ( 'NONE', *, *, #8140, .T. ) ;
#1446 = CARTESIAN_POINT ( 'NONE',  ( -7.284077916246832984, -74.08215178327077410, -10.05617982251666298 ) ) ;
#1447 = ORIENTED_EDGE ( 'NONE', *, *, #3024, .F. ) ;
#1448 = CARTESIAN_POINT ( 'NONE',  ( -2.847413208181438282, -76.59341159141892774, -7.970719479510160355 ) ) ;
#1449 = ORIENTED_EDGE ( 'NONE', *, *, #1052, .T. ) ;
#1450 = DIRECTION ( 'NONE',  ( 1.000000000000000000, 0.000000000000000000, 0.000000000000000000 ) ) ;
#1451 = CARTESIAN_POINT ( 'NONE',  ( -67.12086087625452535, -11.68302387057455327, 1.411882848957156433 ) ) ;
#1452 = DIRECTION ( 'NONE',  ( 1.000000000000000000, 0.000000000000000000, 0.000000000000000000 ) ) ;
#1453 = ORIENTED_EDGE ( 'NONE', *, *, #2590, .T. ) ;
#1454 = CARTESIAN_POINT ( 'NONE',  ( -54.64147466725963653, -71.67357058689857752, -10.76186057785383454 ) ) ;
#1455 = CARTESIAN_POINT ( 'NONE',  ( 3.476445504357012162, -8.595325870584424877, 11.71596642431315516 ) ) ;
#1456 = CARTESIAN_POINT ( 'NONE',  ( -28.50578456504283409, 21.75840315390119528, -7.958449864635579907 ) ) ;
#1457 = CARTESIAN_POINT ( 'NONE',  ( -23.03084897349712534, -71.48596535551243392, 8.411882848956651060 ) ) ;
#1458 = CARTESIAN_POINT ( 'NONE',  ( -48.05564890638175513, -78.15850799684919537, 26.41188284895680383 ) ) ;
#1459 = DIRECTION ( 'NONE',  ( -1.000000000000000000, 0.000000000000000000, 0.000000000000000000 ) ) ;
#1460 = CARTESIAN_POINT ( 'NONE',  ( -63.21594089136216610, -38.26200010135438134, -6.769707737522572266 ) ) ;
#1461 = ORIENTED_EDGE ( 'NONE', *, *, #2039, .F. ) ;
#1462 = CARTESIAN_POINT ( 'NONE',  ( -52.26213134999670729, -60.71525329670338778, -9.597449651980083374 ) ) ;
#1463 = LINE ( 'NONE', #5738, #5422 ) ;
#1464 = CARTESIAN_POINT ( 'NONE',  ( -36.08164086133168524, 4.472707999455571404, -10.72950367098206392 ) ) ;
#1465 = ADVANCED_FACE ( 'NONE', ( #2458 ), #6010, .F. ) ;
#1466 = CARTESIAN_POINT ( 'NONE',  ( -15.86689915341048973, -1.235568493769026999, -6.336693979519983699 ) ) ;
#1467 = CIRCLE ( 'NONE', #1323, 2.000000000000000000 ) ;
#1468 = DIRECTION ( 'NONE',  ( -0.5130747901180200410, 0.8583439052881716158, 0.000000000000000000 ) ) ;
#1469 = CARTESIAN_POINT ( 'NONE',  ( -3.432228062906852895, -42.36310546482982176, -5.922156463052259845 ) ) ;
#1470 = CARTESIAN_POINT ( 'NONE',  ( -54.25351523273054255, -70.92437123006136801, -10.85900152376831862 ) ) ;
#1471 = CARTESIAN_POINT ( 'NONE',  ( -1.785847601268254037, -31.11471212521057694, -7.307647350000070929 ) ) ;
#1472 = CARTESIAN_POINT ( 'NONE',  ( -47.10800448670129015, 28.00000000000000000, 25.11188284895660061 ) ) ;
#1473 = EDGE_LOOP ( 'NONE', ( #1732, #4958, #6310, #7252 ) ) ;
#1474 = EDGE_CURVE ( 'NONE', #6416, #1160, #3317, .T. ) ;
#1475 = FACE_BOUND ( 'NONE', #800, .T. ) ;
#1476 = EDGE_CURVE ( 'NONE', #1358, #3803, #3629, .T. ) ;
#1477 = CARTESIAN_POINT ( 'NONE',  ( -28.10800448668171470, 5.000000000000023981, 23.41188284895664040 ) ) ;
#1478 = VERTEX_POINT ( 'NONE', #7 ) ;
#1479 = CARTESIAN_POINT ( 'NONE',  ( -9.046702456108308255, -75.29755927234501200, -8.932143302450160860 ) ) ;
#1480 = DIRECTION ( 'NONE',  ( -0.000000000000000000, -0.000000000000000000, 1.000000000000000000 ) ) ;
#1481 = CARTESIAN_POINT ( 'NONE',  ( -58.17514946814529253, -75.00384143263927683, -9.573103449616409577 ) ) ;
#1482 = ORIENTED_EDGE ( 'NONE', *, *, #4951, .F. ) ;
#1483 = CARTESIAN_POINT ( 'NONE',  ( 0.1676229084121654000, -77.32423183259194843, -5.890754035844510739 ) ) ;
#1484 = ORIENTED_EDGE ( 'NONE', *, *, #8502, .F. ) ;
#1485 = LINE ( 'NONE', #7091, #7489 ) ;
#1486 = ADVANCED_FACE ( 'NONE', ( #8936, #1366 ), #748, .T. ) ;
#1487 = VERTEX_POINT ( 'NONE', #8984 ) ;
#1488 = FACE_OUTER_BOUND ( 'NONE', #3974, .T. ) ;
#1489 = CARTESIAN_POINT ( 'NONE',  ( -16.03084897349712534, -71.48596535551243392, -1.487612087655021398 ) ) ;
#1490 = CARTESIAN_POINT ( 'NONE',  ( -29.08295747158943811, -5.484395752076611785, -11.52223254349466686 ) ) ;
#1491 = VECTOR ( 'NONE', #6620, 1000.000000000000000 ) ;
#1492 = VERTEX_POINT ( 'NONE', #3275 ) ;
#1493 = CIRCLE ( 'NONE', #5133, 2.000000000000001776 ) ;
#1494 = CARTESIAN_POINT ( 'NONE',  ( -60.36494044385235469, -77.85288735660026305, -6.790473328852615786 ) ) ;
#1495 = EDGE_CURVE ( 'NONE', #5822, #571, #2637, .T. ) ;
#1496 = CARTESIAN_POINT ( 'NONE',  ( -28.60800448670127238, -84.85808688002525457, 21.43002350340707451 ) ) ;
#1497 = CARTESIAN_POINT ( 'NONE',  ( -32.10800448670126883, -74.85808688002526878, 8.411882848956651060 ) ) ;
#1498 = FACE_OUTER_BOUND ( 'NONE', #2584, .T. ) ;
#1499 = CARTESIAN_POINT ( 'NONE',  ( -44.93356296991329657, -86.75818478260559630, 26.41188284895662619 ) ) ;
#1500 = CARTESIAN_POINT ( 'NONE',  ( 0.7384351450164028385, -6.510451556792002492, 14.63908415722109169 ) ) ;
#1501 = VECTOR ( 'NONE', #3177, 1000.000000000000000 ) ;
#1502 = CARTESIAN_POINT ( 'NONE',  ( -62.26154335061396949, -45.36659541444497989, -7.418266835847136420 ) ) ;
#1503 = VERTEX_POINT ( 'NONE', #8845 ) ;
#1504 = CARTESIAN_POINT ( 'NONE',  ( -51.82452017280079559, -68.59055499538713718, -9.683084298103782572 ) ) ;
#1505 = FACE_OUTER_BOUND ( 'NONE', #2432, .T. ) ;
#1506 = PLANE ( 'NONE',  #3473 ) ;
#1507 = CARTESIAN_POINT ( 'NONE',  ( -16.53040020549170563, -1.726456908068617180, -6.916781123022845534 ) ) ;
#1508 = AXIS2_PLACEMENT_3D ( 'NONE', #4594, #908, #6473 ) ;
#1509 = CARTESIAN_POINT ( 'NONE',  ( -32.37505782384966579, 16.00660935295387688, -9.909185570265496068 ) ) ;
#1510 = DIRECTION ( 'NONE',  ( -1.000000000000000000, 0.000000000000000000, 0.000000000000000000 ) ) ;
#1511 = DIRECTION ( 'NONE',  ( -1.000000000000000000, 0.000000000000000000, 0.000000000000000000 ) ) ;
#1512 = ORIENTED_EDGE ( 'NONE', *, *, #129, .F. ) ;
#1513 = CARTESIAN_POINT ( 'NONE',  ( -54.54858573652953879, -71.51859048913757988, -10.78547416858550356 ) ) ;
#1514 = LINE ( 'NONE', #3703, #7165 ) ;
#1515 = ORIENTED_EDGE ( 'NONE', *, *, #4931, .F. ) ;
#1516 = ORIENTED_EDGE ( 'NONE', *, *, #7573, .T. ) ;
#1517 = CARTESIAN_POINT ( 'NONE',  ( -40.07650333979775326, -38.17822028544185997, -13.22822741526793955 ) ) ;
#1518 = VECTOR ( 'NONE', #4701, 1000.000000000000000 ) ;
#1519 = LINE ( 'NONE', #3708, #814 ) ;
#1520 = ORIENTED_EDGE ( 'NONE', *, *, #2707, .T. ) ;
#1521 = CARTESIAN_POINT ( 'NONE',  ( -11.91157517808125021, -70.32193160610026439, -9.674983204703176298 ) ) ;
#1522 = EDGE_CURVE ( 'NONE', #4732, #1133, #2006, .T. ) ;
#1523 = EDGE_CURVE ( 'NONE', #7650, #7790, #1433, .T. ) ;
#1524 = FACE_OUTER_BOUND ( 'NONE', #8786, .T. ) ;
#1525 = CARTESIAN_POINT ( 'NONE',  ( 2.073991131576803149, -7.345349370800220434, 15.31269238314865966 ) ) ;
#1526 = ORIENTED_EDGE ( 'NONE', *, *, #2912, .T. ) ;
#1527 = CARTESIAN_POINT ( 'NONE',  ( -5.689631409739257073, -77.04268442838102260, -7.709130361427299682 ) ) ;
#1528 = EDGE_LOOP ( 'NONE', ( #7477, #6214, #3190, #3623 ) ) ;
#1529 = CARTESIAN_POINT ( 'NONE',  ( -59.87015374675181079, -25.67342659244649994, -6.455702084079713465 ) ) ;
#1530 = ORIENTED_EDGE ( 'NONE', *, *, #3070, .T. ) ;
#1531 = AXIS2_PLACEMENT_3D ( 'NONE', #4079, #2520, #6176 ) ;
#1532 = CARTESIAN_POINT ( 'NONE',  ( -32.10800448670235596, 20.00000000000003553, 26.41188284895664395 ) ) ;
#1533 = CARTESIAN_POINT ( 'NONE',  ( -51.76360757234010634, 2.046888960715973038, -2.116267864032264079 ) ) ;
#1534 = FACE_OUTER_BOUND ( 'NONE', #5300, .T. ) ;
#1535 = EDGE_CURVE ( 'NONE', #7495, #7651, #4200, .T. ) ;
#1536 = ORIENTED_EDGE ( 'NONE', *, *, #5319, .T. ) ;
#1537 = VECTOR ( 'NONE', #1814, 1000.000000000000000 ) ;
#1538 = CIRCLE ( 'NONE', #6639, 28.99999999999831246 ) ;
#1539 = CARTESIAN_POINT ( 'NONE',  ( -58.98428917966602114, -75.50145629878427656, -9.218258255607583607 ) ) ;
#1540 = CARTESIAN_POINT ( 'NONE',  ( -35.58664996298869454, 21.99214560407325081, -7.946329432987212726 ) ) ;
#1541 = ORIENTED_EDGE ( 'NONE', *, *, #4218, .T. ) ;
#1542 = DIRECTION ( 'NONE',  ( 1.000000000000000000, 0.000000000000000000, 0.000000000000000000 ) ) ;
#1543 = CARTESIAN_POINT ( 'NONE',  ( -1.342054113969795903, -9.659724333018157694, 0.8822909896200354929 ) ) ;
#1544 =( GEOMETRIC_REPRESENTATION_CONTEXT ( 3 ) GLOBAL_UNCERTAINTY_ASSIGNED_CONTEXT ( ( #7675 ) ) GLOBAL_UNIT_ASSIGNED_CONTEXT ( ( #7031, #6388, #5065 ) ) REPRESENTATION_CONTEXT ( 'NONE', 'WORKASPACE' ) );
#1545 = CARTESIAN_POINT ( 'NONE',  ( 2.127268099179277616, -78.75818478260569577, 162.2921154739354677 ) ) ;
#1546 = ADVANCED_FACE ( 'NONE', ( #1416 ), #8028, .F. ) ;
#1547 = CARTESIAN_POINT ( 'NONE',  ( -12.71299160226632630, -64.91528014766306853, -9.829135980853560994 ) ) ;
#1548 = B_SPLINE_CURVE_WITH_KNOTS ( 'NONE', 3,
 ( #289, #1703, #3793, #5214, #1745, #3840, #3930, #8724, #1837, #3886, #5980, #8765, #1157, #331, #6713, #463 ),
 .UNSPECIFIED., .F., .F.,
 ( 4, 2, 2, 2, 2, 2, 2, 4 ),
 ( 3.878959614448864246E-18, 0.001245434917555488744, 0.001868152376333231165, 0.002490869835110973585, 0.003113587293888716006, 0.003736304752666458426, 0.004359022211444200413, 0.004981739670221942834 ),
 .UNSPECIFIED. ) ;
#1549 = CARTESIAN_POINT ( 'NONE',  ( -73.95358232439227208, 1.227255602397649081, 1.411882848956637293 ) ) ;
#1550 = ORIENTED_EDGE ( 'NONE', *, *, #3921, .F. ) ;
#1551 = CARTESIAN_POINT ( 'NONE',  ( -56.07268801224022781, -76.24911737155430558, -8.546798389504377980 ) ) ;
#1552 = FACE_OUTER_BOUND ( 'NONE', #5923, .T. ) ;
#1553 = CARTESIAN_POINT ( 'NONE',  ( -30.28300448670128020, -22.17822028544098245, -13.22822741526793955 ) ) ;
#1554 = CARTESIAN_POINT ( 'NONE',  ( -16.12670766129087241, -1.433951962474759201, -6.572329092963529185 ) ) ;
#1555 = SURFACE_SIDE_STYLE ('',( #188 ) ) ;
#1556 = CARTESIAN_POINT ( 'NONE',  ( -38.50766980513122917, 28.00000000000000000, -4.263986648896513465 ) ) ;
#1557 = CARTESIAN_POINT ( 'NONE',  ( -36.38980415174967931, 10.80813710916765658, 108.4362694665913835 ) ) ;
#1558 = DIRECTION ( 'NONE',  ( 1.000000000000000000, 0.000000000000000000, 0.000000000000000000 ) ) ;
#1559 = ORIENTED_EDGE ( 'NONE', *, *, #2448, .T. ) ;
#1560 = CARTESIAN_POINT ( 'NONE',  ( -53.37318402165200837, -68.31992444941882070, -11.05565654163001099 ) ) ;
#1561 = CARTESIAN_POINT ( 'NONE',  ( -40.06122020556299645, -8.853146844277983263, -8.108146105115283220 ) ) ;
#1562 = EDGE_LOOP ( 'NONE', ( #918, #8541, #7184, #7131, #5907 ) ) ;
#1563 = ORIENTED_EDGE ( 'NONE', *, *, #7948, .F. ) ;
#1564 = AXIS2_PLACEMENT_3D ( 'NONE', #2481, #4360, #933 ) ;
#1565 = CARTESIAN_POINT ( 'NONE',  ( -52.04180186271777586, -1.666865442306268319, -1.139106280828202644 ) ) ;
#1566 = DIRECTION ( 'NONE',  ( 0.000000000000000000, 0.000000000000000000, -1.000000000000000000 ) ) ;
#1567 = ORIENTED_EDGE ( 'NONE', *, *, #4546, .F. ) ;
#1568 = CYLINDRICAL_SURFACE ( 'NONE', #1101, 20.00000000000000355 ) ;
#1569 = CIRCLE ( 'NONE', #4345, 3.499999999999999556 ) ;
#1570 = CARTESIAN_POINT ( 'NONE',  ( -38.85800448670128304, 28.00000000000000000, 2.011882848956656478 ) ) ;
#1571 = CARTESIAN_POINT ( 'NONE',  ( -58.84847104161213593, -75.42296618866942026, -9.280112190864176824 ) ) ;
#1572 = AXIS2_PLACEMENT_3D ( 'NONE', #3826, #364, #6520 ) ;
#1573 = EDGE_LOOP ( 'NONE', ( #1559, #6196 ) ) ;
#1574 = DIRECTION ( 'NONE',  ( 0.000000000000000000, 0.000000000000000000, -1.000000000000000000 ) ) ;
#1575 = EDGE_LOOP ( 'NONE', ( #1294, #8494, #8860 ) ) ;
#1576 = CARTESIAN_POINT ( 'NONE',  ( -59.90385748463430104, -25.21205109102978525, -6.435997243541130786 ) ) ;
#1577 = EDGE_CURVE ( 'NONE', #6686, #116, #261, .T. ) ;
#1578 = EDGE_CURVE ( 'NONE', #77, #3539, #7701, .T. ) ;
#1579 = ORIENTED_EDGE ( 'NONE', *, *, #3362, .F. ) ;
#1580 = FACE_BOUND ( 'NONE', #1439, .T. ) ;
#1581 = DIRECTION ( 'NONE',  ( 1.000000000000000000, 0.000000000000000000, 0.000000000000000000 ) ) ;
#1582 = CARTESIAN_POINT ( 'NONE',  ( -30.45800448670127381, -104.8580868800252546, 26.41188284895664040 ) ) ;
#1583 = VERTEX_POINT ( 'NONE', #3433 ) ;
#1584 = CARTESIAN_POINT ( 'NONE',  ( -57.57939395488256906, -74.58723215218626024, -9.813466420867918316 ) ) ;
#1585 = EDGE_CURVE ( 'NONE', #5345, #3701, #6852, .T. ) ;
#1586 = CARTESIAN_POINT ( 'NONE',  ( -32.10800448670127594, -28.67822028544097890, 1.411882848956637293 ) ) ;
#1587 = EDGE_CURVE ( 'NONE', #7462, #9012, #2835, .T. ) ;
#1588 = ORIENTED_EDGE ( 'NONE', *, *, #191, .T. ) ;
#1589 = DIRECTION ( 'NONE',  ( 0.000000000000000000, 0.000000000000000000, 1.000000000000000000 ) ) ;
#1590 = CARTESIAN_POINT ( 'NONE',  ( -62.13226403709476386, -23.72978887300771333, -7.500884784179261189 ) ) ;
#1591 = CARTESIAN_POINT ( 'NONE',  ( -4.078489616767702053, -30.37928438012798082, -6.356602609567012507 ) ) ;
#1592 = CARTESIAN_POINT ( 'NONE',  ( -3.074986371834412147, -19.78107491109050287, -5.222171275508632249 ) ) ;
#1593 = CARTESIAN_POINT ( 'NONE',  ( -63.19491060517255931, -39.13244117799577282, -6.784664698393544136 ) ) ;
#1594 = VERTEX_POINT ( 'NONE', #8319 ) ;
#1595 = DIRECTION ( 'NONE',  ( 0.3922749854591619512, 0.9198479960205460104, 0.000000000000000000 ) ) ;
#1596 = CARTESIAN_POINT ( 'NONE',  ( -32.10800448670126883, -84.85808688002525457, -1.588117151043349606 ) ) ;
#1597 = FACE_OUTER_BOUND ( 'NONE', #8734, .T. ) ;
#1598 = CARTESIAN_POINT ( 'NONE',  ( -16.94633216144788079, -2.014867433479348158, -7.253989783558401072 ) ) ;
#1599 = EDGE_CURVE ( 'NONE', #4406, #5151, #6687, .T. ) ;
#1600 = CARTESIAN_POINT ( 'NONE',  ( -72.83813534582833427, -76.75818478260556788, 26.41188284895664040 ) ) ;
#1601 = LINE ( 'NONE', #3010, #2232 ) ;
#1602 = CARTESIAN_POINT ( 'NONE',  ( -64.69168998434729190, -13.83311594803765132, 1.886622454739321331 ) ) ;
#1603 = VERTEX_POINT ( 'NONE', #2064 ) ;
#1604 = CARTESIAN_POINT ( 'NONE',  ( -53.06142559424468175, -64.99847556298639972, -11.11773263914204968 ) ) ;
#1605 = CARTESIAN_POINT ( 'NONE',  ( -22.60800448670127594, -38.17822028544185997, -13.22822741526793955 ) ) ;
#1606 = ORIENTED_EDGE ( 'NONE', *, *, #649, .F. ) ;
#1607 = CARTESIAN_POINT ( 'NONE',  ( -42.91858867808181088, -29.19263609406135629, 1.411882848956637293 ) ) ;
#1608 = AXIS2_PLACEMENT_3D ( 'NONE', #1273, #580, #4736 ) ;
#1609 = CARTESIAN_POINT ( 'NONE',  ( -55.45220841946809998, -55.24491022852094346, -8.735970774055054733 ) ) ;
#1610 = CARTESIAN_POINT ( 'NONE',  ( -16.10800448670127949, -38.17822028544185997, 18.41188284895663685 ) ) ;
#1611 = ORIENTED_EDGE ( 'NONE', *, *, #4034, .F. ) ;
#1612 = CARTESIAN_POINT ( 'NONE',  ( -37.10800448670125462, -38.17822028544185997, -13.22822741526793955 ) ) ;
#1613 = CARTESIAN_POINT ( 'NONE',  ( -30.28300448670128020, -54.17822028544186708, 18.41188284895663685 ) ) ;
#1614 = LINE ( 'NONE', #1443, #8855 ) ;
#1615 = DIRECTION ( 'NONE',  ( 1.000000000000000000, 0.000000000000000000, 0.000000000000000000 ) ) ;
#1616 = VERTEX_POINT ( 'NONE', #40 ) ;
#1617 = DIRECTION ( 'NONE',  ( -1.000000000000000000, 0.000000000000000000, 0.000000000000000000 ) ) ;
#1618 = ORIENTED_EDGE ( 'NONE', *, *, #8307, .F. ) ;
#1619 = CARTESIAN_POINT ( 'NONE',  ( -59.94639565344104426, -24.75194532879735476, -6.411047080402061837 ) ) ;
#1620 = EDGE_LOOP ( 'NONE', ( #2816, #3299, #5977, #2274 ) ) ;
#1621 = CARTESIAN_POINT ( 'NONE',  ( -11.05583048829233839, -64.80894012818708916, -11.09849108478922730 ) ) ;
#1622 = CARTESIAN_POINT ( 'NONE',  ( -60.36494044385235469, -77.85288735660026305, -6.790473328852615786 ) ) ;
#1623 = CARTESIAN_POINT ( 'NONE',  ( -26.52182084515409244, -5.425610511049451468, -11.24263612206087437 ) ) ;
#1624 = EDGE_CURVE ( 'NONE', #3803, #3429, #6908, .T. ) ;
#1625 = EDGE_LOOP ( 'NONE', ( #9022, #6408, #7417, #3620, #4999, #2916, #8645, #2037, #5591, #474, #6223, #2774 ) ) ;
#1626 = DIRECTION ( 'NONE',  ( 1.000000000000000000, 0.000000000000000000, 0.000000000000000000 ) ) ;
#1627 = CARTESIAN_POINT ( 'NONE',  ( -32.10800448670126883, -38.00442471284927848, 26.41188284895664040 ) ) ;
#1628 = ORIENTED_EDGE ( 'NONE', *, *, #2772, .F. ) ;
#1629 = CARTESIAN_POINT ( 'NONE',  ( -63.21187864427142955, -38.55185350492617857, -6.772601344777968713 ) ) ;
#1630 = VECTOR ( 'NONE', #867, 1000.000000000000000 ) ;
#1631 = CARTESIAN_POINT ( 'NONE',  ( -62.80875262743087006, -20.85985320712983082, -6.706541337486655152 ) ) ;
#1632 = CARTESIAN_POINT ( 'NONE',  ( -4.390385241663047111, -27.17289934112068295, -6.540610914906763718 ) ) ;
#1633 = CARTESIAN_POINT ( 'NONE',  ( -1.649932480714330962, -21.93426047073410246, -7.054155929705863137 ) ) ;
#1634 = ADVANCED_FACE ( 'NONE', ( #733 ), #4934, .T. ) ;
#1635 = CARTESIAN_POINT ( 'NONE',  ( -1.043488338391906023, -35.65319419351083496, -6.800593512351030157 ) ) ;
#1636 = ADVANCED_FACE ( 'NONE', ( #3688 ), #5735, .F. ) ;
#1637 = VECTOR ( 'NONE', #8058, 1000.000000000000000 ) ;
#1638 = CARTESIAN_POINT ( 'NONE',  ( -30.32458631774564850, 1.409939800576874180, -11.36460741583735157 ) ) ;
#1639 = AXIS2_PLACEMENT_3D ( 'NONE', #6260, #8906, #8996 ) ;
#1640 = ORIENTED_EDGE ( 'NONE', *, *, #5749, .F. ) ;
#1641 = CARTESIAN_POINT ( 'NONE',  ( -44.93356296991329657, -86.75818478260559630, 19.87819195885927570 ) ) ;
#1642 = DIRECTION ( 'NONE',  ( -1.000000000000000000, 0.000000000000000000, 0.000000000000000000 ) ) ;
#1643 = CARTESIAN_POINT ( 'NONE',  ( -32.10800448670126883, -114.8580868800252404, 8.411882848956651060 ) ) ;
#1644 = FACE_OUTER_BOUND ( 'NONE', #6829, .T. ) ;
#1645 = VECTOR ( 'NONE', #8896, 1000.000000000000000 ) ;
#1646 = CARTESIAN_POINT ( 'NONE',  ( -10.94775171055004748, -72.44135674263323210, -9.499869633791059087 ) ) ;
#1647 = CARTESIAN_POINT ( 'NONE',  ( -29.13775109518056894, -9.153611226933596967, -8.769546997340288641 ) ) ;
#1648 = ORIENTED_EDGE ( 'NONE', *, *, #7975, .T. ) ;
#1649 = CARTESIAN_POINT ( 'NONE',  ( -56.13813534582835985, -22.21112135110120533, 26.41188284895662619 ) ) ;
#1650 = EDGE_CURVE ( 'NONE', #8593, #2141, #7441, .T. ) ;
#1651 = CARTESIAN_POINT ( 'NONE',  ( -41.50925163580170363, -8.526701151334142637, -7.762791287428992604 ) ) ;
#1652 = ORIENTED_EDGE ( 'NONE', *, *, #5891, .T. ) ;
#1653 = VECTOR ( 'NONE', #8789, 1000.000000000000000 ) ;
#1654 = CARTESIAN_POINT ( 'NONE',  ( -71.39923338432244293, 3.777450567737126175, -13.22822741526793955 ) ) ;
#1655 = AXIS2_PLACEMENT_3D ( 'NONE', #4992, #4187, #7006 ) ;
#1656 = CARTESIAN_POINT ( 'NONE',  ( 2.156674276835125692, -14.37562067342464189, -0.8083747905313595217 ) ) ;
#1657 = CARTESIAN_POINT ( 'NONE',  ( -65.50317409934316970, -12.89278051652616952, 2.456362943299636115 ) ) ;
#1658 = DIRECTION ( 'NONE',  ( -1.000000000000000000, 0.000000000000000000, 0.000000000000000000 ) ) ;
#1659 = ORIENTED_EDGE ( 'NONE', *, *, #8399, .T. ) ;
#1660 = LINE ( 'NONE', #5219, #4172 ) ;
#1661 = DIRECTION ( 'NONE',  ( 0.000000000000000000, 0.000000000000000000, 1.000000000000000000 ) ) ;
#1662 = CARTESIAN_POINT ( 'NONE',  ( -10.54272264810457393, -69.12016093684491125, -10.99213912391865833 ) ) ;
#1663 = EDGE_CURVE ( 'NONE', #1478, #4735, #5401, .T. ) ;
#1664 = CARTESIAN_POINT ( 'NONE',  ( -63.55244491301892396, -15.24466661381384824, 1.411882848956634406 ) ) ;
#1665 = ORIENTED_EDGE ( 'NONE', *, *, #3491, .T. ) ;
#1666 = AXIS2_PLACEMENT_3D ( 'NONE', #5681, #8477, #8525 ) ;
#1667 = CARTESIAN_POINT ( 'NONE',  ( -2.225139824542205602, -78.34494736845276464, -5.831039655775564157 ) ) ;
#1668 = ORIENTED_EDGE ( 'NONE', *, *, #1663, .F. ) ;
#1669 = CARTESIAN_POINT ( 'NONE',  ( -61.87498243476284188, -26.32913060802762573, -7.662974001544323954 ) ) ;
#1670 = VERTEX_POINT ( 'NONE', #8577 ) ;
#1671 = CARTESIAN_POINT ( 'NONE',  ( -10.80981053885482979, -68.06108375720528159, -11.04892279043175485 ) ) ;
#1672 = CARTESIAN_POINT ( 'NONE',  ( -59.92770728379756662, -77.68585155613443760, -7.024078725324348405 ) ) ;
#1673 = AXIS2_PLACEMENT_3D ( 'NONE', #4065, #2692, #2013 ) ;
#1674 = EDGE_LOOP ( 'NONE', ( #389, #5767 ) ) ;
#1675 = DIRECTION ( 'NONE',  ( 0.5130747901180195969, 0.8583439052881718379, 0.000000000000000000 ) ) ;
#1676 =( BOUNDED_CURVE ( )  B_SPLINE_CURVE ( 3, ( #478, #4588, #7369, #1168 ),
 .UNSPECIFIED., .F., .F. ) 
 B_SPLINE_CURVE_WITH_KNOTS ( ( 4, 4 ),
 ( 3.723472313315400850, 4.128612122792243433 ),
 .UNSPECIFIED. ) 
 CURVE ( )  GEOMETRIC_REPRESENTATION_ITEM ( )  RATIONAL_B_SPLINE_CURVE ( ( 1.000000000000000000, 0.9863685205129959499, 0.9863685205129959499, 1.000000000000000000 ) ) 
 REPRESENTATION_ITEM ( '' )  );
#1677 = CIRCLE ( 'NONE', #7945, 28.99999999999832667 ) ;
#1678 = CARTESIAN_POINT ( 'NONE',  ( -49.10477169990632973, -4.633795719838481375, -4.147941930933354726 ) ) ;
#1679 = ORIENTED_EDGE ( 'NONE', *, *, #3310, .T. ) ;
#1680 = CARTESIAN_POINT ( 'NONE',  ( -62.85467038972289089, -42.57620095997592102, -7.022641789476733010 ) ) ;
#1681 = LINE ( 'NONE', #4512, #6744 ) ;
#1682 = DIRECTION ( 'NONE',  ( 0.7071067811865441310, 0.7071067811865507924, 0.000000000000000000 ) ) ;
#1683 = B_SPLINE_SURFACE_WITH_KNOTS ( 'NONE', 1, 3, ( 
 ( #3277, #8985, #6066, #8890, #5468, #7147, #4883, #2907, #8521, #5603, #7840, #6290, #892, #2865, #2272, #91, #5007, #766, #2180, #2782, #172, #8475, #6372, #1539, #726, #8397, #8353, #48, #4924, #2142, #6979, #2824, #1584, #4371, #3677, #5642, #4198, #5679, #7714, #7796, #4329, #2225, #8437, #1454, #5049, #4962, #4239, #7751 ),
 ( #8, #5560, #7018, #2098, #7673, #7102, #849, #1417, #3631, #3505, #3589, #6414, #810, #3548, #6332, #1494, #4284, #7059, #131, #2948, #5726, #8654, #1812, #5138, #6549, #4464, #220, #7977, #8609, #2355, #7194, #4549, #3075, #5773, #8742, #1129, #267, #7242, #308, #5864, #2402, #6461, #3038, #5232, #5188, #5275, #1722, #4507 ) ),
 .UNSPECIFIED., .F., .F., .F.,
 ( 2, 2 ),
 ( 4, 2, 2, 2, 2, 2, 2, 2, 2, 2, 2, 2, 2, 2, 2, 2, 2, 2, 2, 2, 2, 2, 2, 4 ),
 ( 0.000000000000000000, 1.000000000000000000 ),
 ( 0.000000000000000000, 0.001944798013320141183, 0.002917197019980211775, 0.003889596026640282367, 0.004375795529970317663, 0.004861995033300352959, 0.005348194536630388254, 0.005834394039960423550, 0.006320593543290458846, 0.006806793046620494142, 0.007779192053280564734, 0.008751591059940635325, 0.009237790563270670621, 0.009723990066600705917, 0.01021018956993074121, 0.01045328932159575799, 0.01069638907326077651, 0.01166878807992084710, 0.01264118708658091769, 0.01361358609324098828, 0.01409978559657102358, 0.01458598509990105888, 0.01507218460323109417, 0.01555838410656112947 ),
 .UNSPECIFIED. ) ;
#1684 = AXIS2_PLACEMENT_3D ( 'NONE', #5193, #8794, #4513 ) ;
#1685 = CARTESIAN_POINT ( 'NONE',  ( -0.5295463800183312086, -18.72356922964726067, -5.505074767855223428 ) ) ;
#1686 = FACE_OUTER_BOUND ( 'NONE', #2727, .T. ) ;
#1687 = CARTESIAN_POINT ( 'NONE',  ( -9.948259799028820183, 1.862355555721558753, 3.189527234908191122 ) ) ;
#1688 = ORIENTED_EDGE ( 'NONE', *, *, #2522, .T. ) ;
#1689 = CARTESIAN_POINT ( 'NONE',  ( -37.91434518972016576, -5.407755993098017910, -11.20932078890414019 ) ) ;
#1690 = DIRECTION ( 'NONE',  ( 0.000000000000000000, 0.000000000000000000, -1.000000000000000000 ) ) ;
#1691 = CARTESIAN_POINT ( 'NONE',  ( -52.93356296991327525, -76.75818478260559630, 24.41188284895663685 ) ) ;
#1692 = EDGE_CURVE ( 'NONE', #3354, #964, #2234, .T. ) ;
#1693 = CARTESIAN_POINT ( 'NONE',  ( -28.62889392759513640, 18.00986544642862697, -8.883407053840338463 ) ) ;
#1694 = EDGE_CURVE ( 'NONE', #1748, #6270, #4948, .T. ) ;
#1695 = DIRECTION ( 'NONE',  ( 0.5130747901180197079, 0.8583439052881717268, 0.000000000000000000 ) ) ;
#1696 = B_SPLINE_CURVE_WITH_KNOTS ( 'NONE', 3,
 ( #1490, #3503, #4280, #7793, #6412, #170, #263, #1623, #3035, #5817, #4411, #5135, #942, #7191, #8607, #2353, #3724, #6504, #4064, #2642, #7487, #6937, #594, #1966, #3375, #3965, #1374, #642, #7578, #2741, #1916, #2601, #6071, #6116, #4109, #3333, #8172, #1239 ),
 .UNSPECIFIED., .F., .F.,
 ( 4, 2, 2, 2, 2, 2, 2, 2, 2, 2, 2, 2, 2, 2, 2, 2, 2, 2, 4 ),
 ( 0.000000000000000000, 0.06249999999999998612, 0.09374999999999998612, 0.1250000000000000000, 0.1562500000000000000, 0.1875000000000000000, 0.2500000000000000000, 0.3124999999999999445, 0.3749999999999999445, 0.4374999999999999445, 0.4999999999999998890, 0.5624999999999998890, 0.6249999999999998890, 0.6874999999999998890, 0.7187499999999998890, 0.7499999999999998890, 0.8124999999999998890, 0.8749999999999998890, 1.000000000000000000 ),
 .UNSPECIFIED. ) ;
#1697 = CARTESIAN_POINT ( 'NONE',  ( -24.79037161834924774, -8.964714746403119605, -8.237689814324040682 ) ) ;
#1698 = ORIENTED_EDGE ( 'NONE', *, *, #3424, .F. ) ;
#1699 = CYLINDRICAL_SURFACE ( 'NONE', #3751, 1.825000000000000178 ) ;
#1700 = CARTESIAN_POINT ( 'NONE',  ( -3.613083614353937101, -32.50454059555524822, -6.053665073658251572 ) ) ;
#1701 = VERTEX_POINT ( 'NONE', #5922 ) ;
#1702 = CARTESIAN_POINT ( 'NONE',  ( -32.10800448670235596, 20.00000000000003553, 23.41188284895664040 ) ) ;
#1703 = CARTESIAN_POINT ( 'NONE',  ( -30.11076659087606444, 8.490702283747694423, -10.79254915194453446 ) ) ;
#1704 = CARTESIAN_POINT ( 'NONE',  ( -62.05708396376525116, -24.31985779060778086, -7.548601421004993206 ) ) ;
#1705 = CARTESIAN_POINT ( 'NONE',  ( -52.67449314260235127, -59.62143276276380277, -9.510372705713026065 ) ) ;
#1706 = EDGE_CURVE ( 'NONE', #6095, #8589, #8898, .T. ) ;
#1707 = VERTEX_POINT ( 'NONE', #8709 ) ;
#1708 = LINE ( 'NONE', #3156, #2847 ) ;
#1709 = CARTESIAN_POINT ( 'NONE',  ( -32.10800448670235596, 20.00000000000003553, 23.41188284895664040 ) ) ;
#1710 = CARTESIAN_POINT ( 'NONE',  ( -10.17279483772950144, -60.71142750054487180, -10.90873604607399905 ) ) ;
#1711 = DIRECTION ( 'NONE',  ( 0.000000000000000000, 0.000000000000000000, -1.000000000000000000 ) ) ;
#1712 = ORIENTED_EDGE ( 'NONE', *, *, #5668, .T. ) ;
#1713 = CARTESIAN_POINT ( 'NONE',  ( -41.45705874406844771, -120.6700644700557632, -1.484007853212766292 ) ) ;
#1714 = VERTEX_POINT ( 'NONE', #5196 ) ;
#1715 = CARTESIAN_POINT ( 'NONE',  ( -51.49427351911083406, -65.45591833397311632, -1.588117151043344499 ) ) ;
#1716 = ADVANCED_FACE ( 'NONE', ( #7344 ), #5829, .T. ) ;
#1717 = EDGE_LOOP ( 'NONE', ( #4862, #7707, #1306, #1834, #8620, #476, #6999, #6424 ) ) ;
#1718 = CARTESIAN_POINT ( 'NONE',  ( -10.40122851607306131, -69.57056027890044447, -10.96090770546790871 ) ) ;
#1719 = CIRCLE ( 'NONE', #6818, 1.825000000000000178 ) ;
#1720 = CARTESIAN_POINT ( 'NONE',  ( -60.21902578657689276, -77.79888808064674777, -6.869540197454576003 ) ) ;
#1721 = ORIENTED_EDGE ( 'NONE', *, *, #4986, .T. ) ;
#1722 = CARTESIAN_POINT ( 'NONE',  ( -52.85780377950564457, -71.83406215824723517, -9.593955238632846161 ) ) ;
#1723 = DIRECTION ( 'NONE',  ( -1.000000000000000000, 0.000000000000000000, 0.000000000000000000 ) ) ;
#1724 = EDGE_LOOP ( 'NONE', ( #2396, #1803, #8086, #8421, #1648, #8056 ) ) ;
#1725 = PLANE ( 'NONE',  #6339 ) ;
#1726 = CARTESIAN_POINT ( 'NONE',  ( -56.13813534582836695, -22.21112135110119468, 14.41188284895664573 ) ) ;
#1727 = CARTESIAN_POINT ( 'NONE',  ( 8.622126372425734431, -78.75818478260570998, 24.41188284895663685 ) ) ;
#1728 = CARTESIAN_POINT ( 'NONE',  ( -2.066846706010067258, -24.02008052246661762, -7.490010711925408238 ) ) ;
#1729 = CARTESIAN_POINT ( 'NONE',  ( -54.97973225364840744, 4.990091022643514229, 5.401950679924233611 ) ) ;
#1730 =( BOUNDED_CURVE ( )  B_SPLINE_CURVE ( 3, ( #1496, #6885, #4201, #2055 ),
 .UNSPECIFIED., .F., .F. ) 
 B_SPLINE_CURVE_WITH_KNOTS ( ( 4, 4 ),
 ( 4.712388980384689674, 7.853981633974482790 ),
 .UNSPECIFIED. ) 
 CURVE ( )  GEOMETRIC_REPRESENTATION_ITEM ( )  RATIONAL_B_SPLINE_CURVE ( ( 1.000000000000000000, 0.3333333333333333703, 0.3333333333333333703, 1.000000000000000000 ) ) 
 REPRESENTATION_ITEM ( '' )  );
#1731 = CARTESIAN_POINT ( 'NONE',  ( -10.14799952300119834, 0.6810730460595684210, 2.726617157244334511 ) ) ;
#1732 = ORIENTED_EDGE ( 'NONE', *, *, #1371, .F. ) ;
#1733 = LINE ( 'NONE', #319, #6151 ) ;
#1734 = DIRECTION ( 'NONE',  ( 0.9198479960205461214, 0.3922749854591616181, 0.000000000000000000 ) ) ;
#1735 = CARTESIAN_POINT ( 'NONE',  ( -60.35347952362491242, -31.43227590607191502, 108.4362694665913835 ) ) ;
#1736 = DIRECTION ( 'NONE',  ( 0.000000000000000000, 0.000000000000000000, -1.000000000000000000 ) ) ;
#1737 = LINE ( 'NONE', #3053, #2382 ) ;
#1738 = CARTESIAN_POINT ( 'NONE',  ( -16.43088915769018143, -5.629077385193482996, -5.072042958301398841 ) ) ;
#1739 = VERTEX_POINT ( 'NONE', #6654 ) ;
#1740 = CYLINDRICAL_SURFACE ( 'NONE', #7700, 1.824999999999996847 ) ;
#1741 = CARTESIAN_POINT ( 'NONE',  ( 9.173562416004470421, -100.7977949236744166, 8.411882848956651060 ) ) ;
#1742 = EDGE_CURVE ( 'NONE', #5902, #8387, #3191, .T. ) ;
#1743 = ORIENTED_EDGE ( 'NONE', *, *, #5826, .T. ) ;
#1744 = DIRECTION ( 'NONE',  ( 0.000000000000000000, 0.000000000000000000, -1.000000000000000000 ) ) ;
#1745 = CARTESIAN_POINT ( 'NONE',  ( -31.27896163183332945, 8.918630944307286867, -10.91030477734651782 ) ) ;
#1746 = CARTESIAN_POINT ( 'NONE',  ( -64.43446091475419735, -17.07561375659983582, -4.254965318127954532 ) ) ;
#1747 = CARTESIAN_POINT ( 'NONE',  ( -22.60800448670127594, -38.17822028544185997, -13.22822741526793955 ) ) ;
#1748 = VERTEX_POINT ( 'NONE', #3737 ) ;
#1749 = CARTESIAN_POINT ( 'NONE',  ( -19.28244600348924465, -121.6230729217454041, 8.411882848956651060 ) ) ;
#1750 = DIRECTION ( 'NONE',  ( -0.000000000000000000, -0.000000000000000000, -1.000000000000000000 ) ) ;
#1751 = CARTESIAN_POINT ( 'NONE',  ( -9.213102699567421894, -58.74825558408677750, -10.66608625334254157 ) ) ;
#1752 = LINE ( 'NONE', #5900, #8561 ) ;
#1753 = ADVANCED_FACE ( 'NONE', ( #1000 ), #3047, .T. ) ;
#1754 = VERTEX_POINT ( 'NONE', #8938 ) ;
#1755 = EDGE_CURVE ( 'NONE', #391, #3021, #8744, .T. ) ;
#1756 = CARTESIAN_POINT ( 'NONE',  ( -11.28244600348924465, -86.75818478260566735, 2.411882848956650172 ) ) ;
#1757 = ORIENTED_EDGE ( 'NONE', *, *, #9013, .T. ) ;
#1758 = CARTESIAN_POINT ( 'NONE',  ( -29.08295747158943811, -5.484395752076611785, -11.52223254349466686 ) ) ;
#1759 = B_SPLINE_SURFACE_WITH_KNOTS ( 'NONE', 1, 3, ( 
 ( #5088, #2488, #7323, #1028, #7372, #3767, #7238, #5814, #5270, #3722, #1125, #1077, #8559, #1805, #5859, #986, #5182, #7876, #392, #5909, #3806, #3854, #7187, #1621, #4409, #2351, #345, #8604, #940, #6502, #259, #4460, #5132, #7281, #1671, #6545, #8696, #3072, #7973, #2445, #1718, #4504, #8968, #6096, #481, #8875, #6777, #6822, #6186, #5501, #5362, #2035, #4817, #8243, #1992, #6045, #617, #2581, #3901, #530, #7513, #6138, #8153, #2720, #574, #5450, #3309, #8291, #1897, #7601, #8921, #1265, #6683, #3355, #4775, #7420, #434, #5994, #7558, #4683, #2669, #4041, #2623, #3259, #6864, #3213, #6729, #3945, #5316, #1308, #8782, #5406, #3402, #2532 ),
 ( #4089, #8107, #1850, #4636, #8196, #7465, #1170, #8829, #1944, #1219, #3994, #4730, #4185, #4226, #3528, #6359, #7004, #3492, #1441, #713, #5666, #3450, #2893, #6232, #7085, #117, #4950, #8505, #7699, #2125, #6963, #158, #7655, #2255, #8462, #5032, #837, #751, #4911, #6315, #4137, #1521, #791, #7738, #2207, #2080, #2766, #9018, #6274, #4265, #31, #8335, #1401, #2932, #8383, #6918, #2167, #2805, #5543, #1479, #74, #5586, #7044, #2850, #5629, #6401, #8424, #3572, #4990, #7781, #4310, #3617, #5709, #1349, #667, #4866, #3111, #5897, #928, #4533, #382, #7823, #4495, #8641, #7132, #5805, #6446, #7311, #7269, #5169, #335, #8549, #204, #3660 ) ),
 .UNSPECIFIED., .F., .F., .F.,
 ( 2, 2 ),
 ( 4, 2, 2, 2, 2, 2, 2, 2, 2, 2, 2, 2, 2, 2, 2, 2, 2, 2, 2, 2, 2, 2, 2, 2, 2, 2, 2, 2, 2, 2, 2, 2, 2, 2, 2, 2, 2, 2, 2, 2, 2, 2, 2, 2, 2, 2, 4 ),
 ( 0.000000000000000000, 1.000000000000000000 ),
 ( 0.000000000000000000, 0.001859410227596537462, 0.002789115341394806085, 0.003253967898293940505, 0.003718820455193074925, 0.004183673012092208911, 0.004648525568991343331, 0.005113378125890477750, 0.005578230682789612170, 0.006507935796587881010, 0.007437640910386149849, 0.008367346024184417821, 0.008832198581083552241, 0.009297051137982686661, 0.009761903694881821081, 0.01022675625178095550, 0.01115646136557922434, 0.01208616647937749318, 0.01255101903627662760, 0.01301587159317576202, 0.01348072415007489644, 0.01394557670697403086, 0.01441042926387316528, 0.01487528182077229970, 0.01580498693457056680, 0.01673469204836883564, 0.01719954460526797180, 0.01766439716216710448, 0.01812924971906623717, 0.01859410227596537332, 0.01952380738976364216, 0.02045351250356191100, 0.02091836506046104716, 0.02138321761736017984, 0.02184807017425931253, 0.02231292273115844868, 0.02277777528805758483, 0.02324262784495671752, 0.02417233295875498636, 0.02510203807255325520, 0.02603174318635152404, 0.02649659574325066019, 0.02696144830014979288, 0.02742630085704892556, 0.02789115341394806172, 0.02882085852774633056, 0.02975056364154459940 ),
 .UNSPECIFIED. ) ;
#1760 = ORIENTED_EDGE ( 'NONE', *, *, #129, .T. ) ;
#1761 = LINE ( 'NONE', #8739, #669 ) ;
#1762 = CARTESIAN_POINT ( 'NONE',  ( -59.34700927517233993, -77.44199472150000929, -7.320705214946531925 ) ) ;
#1763 = ORIENTED_EDGE ( 'NONE', *, *, #4984, .T. ) ;
#1764 = EDGE_CURVE ( 'NONE', #3725, #5718, #6275, .T. ) ;
#1765 = CARTESIAN_POINT ( 'NONE',  ( 1.003894676266585906, -13.22102999868645590, 1.563611441588417916 ) ) ;
#1766 = CARTESIAN_POINT ( 'NONE',  ( -52.87311269603596742, -59.16513293516243266, -9.466423335487597512 ) ) ;
#1767 = CARTESIAN_POINT ( 'NONE',  ( -41.09358867808099092, -47.16380447682146837, 1.411882848956637293 ) ) ;
#1768 = ORIENTED_EDGE ( 'NONE', *, *, #7274, .F. ) ;
#1769 = CARTESIAN_POINT ( 'NONE',  ( -63.14732024895595686, -40.00347099172717691, -6.818397858113010912 ) ) ;
#1770 = CARTESIAN_POINT ( 'NONE',  ( -30.45800448670127025, -74.85808688002526878, 26.41188284895664040 ) ) ;
#1771 = LINE ( 'NONE', #5918, #4313 ) ;
#1772 = CYLINDRICAL_SURFACE ( 'NONE', #7833, 2.000000000000001776 ) ;
#1773 = CARTESIAN_POINT ( 'NONE',  ( -54.34832772281531987, 2.287029379436304577, 3.403344472212836536 ) ) ;
#1774 = EDGE_CURVE ( 'NONE', #1154, #3664, #4837, .T. ) ;
#1775 = CARTESIAN_POINT ( 'NONE',  ( -9.834483311594778954, 2.461459131112488485, 3.491717382063785013 ) ) ;
#1776 = ORIENTED_EDGE ( 'NONE', *, *, #7057, .F. ) ;
#1777 = CARTESIAN_POINT ( 'NONE',  ( -42.81994953929599035, -4.284250934265054767, -9.836121496536998521 ) ) ;
#1778 = CARTESIAN_POINT ( 'NONE',  ( -66.47584000977293783, -7.475726470710030824, 15.31269238314865611 ) ) ;
#1779 = COLOUR_RGB ( '',0.7921568627450980005, 0.8196078431372548767, 0.9333333333333333481 ) ;
#1780 = FACE_OUTER_BOUND ( 'NONE', #1854, .T. ) ;
#1781 = CARTESIAN_POINT ( 'NONE',  ( -30.05502480704444679, 16.55721544970369052, -9.594744319851798764 ) ) ;
#1782 = CARTESIAN_POINT ( 'NONE',  ( -47.10800448670129015, 28.00000000000000000, 26.41188284895664040 ) ) ;
#1783 = AXIS2_PLACEMENT_3D ( 'NONE', #8333, #4864, #6272 ) ;
#1784 = CARTESIAN_POINT ( 'NONE',  ( -25.86408334842974810, -9.096575795506021578, -8.419331902531569156 ) ) ;
#1785 = ORIENTED_EDGE ( 'NONE', *, *, #1112, .F. ) ;
#1786 = CIRCLE ( 'NONE', #1639, 24.69999999999993179 ) ;
#1787 = CARTESIAN_POINT ( 'NONE',  ( -47.10800448670129015, 28.00000000000000000, 14.41188284895664573 ) ) ;
#1788 = CYLINDRICAL_SURFACE ( 'NONE', #5570, 20.00000000000000000 ) ;
#1789 = EDGE_LOOP ( 'NONE', ( #2776, #5218 ) ) ;
#1790 = CARTESIAN_POINT ( 'NONE',  ( -42.28832066944579537, -30.57221591009646389, 1.411882848956637293 ) ) ;
#1791 = CARTESIAN_POINT ( 'NONE',  ( -48.39092384113970979, -79.49247280961645856, 25.81218147485817482 ) ) ;
#1792 = AXIS2_PLACEMENT_3D ( 'NONE', #3170, #4684, #7373 ) ;
#1793 = CARTESIAN_POINT ( 'NONE',  ( -63.78931377221140764, -18.32974349180274132, -5.287547273425314387 ) ) ;
#1794 = CARTESIAN_POINT ( 'NONE',  ( -51.52687871339737313, -64.45345404934187172, -9.737367730416785605 ) ) ;
#1795 = ORIENTED_EDGE ( 'NONE', *, *, #3922, .F. ) ;
#1796 = CARTESIAN_POINT ( 'NONE',  ( -61.42089618214177449, -19.08587366037292909, -4.777856332579187182 ) ) ;
#1797 = DIRECTION ( 'NONE',  ( 1.000000000000000000, 0.000000000000000000, 0.000000000000000000 ) ) ;
#1798 = CARTESIAN_POINT ( 'NONE',  ( -23.28244600348924465, -119.6230729217454041, -1.588117151043349606 ) ) ;
#1799 = CARTESIAN_POINT ( 'NONE',  ( -43.86028929186278447, -3.873149768212020838, -9.372809570145884450 ) ) ;
#1800 = VECTOR ( 'NONE', #8945, 1000.000000000000114 ) ;
#1801 = AXIS2_PLACEMENT_3D ( 'NONE', #3692, #958, #1642 ) ;
#1802 = ORIENTED_EDGE ( 'NONE', *, *, #8178, .T. ) ;
#1803 = ORIENTED_EDGE ( 'NONE', *, *, #7324, .T. ) ;
#1804 = ORIENTED_EDGE ( 'NONE', *, *, #3884, .F. ) ;
#1805 = CARTESIAN_POINT ( 'NONE',  ( -10.33713375976948079, -61.15414141250462166, -10.94648739690139294 ) ) ;
#1806 = AXIS2_PLACEMENT_3D ( 'NONE', #6487, #5704, #4398 ) ;
#1807 = EDGE_CURVE ( 'NONE', #5364, #4814, #1467, .T. ) ;
#1808 = FACE_OUTER_BOUND ( 'NONE', #3805, .T. ) ;
#1809 = EDGE_CURVE ( 'NONE', #3146, #573, #8168, .T. ) ;
#1810 = AXIS2_PLACEMENT_3D ( 'NONE', #44, #2862, #7100 ) ;
#1811 = VERTEX_POINT ( 'NONE', #1912 ) ;
#1812 = CARTESIAN_POINT ( 'NONE',  ( -58.19768045396977385, -76.86512857231116413, -7.855693368233493068 ) ) ;
#1813 = DIRECTION ( 'NONE',  ( -0.000000000000000000, -0.000000000000000000, -1.000000000000000000 ) ) ;
#1814 = DIRECTION ( 'NONE',  ( 0.000000000000000000, 0.000000000000000000, -1.000000000000000000 ) ) ;
#1815 = EDGE_LOOP ( 'NONE', ( #3788, #4825, #1318, #7043 ) ) ;
#1816 = VECTOR ( 'NONE', #4703, 1000.000000000000000 ) ;
#1817 = CARTESIAN_POINT ( 'NONE',  ( -61.43942049385474036, -47.95516697577157572, -7.928198070317055368 ) ) ;
#1818 = CARTESIAN_POINT ( 'NONE',  ( -35.60800448670127594, -91.85808688002526878, 15.71304397457181246 ) ) ;
#1819 = FACE_OUTER_BOUND ( 'NONE', #17, .T. ) ;
#1820 = EDGE_CURVE ( 'NONE', #4643, #3924, #4746, .T. ) ;
#1821 = CARTESIAN_POINT ( 'NONE',  ( -54.16907956331863971, 1.291132642692083277, 2.954430552358795481 ) ) ;
#1822 = CARTESIAN_POINT ( 'NONE',  ( -9.522323396000148321, 3.931933304048310429, 4.411559023313869510 ) ) ;
#1823 = ORIENTED_EDGE ( 'NONE', *, *, #1397, .F. ) ;
#1824 = CARTESIAN_POINT ( 'NONE',  ( -43.86028929186278447, -3.873149768212020838, -9.372809570145884450 ) ) ;
#1825 = CARTESIAN_POINT ( 'NONE',  ( -32.10800448670127594, -22.17822028544098245, -13.22822741526793955 ) ) ;
#1826 = DIRECTION ( 'NONE',  ( 0.000000000000000000, 0.000000000000000000, 1.000000000000000000 ) ) ;
#1827 = CARTESIAN_POINT ( 'NONE',  ( -28.10800448671606588, 20.00000000000004619, -8.224301224362664087 ) ) ;
#1828 = ADVANCED_FACE ( 'NONE', ( #2007 ), #1234, .T. ) ;
#1829 = CARTESIAN_POINT ( 'NONE',  ( 3.930693185045684324, -8.802380802233701118, 14.41188284895664573 ) ) ;
#1830 = CARTESIAN_POINT ( 'NONE',  ( -11.67427527093957984, -70.96552610095437785, -9.624942562949938107 ) ) ;
#1831 = VERTEX_POINT ( 'NONE', #4060 ) ;
#1832 = CARTESIAN_POINT ( 'NONE',  ( -48.40150333979774899, -38.17822028544185997, -13.22822741526793955 ) ) ;
#1833 = CARTESIAN_POINT ( 'NONE',  ( -5.767123777210601432, -50.14718448268713757, -7.410889004886242581 ) ) ;
#1834 = ORIENTED_EDGE ( 'NONE', *, *, #45, .F. ) ;
#1835 = AXIS2_PLACEMENT_3D ( 'NONE', #1643, #4478, #2463 ) ;
#1836 = DIRECTION ( 'NONE',  ( 1.000000000000000000, 0.000000000000000000, 0.000000000000000000 ) ) ;
#1837 = CARTESIAN_POINT ( 'NONE',  ( -32.52434923050267912, 8.983688081161647077, -10.92908737828139110 ) ) ;
#1838 = CARTESIAN_POINT ( 'NONE',  ( -64.32376734197157475, -17.27616246559569291, -4.437069256266333639 ) ) ;
#1839 = CARTESIAN_POINT ( 'NONE',  ( -19.53084897349712534, -71.48596535551243392, 8.411882848956651060 ) ) ;
#1840 = ORIENTED_EDGE ( 'NONE', *, *, #534, .F. ) ;
#1841 = CARTESIAN_POINT ( 'NONE',  ( 2.083675746966820785, -8.618095648660828445, 7.137918271872982778 ) ) ;
#1842 = CIRCLE ( 'NONE', #7529, 20.00000000000000000 ) ;
#1843 = CARTESIAN_POINT ( 'NONE',  ( -59.67383540975627199, -47.01239708392538574, -6.614572727708399213 ) ) ;
#1844 = CARTESIAN_POINT ( 'NONE',  ( -10.45036211542631932, -69.42049012201771063, -10.97183942910160859 ) ) ;
#1845 = DIRECTION ( 'NONE',  ( -1.000000000000000000, 0.000000000000000000, 0.000000000000000000 ) ) ;
#1846 = ORIENTED_EDGE ( 'NONE', *, *, #3070, .F. ) ;
#1847 = ORIENTED_EDGE ( 'NONE', *, *, #584, .F. ) ;
#1848 = CARTESIAN_POINT ( 'NONE',  ( -57.24980330005229234, -76.29537883404425713, -1.291940549100361491 ) ) ;
#1849 = ORIENTED_EDGE ( 'NONE', *, *, #4087, .F. ) ;
#1850 = CARTESIAN_POINT ( 'NONE',  ( -10.25387323113640115, -57.18525791274135628, -9.284443223116040755 ) ) ;
#1851 = CARTESIAN_POINT ( 'NONE',  ( -46.16679701263080915, 27.59861613027115368, 7.189660626734410087 ) ) ;
#1852 = ORIENTED_EDGE ( 'NONE', *, *, #5274, .F. ) ;
#1853 = CARTESIAN_POINT ( 'NONE',  ( -62.60137337604201946, -76.97164695721347982, -7.194662833312580830 ) ) ;
#1854 = EDGE_LOOP ( 'NONE', ( #5687, #3856, #6075, #4293 ) ) ;
#1855 = DIRECTION ( 'NONE',  ( 0.000000000000000000, -0.000000000000000000, 1.000000000000000000 ) ) ;
#1856 = EDGE_CURVE ( 'NONE', #2958, #1154, #2682, .T. ) ;
#1857 = CARTESIAN_POINT ( 'NONE',  ( -9.210049470543864913, -72.14014561077402732, -10.66470925389765156 ) ) ;
#1858 = EDGE_CURVE ( 'NONE', #807, #1899, #2949, .T. ) ;
#1859 = VECTOR ( 'NONE', #2978, 1000.000000000000000 ) ;
#1860 = DIRECTION ( 'NONE',  ( 1.000000000000000000, 0.000000000000000000, 0.000000000000000000 ) ) ;
#1861 = VECTOR ( 'NONE', #7670, 1000.000000000000000 ) ;
#1862 = EDGE_LOOP ( 'NONE', ( #6968, #6819 ) ) ;
#1863 = DIRECTION ( 'NONE',  ( 0.000000000000000000, 0.000000000000000000, -1.000000000000000000 ) ) ;
#1864 = CARTESIAN_POINT ( 'NONE',  ( -52.93356296991329657, -86.75818478260559630, 24.41188284895662264 ) ) ;
#1865 = CARTESIAN_POINT ( 'NONE',  ( -54.25764771258014463, -72.04377294300496715, -10.31254500158388332 ) ) ;
#1866 = AXIS2_PLACEMENT_3D ( 'NONE', #4450, #4496, #2435 ) ;
#1867 = CARTESIAN_POINT ( 'NONE',  ( -54.35541640124417029, 2.324521643963667561, 3.422086505781549715 ) ) ;
#1868 = CARTESIAN_POINT ( 'NONE',  ( -19.28244600348924465, -121.6230729217454041, 2.411882848956650172 ) ) ;
#1869 = EDGE_CURVE ( 'NONE', #7785, #6270, #4480, .T. ) ;
#1870 = VERTEX_POINT ( 'NONE', #6250 ) ;
#1871 = AXIS2_PLACEMENT_3D ( 'NONE', #655, #7404, #5436 ) ;
#1872 = ADVANCED_FACE ( 'NONE', ( #4011 ), #3417, .F. ) ;
#1873 = CARTESIAN_POINT ( 'NONE',  ( -41.72961827865985640, -4.644041884491002747, -10.24625485000076885 ) ) ;
#1874 = CARTESIAN_POINT ( 'NONE',  ( -29.64535569882670885, 8.155910156606891448, -10.71463292097513431 ) ) ;
#1875 = CARTESIAN_POINT ( 'NONE',  ( -4.390385241663047111, -27.17289934112068295, -6.540610914906763718 ) ) ;
#1876 = CARTESIAN_POINT ( 'NONE',  ( 8.485656625294851096, -22.46185582811253312, 5.819513613604492264 ) ) ;
#1877 = DIRECTION ( 'NONE',  ( -1.000000000000000000, 0.000000000000000000, 0.000000000000000000 ) ) ;
#1878 = CARTESIAN_POINT ( 'NONE',  ( -22.48756871628233611, -120.4179502089522913, -1.535702756784146361 ) ) ;
#1879 = ORIENTED_EDGE ( 'NONE', *, *, #1040, .T. ) ;
#1880 = CARTESIAN_POINT ( 'NONE',  ( -2.225139824542205602, -78.34494736845276464, -5.831039655775564157 ) ) ;
#1881 = CARTESIAN_POINT ( 'NONE',  ( -4.845730224629014593, -47.89597529229793338, -6.868601471760301003 ) ) ;
#1882 = ORIENTED_EDGE ( 'NONE', *, *, #8660, .F. ) ;
#1883 = ADVANCED_FACE ( 'NONE', ( #7483 ), #3370, .F. ) ;
#1884 = CARTESIAN_POINT ( 'NONE',  ( -53.07584744109676933, -64.69252623096514299, -11.11494721860240631 ) ) ;
#1885 = CARTESIAN_POINT ( 'NONE',  ( -11.69747377613024142, -1.114434116073174108, -0.3763680163895981035 ) ) ;
#1886 = DIRECTION ( 'NONE',  ( 1.000000000000000000, -4.625929269271485322E-15, 0.000000000000000000 ) ) ;
#1887 = CARTESIAN_POINT ( 'NONE',  ( -63.99869936260125769, -17.89705941478340279, -4.960439220328344057 ) ) ;
#1888 = DIRECTION ( 'NONE',  ( -0.3627986633483183398, 0.6069407960194130869, 0.7071067811865437980 ) ) ;
#1889 = VERTEX_POINT ( 'NONE', #1868 ) ;
#1890 = CARTESIAN_POINT ( 'NONE',  ( -42.93356296991328946, -123.6230729217453899, 0.06873709844903205801 ) ) ;
#1891 = CARTESIAN_POINT ( 'NONE',  ( 3.831579650959097805, -8.713616947658694656, 14.56254377413580414 ) ) ;
#1892 = CARTESIAN_POINT ( 'NONE',  ( -41.72961827865985640, -4.644041884491002747, -10.24625485000076885 ) ) ;
#1893 = VERTEX_POINT ( 'NONE', #2686 ) ;
#1894 = EDGE_LOOP ( 'NONE', ( #5447, #8965, #956, #6928 ) ) ;
#1895 = CARTESIAN_POINT ( 'NONE',  ( -59.34297712235463251, -77.46761122578995185, -0.5728610773884993401 ) ) ;
#1896 = EDGE_LOOP ( 'NONE', ( #8299, #5500 ) ) ;
#1897 = CARTESIAN_POINT ( 'NONE',  ( -5.511168589075607471, -76.21674907791623355, -9.344445734616684263 ) ) ;
#1898 = LINE ( 'NONE', #1851, #7766 ) ;
#1899 = VERTEX_POINT ( 'NONE', #6202 ) ;
#1900 = B_SPLINE_CURVE_WITH_KNOTS ( 'NONE', 3,
 ( #4468, #8572, #7338, #6511, #7845, #7246, #2406, #1037, #3042, #5961, #7289, #3130, #996, #8748, #312, #2497 ),
 .UNSPECIFIED., .F., .F.,
 ( 4, 2, 2, 2, 2, 2, 2, 4 ),
 ( 1.748223473168675632E-18, 0.001498558337159860889, 0.002997116674319717875, 0.005994233348639428811, 0.008991350022959140181, 0.01048990836011899630, 0.01123918752869892436, 0.01198846669727885068 ),
 .UNSPECIFIED. ) ;
#1901 = CARTESIAN_POINT ( 'NONE',  ( -64.37091742710303777, -77.32254180587389669, -5.900954462688610569 ) ) ;
#1902 = EDGE_LOOP ( 'NONE', ( #5736, #836, #5796, #1618 ) ) ;
#1903 = CARTESIAN_POINT ( 'NONE',  ( -44.68515999990541587, -71.48596535551243392, 8.411882848956651060 ) ) ;
#1904 = CYLINDRICAL_SURFACE ( 'NONE', #1508, 4.999999999999976907 ) ;
#1905 = VECTOR ( 'NONE', #5376, 1000.000000000000114 ) ;
#1906 = CYLINDRICAL_SURFACE ( 'NONE', #7810, 1.825000000000000178 ) ;
#1907 = ORIENTED_EDGE ( 'NONE', *, *, #6037, .T. ) ;
#1908 = CARTESIAN_POINT ( 'NONE',  ( -73.79212382454656449, -22.27151734482258050, 10.04443240199291942 ) ) ;
#1909 = CARTESIAN_POINT ( 'NONE',  ( -63.48701597210118308, -19.00683201421590951, -5.746110369523188766 ) ) ;
#1910 = CARTESIAN_POINT ( 'NONE',  ( -32.10800448670126883, -84.85808688002525457, 8.411882848956651060 ) ) ;
#1911 = CARTESIAN_POINT ( 'NONE',  ( -38.24314294547517079, 26.71423118765684279, -4.992833277123925662 ) ) ;
#1912 = CARTESIAN_POINT ( 'NONE',  ( -33.93300448670127878, -54.17822028544186708, 1.411882848956637293 ) ) ;
#1913 = CARTESIAN_POINT ( 'NONE',  ( -49.63984972505881643, -4.177189116859567619, -3.717857511715569885 ) ) ;
#1914 = CARTESIAN_POINT ( 'NONE',  ( -64.93029162566026002, -6.623489791587461539, 12.02033728147230107 ) ) ;
#1915 = CARTESIAN_POINT ( 'NONE',  ( -4.273982093956339767, -29.00657151872699657, -6.472597250165635252 ) ) ;
#1916 = CARTESIAN_POINT ( 'NONE',  ( -16.53040020549170563, -1.726456908068617180, -6.916781123022845534 ) ) ;
#1917 = CARTESIAN_POINT ( 'NONE',  ( 1.157472594562254153, -6.760931055921363786, 13.31834172295387475 ) ) ;
#1918 = CARTESIAN_POINT ( 'NONE',  ( -59.49362388955183434, -76.85301579215901313, -8.977683209914072648 ) ) ;
#1919 = EDGE_CURVE ( 'NONE', #3054, #38, #1185, .T. ) ;
#1920 = ADVANCED_FACE ( 'NONE', ( #6112 ), #1683, .F. ) ;
#1921 = CARTESIAN_POINT ( 'NONE',  ( -11.47818502656040884, -71.43831296282569099, -9.582051621140267983 ) ) ;
#1922 = CARTESIAN_POINT ( 'NONE',  ( -3.818616885167044117, -77.86465563878255125, -6.772725334175175860 ) ) ;
#1923 = CARTESIAN_POINT ( 'NONE',  ( -66.83079186485873890, -12.41587313071022436, 3.370144723448166069 ) ) ;
#1924 = EDGE_LOOP ( 'NONE', ( #4994, #153, #7388, #693, #5507, #7026 ) ) ;
#1925 = CARTESIAN_POINT ( 'NONE',  ( -54.96945264020164501, -58.63883304355903903, -10.67520519539916179 ) ) ;
#1926 = CARTESIAN_POINT ( 'NONE',  ( -13.35589786635302723, -2.998028782179634977, 1.411882848956630410 ) ) ;
#1927 = CARTESIAN_POINT ( 'NONE',  ( -32.10800448670126883, -119.6230729217454041, 2.411882848956650172 ) ) ;
#1928 = CARTESIAN_POINT ( 'NONE',  ( 3.510975492074550175, -9.845126711059641877, 7.101935402098313865 ) ) ;
#1929 = CARTESIAN_POINT ( 'NONE',  ( -62.32741612522780628, -17.22690342428352039, -3.485090817607668257 ) ) ;
#1930 = CARTESIAN_POINT ( 'NONE',  ( -37.91160816274233980, -32.37461660940082453, 1.411882848956637293 ) ) ;
#1931 = EDGE_LOOP ( 'NONE', ( #882, #3872, #4587, #6397 ) ) ;
#1932 = CARTESIAN_POINT ( 'NONE',  ( -60.69359358340307153, -21.09002140129904035, -5.703844463674729859 ) ) ;
#1933 = CIRCLE ( 'NONE', #176, 1.825000000000000178 ) ;
#1934 = EDGE_CURVE ( 'NONE', #2315, #1095, #8334, .T. ) ;
#1935 = CARTESIAN_POINT ( 'NONE',  ( -60.97954455287207054, -40.74495364395405517, -5.723201280626279086 ) ) ;
#1936 = CARTESIAN_POINT ( 'NONE',  ( 3.469190273568347749, -8.401988912751020777, 14.91439627311084770 ) ) ;
#1937 = FACE_OUTER_BOUND ( 'NONE', #2749, .T. ) ;
#1938 = AXIS2_PLACEMENT_3D ( 'NONE', #7544, #8274, #513 ) ;
#1939 = ORIENTED_EDGE ( 'NONE', *, *, #1577, .F. ) ;
#1940 = AXIS2_PLACEMENT_3D ( 'NONE', #1098, #4431, #8582 ) ;
#1941 = EDGE_LOOP ( 'NONE', ( #3246, #8632, #2714, #3717 ) ) ;
#1942 = CARTESIAN_POINT ( 'NONE',  ( -61.02651517707023032, -40.19441639889723206, -5.688676069188579376 ) ) ;
#1943 = ORIENTED_EDGE ( 'NONE', *, *, #2039, .T. ) ;
#1944 = CARTESIAN_POINT ( 'NONE',  ( -11.45761454139757873, -59.42640915492714981, -9.577463566497121050 ) ) ;
#1945 = DIRECTION ( 'NONE',  ( -1.000000000000000000, 0.000000000000000000, 0.000000000000000000 ) ) ;
#1946 = EDGE_CURVE ( 'NONE', #5005, #1356, #991, .T. ) ;
#1947 = VECTOR ( 'NONE', #5824, 1000.000000000000000 ) ;
#1948 = ORIENTED_EDGE ( 'NONE', *, *, #8960, .T. ) ;
#1949 = DIRECTION ( 'NONE',  ( 0.000000000000000000, -6.938893903907222067E-15, 1.000000000000000000 ) ) ;
#1950 = CARTESIAN_POINT ( 'NONE',  ( 2.377220685479912721, -14.11600705172761927, -0.3453532993167532927 ) ) ;
#1951 = EDGE_LOOP ( 'NONE', ( #4770, #5571, #5231, #1847, #5180, #6366 ) ) ;
#1952 = CARTESIAN_POINT ( 'NONE',  ( -16.37543672256641614, -80.47344459186756183, 25.01101067521607391 ) ) ;
#1953 = DIRECTION ( 'NONE',  ( -1.000000000000000000, 0.000000000000000000, -0.000000000000000000 ) ) ;
#1954 = AXIS2_PLACEMENT_3D ( 'NONE', #2644, #8990, #8313 ) ;
#1955 = LINE ( 'NONE', #8979, #2858 ) ;
#1956 = ORIENTED_EDGE ( 'NONE', *, *, #5761, .F. ) ;
#1957 = CARTESIAN_POINT ( 'NONE',  ( -73.64193686854740406, -12.28148571476686080, 9.104067443790446745 ) ) ;
#1958 = CARTESIAN_POINT ( 'NONE',  ( -28.60800448670127238, -91.85808688002526878, 15.71304397457181246 ) ) ;
#1959 = CARTESIAN_POINT ( 'NONE',  ( -32.10800448670235596, 20.00000000000003553, 2.011882848956657810 ) ) ;
#1960 = CARTESIAN_POINT ( 'NONE',  ( -32.10800448670127594, -28.67822028544097890, 18.41188284895663685 ) ) ;
#1961 = CARTESIAN_POINT ( 'NONE',  ( -59.94395217225940087, -4.707518683843368024, 7.189660626734410975 ) ) ;
#1962 = AXIS2_PLACEMENT_3D ( 'NONE', #3635, #812, #770 ) ;
#1963 = CARTESIAN_POINT ( 'NONE',  ( 4.072404091726961717, -12.12093914396696448, 4.088435191115800116 ) ) ;
#1964 = PRODUCT_DEFINITION ( 'UNKNOWN', '', #97, #4202 ) ;
#1965 = DIRECTION ( 'NONE',  ( -0.000000000000000000, -0.000000000000000000, 1.000000000000000000 ) ) ;
#1966 = CARTESIAN_POINT ( 'NONE',  ( -18.73064963852830545, -3.093247332819470952, -8.492664656773195375 ) ) ;
#1967 = LINE ( 'NONE', #13, #3547 ) ;
#1968 = CARTESIAN_POINT ( 'NONE',  ( -19.68711415811700860, -121.4207388444311988, 0.6392780322751813182 ) ) ;
#1969 = DIRECTION ( 'NONE',  ( -0.000000000000000000, -0.000000000000000000, 1.000000000000000000 ) ) ;
#1970 = CARTESIAN_POINT ( 'NONE',  ( -0.9529614713280428751, -38.24582905510436603, -6.736096329932905746 ) ) ;
#1971 = CARTESIAN_POINT ( 'NONE',  ( -57.77739925229531792, -77.66415143651994413, -7.884386289025595573 ) ) ;
#1972 = CARTESIAN_POINT ( 'NONE',  ( -23.28244600348924465, -119.6230729217454041, -1.588117151043349606 ) ) ;
#1973 = FACE_OUTER_BOUND ( 'NONE', #3571, .T. ) ;
#1974 = ADVANCED_FACE ( 'NONE', ( #8699 ), #2491, .F. ) ;
#1975 = CARTESIAN_POINT ( 'NONE',  ( -0.3770202980189760744, -18.39230934423331476, -5.273180134124319629 ) ) ;
#1976 = EDGE_CURVE ( 'NONE', #1754, #4908, #395, .T. ) ;
#1977 = AXIS2_PLACEMENT_3D ( 'NONE', #5122, #8006, #293 ) ;
#1978 = CARTESIAN_POINT ( 'NONE',  ( -62.38386552903168081, -17.12546347865781371, -3.400270351169463190 ) ) ;
#1979 = DIRECTION ( 'NONE',  ( 1.780377182154265206E-15, 1.000000000000000000, 0.000000000000000000 ) ) ;
#1980 = CARTESIAN_POINT ( 'NONE',  ( 4.836260902511798854, -11.30174955349560761, 7.078394473140424914 ) ) ;
#1981 = CARTESIAN_POINT ( 'NONE',  ( -17.04306094531152382, -81.20703035383556312, 24.41188284895663685 ) ) ;
#1982 = VECTOR ( 'NONE', #8160, 1000.000000000000000 ) ;
#1983 = LINE ( 'NONE', #3394, #4630 ) ;
#1984 = LINE ( 'NONE', #3304, #5206 ) ;
#1985 = VECTOR ( 'NONE', #4791, 1000.000000000000000 ) ;
#1986 = ORIENTED_EDGE ( 'NONE', *, *, #2972, .F. ) ;
#1987 = ORIENTED_EDGE ( 'NONE', *, *, #8612, .F. ) ;
#1988 = CARTESIAN_POINT ( 'NONE',  ( -36.10800448668869933, 5.000000000000023981, -10.66697983548655415 ) ) ;
#1989 = CARTESIAN_POINT ( 'NONE',  ( -61.85836434758370217, -46.73581167102278755, -7.673522430304840825 ) ) ;
#1990 = EDGE_CURVE ( 'NONE', #1583, #3834, #7889, .T. ) ;
#1991 = CIRCLE ( 'NONE', #2998, 1.825000000000000178 ) ;
#1992 = CARTESIAN_POINT ( 'NONE',  ( -8.458109548550988066, -73.29084163261819640, -10.44670015792757845 ) ) ;
#1993 = CARTESIAN_POINT ( 'NONE',  ( -8.077873627574224003, -22.21112135110120533, 25.11188284895660061 ) ) ;
#1994 = B_SPLINE_CURVE_WITH_KNOTS ( 'NONE', 3,
 ( #6252, #3590, #2226, #4330, #852, #8523, #5050, #1373, #6936, #10, #4887, #7676, #6462, #7335, #6508, #7842, #8745, #5821, #7195, #3077, #1085, #8611, #3679, #7930, #4465, #7148, #269, #1034, #3813, #5140, #7243, #8023, #1678, #2494, #8655, #3861, #2452, #6551 ),
 .UNSPECIFIED., .F., .F.,
 ( 4, 2, 2, 2, 2, 2, 2, 2, 2, 2, 2, 2, 2, 2, 2, 2, 2, 2, 4 ),
 ( 0.000000000000000000, 0.06250000000000002776, 0.1250000000000000555, 0.1875000000000000833, 0.2500000000000000000, 0.2812499999999998890, 0.3124999999999999445, 0.3437499999999999445, 0.3749999999999999445, 0.4375000000000000000, 0.5000000000000000000, 0.5625000000000000000, 0.6250000000000000000, 0.6562500000000000000, 0.6875000000000000000, 0.7500000000000000000, 0.8125000000000000000, 0.8750000000000000000, 1.000000000000000000 ),
 .UNSPECIFIED. ) ;
#1995 = CARTESIAN_POINT ( 'NONE',  ( -68.76228333921589808, -11.41272354392559052, 6.145717709183582400 ) ) ;
#1996 = CARTESIAN_POINT ( 'NONE',  ( -66.47584000977293783, 27.99999999999999645, 13.31269238314865966 ) ) ;
#1997 = ORIENTED_EDGE ( 'NONE', *, *, #2972, .T. ) ;
#1998 = CARTESIAN_POINT ( 'NONE',  ( -17.04306094531152382, -81.20703035383556312, 24.41188284895663685 ) ) ;
#1999 = LINE ( 'NONE', #4785, #4867 ) ;
#2000 = ADVANCED_FACE ( 'NONE', ( #2992 ), #6594, .F. ) ;
#2001 = DIRECTION ( 'NONE',  ( 1.000000000000000000, 0.000000000000000000, 0.000000000000000000 ) ) ;
#2002 = ORIENTED_EDGE ( 'NONE', *, *, #1217, .F. ) ;
#2003 = CARTESIAN_POINT ( 'NONE',  ( -65.37348156794702447, -6.760931055910695875, 13.31563790539688341 ) ) ;
#2004 = CARTESIAN_POINT ( 'NONE',  ( 8.622126372425732654, -78.75818478260570998, 14.41188284895664573 ) ) ;
#2005 = LINE ( 'NONE', #7615, #1985 ) ;
#2006 = LINE ( 'NONE', #6932, #1861 ) ;
#2007 = FACE_OUTER_BOUND ( 'NONE', #174, .T. ) ;
#2008 = VECTOR ( 'NONE', #239, 1000.000000000000114 ) ;
#2009 = CIRCLE ( 'NONE', #2158, 1.825000000000007283 ) ;
#2010 = DIRECTION ( 'NONE',  ( -0.000000000000000000, -0.000000000000000000, 1.000000000000000000 ) ) ;
#2011 = CARTESIAN_POINT ( 'NONE',  ( -1.853867951405576253, -30.83693536757482079, -7.352405506044886074 ) ) ;
#2012 = DIRECTION ( 'NONE',  ( 0.000000000000000000, 0.000000000000000000, -1.000000000000000000 ) ) ;
#2013 = DIRECTION ( 'NONE',  ( -1.000000000000000000, 0.000000000000000000, 0.000000000000000000 ) ) ;
#2014 = CARTESIAN_POINT ( 'NONE',  ( -63.69632714923716321, -78.67188844759219535, -6.421785220485771717 ) ) ;
#2015 = CIRCLE ( 'NONE', #7103, 4.000000000020695445 ) ;
#2016 = CARTESIAN_POINT ( 'NONE',  ( -22.23545445517827090, -120.1465686959005552, -1.484007853212513828 ) ) ;
#2017 = CARTESIAN_POINT ( 'NONE',  ( -5.118107570088601399, -77.32733646731097110, -7.441965168850996015 ) ) ;
#2018 = CARTESIAN_POINT ( 'NONE',  ( -68.60367329149475779, -11.49922358073404816, 5.878496114199487366 ) ) ;
#2019 = ORIENTED_EDGE ( 'NONE', *, *, #4449, .T. ) ;
#2020 = CARTESIAN_POINT ( 'NONE',  ( -56.21929175185544381, -56.90542261093091270, -10.30035928204650730 ) ) ;
#2021 = CARTESIAN_POINT ( 'NONE',  ( -32.10800448670126883, -38.00442471284927848, 108.4362694665913835 ) ) ;
#2022 = CYLINDRICAL_SURFACE ( 'NONE', #9014, 1.825000000000000178 ) ;
#2023 = DIRECTION ( 'NONE',  ( -1.000000000000000000, 0.000000000000000000, 0.000000000000000000 ) ) ;
#2024 = CARTESIAN_POINT ( 'NONE',  ( -0.007728593903810541781, -17.65076819080021053, -4.695038192890772066 ) ) ;
#2025 = CYLINDRICAL_SURFACE ( 'NONE', #2277, 1.825000000000000178 ) ;
#2026 = CARTESIAN_POINT ( 'NONE',  ( -66.47584000979217933, -7.705655497667181386, 11.31269238314866321 ) ) ;
#2027 = CYLINDRICAL_SURFACE ( 'NONE', #6201, 1.650000000000002132 ) ;
#2028 = CARTESIAN_POINT ( 'NONE',  ( -60.24391660827417638, -45.05188195573305876, -6.241731597406970700 ) ) ;
#2029 = DIRECTION ( 'NONE',  ( -0.7071067811865437980, 0.000000000000000000, -0.7071067811865513475 ) ) ;
#2030 = CARTESIAN_POINT ( 'NONE',  ( -34.64213081907679737, -9.115357512064429457, 1.411882848956630410 ) ) ;
#2031 = EDGE_LOOP ( 'NONE', ( #1174, #5412 ) ) ;
#2032 = EDGE_LOOP ( 'NONE', ( #7275, #3194 ) ) ;
#2033 = CARTESIAN_POINT ( 'NONE',  ( -35.92092977024652356, 6.249727836074190357, -10.57784247036188141 ) ) ;
#2034 = ORIENTED_EDGE ( 'NONE', *, *, #1384, .T. ) ;
#2035 = CARTESIAN_POINT ( 'NONE',  ( -8.819822327363493031, -72.77894042130691332, -10.55466727807966976 ) ) ;
#2036 = CARTESIAN_POINT ( 'NONE',  ( -59.94639565344104426, -24.75194532879735476, -6.411047080402061837 ) ) ;
#2037 = ORIENTED_EDGE ( 'NONE', *, *, #7669, .T. ) ;
#2038 = EDGE_CURVE ( 'NONE', #5017, #1670, #2338, .T. ) ;
#2039 = EDGE_CURVE ( 'NONE', #6987, #4404, #3639, .T. ) ;
#2040 = CARTESIAN_POINT ( 'NONE',  ( -51.53123164752749119, -2.258506430399188858, 1.463513213487602105 ) ) ;
#2041 = CYLINDRICAL_SURFACE ( 'NONE', #5295, 3.500000000000003109 ) ;
#2042 = ORIENTED_EDGE ( 'NONE', *, *, #7895, .T. ) ;
#2043 = CARTESIAN_POINT ( 'NONE',  ( -9.216871760787936907, -72.13294784997142983, -10.66676133156216366 ) ) ;
#2044 = VERTEX_POINT ( 'NONE', #5913 ) ;
#2045 = CARTESIAN_POINT ( 'NONE',  ( -3.125881052406425109, -76.49150565690450776, -8.133002568806309895 ) ) ;
#2046 = CYLINDRICAL_SURFACE ( 'NONE', #383, 4.000000000000000000 ) ;
#2047 = VERTEX_POINT ( 'NONE', #4415 ) ;
#2048 = CARTESIAN_POINT ( 'NONE',  ( -66.09920054095813668, -16.56036326811473813, -4.587553428909393105 ) ) ;
#2049 = CARTESIAN_POINT ( 'NONE',  ( -61.20886548463835908, -14.41709774117892451, 1.411882848956637293 ) ) ;
#2050 = DIRECTION ( 'NONE',  ( -0.000000000000000000, -1.000000000000000000, 0.000000000000000000 ) ) ;
#2051 = EDGE_CURVE ( 'NONE', #7600, #116, #3727, .T. ) ;
#2052 = CARTESIAN_POINT ( 'NONE',  ( -27.24621532082191422, 20.52494360404013563, -7.688301704436020678 ) ) ;
#2053 = CARTESIAN_POINT ( 'NONE',  ( -32.10800448670127594, -38.17822028544185997, 18.41188284895663685 ) ) ;
#2054 = AXIS2_PLACEMENT_3D ( 'NONE', #7849, #2833, #1425 ) ;
#2055 = CARTESIAN_POINT ( 'NONE',  ( -35.60800448670127594, -84.85808688002525457, 21.43002350340707451 ) ) ;
#2056 = FACE_OUTER_BOUND ( 'NONE', #5267, .T. ) ;
#2057 = CARTESIAN_POINT ( 'NONE',  ( 0.4756810109447612844, -13.83311594803764777, 0.4097513094876714668 ) ) ;
#2058 = CARTESIAN_POINT ( 'NONE',  ( 8.825589418189457191, -22.40252087085679378, 6.861163950177538773 ) ) ;
#2059 = CARTESIAN_POINT ( 'NONE',  ( -58.39494155900561623, -76.08549113655513452, -9.479835767293586457 ) ) ;
#2060 = EDGE_CURVE ( 'NONE', #6895, #774, #7929, .T. ) ;
#2061 = DIRECTION ( 'NONE',  ( 0.7570713747888904166, -0.6533321769783418942, 0.000000000000000000 ) ) ;
#2062 = CARTESIAN_POINT ( 'NONE',  ( -0.9860077605975294812, -39.40727857766076170, -6.759702455004356736 ) ) ;
#2063 = EDGE_LOOP ( 'NONE', ( #8701, #2350, #4145, #5628 ) ) ;
#2064 = CARTESIAN_POINT ( 'NONE',  ( -40.93356296991329657, -119.6230729217454041, -1.588117151043349606 ) ) ;
#2065 = CARTESIAN_POINT ( 'NONE',  ( -53.06782533121537426, -66.06801852954001220, -11.11649817714038768 ) ) ;
#2066 = CARTESIAN_POINT ( 'NONE',  ( -3.461402451365891419, -3.999999999999999112, 25.11188284895654732 ) ) ;
#2067 = CARTESIAN_POINT ( 'NONE',  ( -11.13312531572306874, -72.17414890345322931, -9.503071775078563377 ) ) ;
#2068 = LINE ( 'NONE', #3978, #4856 ) ;
#2069 = CARTESIAN_POINT ( 'NONE',  ( -61.72797210131909651, -18.39882172465633303, -4.355275609911320345 ) ) ;
#2070 = CARTESIAN_POINT ( 'NONE',  ( -68.14670215844853374, -8.802380802233921386, 14.41188284895664573 ) ) ;
#2071 = DIRECTION ( 'NONE',  ( -1.780377182154265206E-15, -1.000000000000000000, 0.000000000000000000 ) ) ;
#2072 = CARTESIAN_POINT ( 'NONE',  ( -5.134142318553419848, -48.65732593641770620, -7.044068078028990598 ) ) ;
#2073 = CARTESIAN_POINT ( 'NONE',  ( -32.10800448670241281, 5.000000000000024869, 26.41188284895664395 ) ) ;
#2074 = CARTESIAN_POINT ( 'NONE',  ( -6.688276652496006669, -55.37433005106939277, -9.834143430163276633 ) ) ;
#2075 = ORIENTED_EDGE ( 'NONE', *, *, #2984, .T. ) ;
#2076 = EDGE_LOOP ( 'NONE', ( #7902, #7794, #8288, #4517 ) ) ;
#2077 = CARTESIAN_POINT ( 'NONE',  ( -32.10800448670126883, -84.85808688002525457, 26.41188284895664040 ) ) ;
#2078 = CIRCLE ( 'NONE', #8201, 4.000000000000003553 ) ;
#2079 = ORIENTED_EDGE ( 'NONE', *, *, #3641, .T. ) ;
#2080 = CARTESIAN_POINT ( 'NONE',  ( -11.54526415401969430, -71.28165431006365793, -9.596872233842809408 ) ) ;
#2081 = ORIENTED_EDGE ( 'NONE', *, *, #414, .F. ) ;
#2082 = CARTESIAN_POINT ( 'NONE',  ( -65.88032453625349660, -12.45574433518500435, 3.473509073063670627 ) ) ;
#2083 = CARTESIAN_POINT ( 'NONE',  ( 1.824269993326497419, -12.65632472353385474, 2.794941329732010260 ) ) ;
#2084 = CIRCLE ( 'NONE', #1055, 1.825000000000007283 ) ;
#2085 = ORIENTED_EDGE ( 'NONE', *, *, #8463, .T. ) ;
#2086 = CARTESIAN_POINT ( 'NONE',  ( 1.205554961159317706, -77.43468764850349828, -5.023678439767467196 ) ) ;
#2087 = ORIENTED_EDGE ( 'NONE', *, *, #3095, .F. ) ;
#2088 = CARTESIAN_POINT ( 'NONE',  ( -38.85800448670128304, 0.000000000000000000, 2.011882848956656478 ) ) ;
#2089 = ADVANCED_FACE ( 'NONE', ( #5413 ), #625, .F. ) ;
#2090 = EDGE_CURVE ( 'NONE', #3306, #5750, #875, .T. ) ;
#2091 = ORIENTED_EDGE ( 'NONE', *, *, #3489, .F. ) ;
#2092 = DIRECTION ( 'NONE',  ( -0.000000000000000000, -0.000000000000000000, 1.000000000000000000 ) ) ;
#2093 = AXIS2_PLACEMENT_3D ( 'NONE', #587, #2546, #6198 ) ;
#2094 = DIRECTION ( 'NONE',  ( 1.000000000000000000, 0.000000000000000000, 0.000000000000000000 ) ) ;
#2095 = CARTESIAN_POINT ( 'NONE',  ( -65.37348156795270882, -6.760931055914115362, 162.2921154739354677 ) ) ;
#2096 = CARTESIAN_POINT ( 'NONE',  ( -37.30361263549058037, 22.14751621442117013, -7.072877319786118555 ) ) ;
#2097 = CIRCLE ( 'NONE', #3685, 20.00000000000000000 ) ;
#2098 = CARTESIAN_POINT ( 'NONE',  ( -63.64953919039770369, -78.64615969801752726, -4.682394380926781174 ) ) ;
#2099 = AXIS2_PLACEMENT_3D ( 'NONE', #6069, #4795, #7576 ) ;
#2100 = CARTESIAN_POINT ( 'NONE',  ( -36.10800448672304697, 20.00000000000003553, 26.41188284895664040 ) ) ;
#2101 = CARTESIAN_POINT ( 'NONE',  ( -30.09809061629823290, 23.46836049137461444, -7.980028391695007883 ) ) ;
#2102 = EDGE_CURVE ( 'NONE', #4599, #6668, #5544, .T. ) ;
#2103 = CARTESIAN_POINT ( 'NONE',  ( 4.072404091726961717, -12.12093914396696448, 4.088435191115800116 ) ) ;
#2104 = CARTESIAN_POINT ( 'NONE',  ( 0.5889688876944958462, -6.421108150107687429, 14.41188284895664573 ) ) ;
#2105 = VECTOR ( 'NONE', #3106, 1000.000000000000000 ) ;
#2106 = CARTESIAN_POINT ( 'NONE',  ( -53.74671347187532433, -69.64534470547596356, -10.97603926084184423 ) ) ;
#2107 = FACE_OUTER_BOUND ( 'NONE', #3710, .T. ) ;
#2108 = VECTOR ( 'NONE', #6716, 1000.000000000000000 ) ;
#2109 = CARTESIAN_POINT ( 'NONE',  ( -1.225834012277848828, -42.00508780407884046, -6.928780792278779188 ) ) ;
#2110 = VERTEX_POINT ( 'NONE', #3361 ) ;
#2111 = CARTESIAN_POINT ( 'NONE',  ( -57.02458023229355888, -77.08991884201924449, -8.192192335399072434 ) ) ;
#2112 = CARTESIAN_POINT ( 'NONE',  ( -43.49034828880100889, -122.1798582406325409, -0.7512690276577674853 ) ) ;
#2113 = CARTESIAN_POINT ( 'NONE',  ( -14.28300448670127842, -38.17822028544185997, 1.411882848956637293 ) ) ;
#2114 = CARTESIAN_POINT ( 'NONE',  ( -19.36840123934046787, -3.420309395293467780, -8.862765425244372608 ) ) ;
#2115 = EDGE_CURVE ( 'NONE', #3898, #1218, #8928, .T. ) ;
#2116 = DIRECTION ( 'NONE',  ( -1.000000000000000000, 0.000000000000000000, 0.000000000000000000 ) ) ;
#2117 = CYLINDRICAL_SURFACE ( 'NONE', #5734, 1.825000000000003730 ) ;
#2118 = CIRCLE ( 'NONE', #7660, 1.824999999999996847 ) ;
#2119 = CARTESIAN_POINT ( 'NONE',  ( -13.57263124156802725, -3.238494133290078292, -2.821384458666605699 ) ) ;
#2120 = CARTESIAN_POINT ( 'NONE',  ( -53.16174614662878639, -63.78256337262435949, -11.09818702468035490 ) ) ;
#2121 = CARTESIAN_POINT ( 'NONE',  ( -1.514594046667023131, -43.70230283054853260, -7.127060518432678293 ) ) ;
#2122 = ORIENTED_EDGE ( 'NONE', *, *, #3424, .T. ) ;
#2123 = DIRECTION ( 'NONE',  ( 1.000000000000000000, 0.000000000000000000, 0.000000000000000000 ) ) ;
#2124 = ORIENTED_EDGE ( 'NONE', *, *, #4998, .T. ) ;
#2125 = CARTESIAN_POINT ( 'NONE',  ( -12.69927754059609271, -66.29419500263203702, -9.826689294380688722 ) ) ;
#2126 = AXIS2_PLACEMENT_3D ( 'NONE', #6628, #7225, #2342 ) ;
#2127 = DIRECTION ( 'NONE',  ( -1.000000000000000000, 0.000000000000000000, 0.000000000000000000 ) ) ;
#2128 = CARTESIAN_POINT ( 'NONE',  ( -21.28244600348924820, -123.6230729217454041, 8.411882848956651060 ) ) ;
#2129 = VERTEX_POINT ( 'NONE', #5457 ) ;
#2130 = CARTESIAN_POINT ( 'NONE',  ( -1.798986636518367765, -76.92185427287876109, -7.316449146633527967 ) ) ;
#2131 = ORIENTED_EDGE ( 'NONE', *, *, #6036, .T. ) ;
#2132 = CARTESIAN_POINT ( 'NONE',  ( 0.4297118258294551629, -77.35713713858272911, -5.678267031908851514 ) ) ;
#2133 = AXIS2_PLACEMENT_3D ( 'NONE', #2641, #7577, #3420 ) ;
#2134 = AXIS2_PLACEMENT_3D ( 'NONE', #3006, #1734, #233 ) ;
#2135 = ORIENTED_EDGE ( 'NONE', *, *, #6500, .F. ) ;
#2136 = CARTESIAN_POINT ( 'NONE',  ( -38.50766980513122917, 28.00000000000000000, -4.263986648896513465 ) ) ;
#2137 = LINE ( 'NONE', #1489, #4278 ) ;
#2138 = DIRECTION ( 'NONE',  ( 0.000000000000000000, 0.000000000000000000, -1.000000000000000000 ) ) ;
#2139 = CIRCLE ( 'NONE', #2572, 4.999999999999976907 ) ;
#2140 = EDGE_CURVE ( 'NONE', #6709, #5728, #3392, .T. ) ;
#2141 = VERTEX_POINT ( 'NONE', #1175 ) ;
#2142 = CARTESIAN_POINT ( 'NONE',  ( -57.84259385465895775, -74.77645974494438974, -9.709241300550750964 ) ) ;
#2143 = CARTESIAN_POINT ( 'NONE',  ( 4.228543909018728009, -9.133220482885432645, 12.94681519854958474 ) ) ;
#2144 = CARTESIAN_POINT ( 'NONE',  ( -32.63389199493577308, 23.97388795692156904, -8.033403996927216184 ) ) ;
#2145 = CYLINDRICAL_SURFACE ( 'NONE', #1962, 15.00000000000000000 ) ;
#2146 = CARTESIAN_POINT ( 'NONE',  ( -0.3852642386236193039, -24.01026692960480347, -6.433395958013221616 ) ) ;
#2147 = DIRECTION ( 'NONE',  ( 1.000000000000000000, -3.469446951953614189E-15, 0.000000000000000000 ) ) ;
#2148 = ADVANCED_FACE ( 'NONE', ( #3408, #8250 ), #4826, .T. ) ;
#2149 = EDGE_CURVE ( 'NONE', #6265, #8379, #4688, .T. ) ;
#2150 = CARTESIAN_POINT ( 'NONE',  ( -9.167979726185262024, 5.195460560529360450, 5.661281422646745831 ) ) ;
#2151 = EDGE_LOOP ( 'NONE', ( #3801, #3704, #6906, #7541, #6281 ) ) ;
#2152 = CARTESIAN_POINT ( 'NONE',  ( -51.60557498462833337, -63.62444186431258686, -9.723322602092645539 ) ) ;
#2153 = B_SPLINE_CURVE_WITH_KNOTS ( 'NONE', 3,
 ( #2758, #4811, #1255, #8868 ),
 .UNSPECIFIED., .F., .F.,
 ( 4, 4 ),
 ( 4.336808689942017736E-19, 0.0009999808914054010220 ),
 .UNSPECIFIED. ) ;
#2154 = FACE_OUTER_BOUND ( 'NONE', #1941, .T. ) ;
#2155 = PLANE ( 'NONE',  #408 ) ;
#2156 = CARTESIAN_POINT ( 'NONE',  ( -26.91693857170902149, -5.456760161475631143, -11.30173961701401630 ) ) ;
#2157 = CIRCLE ( 'NONE', #8277, 2.149999999999999023 ) ;
#2158 = AXIS2_PLACEMENT_3D ( 'NONE', #1068, #3759, #3847 ) ;
#2159 = CARTESIAN_POINT ( 'NONE',  ( -34.58737915327653667, 16.85034886644248431, -9.437289567500135590 ) ) ;
#2160 = CYLINDRICAL_SURFACE ( 'NONE', #5856, 2.149999999999999023 ) ;
#2161 = CARTESIAN_POINT ( 'NONE',  ( -53.90219924455768563, -70.07855618324580860, -10.94120071249918880 ) ) ;
#2162 = EDGE_CURVE ( 'NONE', #5137, #2202, #1224, .T. ) ;
#2163 = DIRECTION ( 'NONE',  ( -0.7071067811865474617, 0.000000000000000000, -0.7071067811865474617 ) ) ;
#2164 = LINE ( 'NONE', #6438, #897 ) ;
#2165 = VERTEX_POINT ( 'NONE', #6193 ) ;
#2166 = CARTESIAN_POINT ( 'NONE',  ( -59.36304375341932626, -47.91589821670147842, -6.808529876922394308 ) ) ;
#2167 = CARTESIAN_POINT ( 'NONE',  ( -9.681395022370562486, -74.51103803456554431, -9.122965408576344970 ) ) ;
#2168 = CARTESIAN_POINT ( 'NONE',  ( -22.11087312823543982, -121.9662186722530066, -1.588117151043349162 ) ) ;
#2169 = EDGE_CURVE ( 'NONE', #9012, #4071, #5688, .T. ) ;
#2170 = CARTESIAN_POINT ( 'NONE',  ( -32.10800448670126883, -114.8580868800252404, 8.411882848956651060 ) ) ;
#2171 = ORIENTED_EDGE ( 'NONE', *, *, #3604, .T. ) ;
#2172 = CARTESIAN_POINT ( 'NONE',  ( -4.779933463455781073, -75.75170916871310567, -9.007046252979121093 ) ) ;
#2173 = ORIENTED_EDGE ( 'NONE', *, *, #1371, .T. ) ;
#2174 = CARTESIAN_POINT ( 'NONE',  ( -59.83316372303754349, -27.20895140832428538, -6.477251629698869806 ) ) ;
#2175 = VERTEX_POINT ( 'NONE', #8837 ) ;
#2176 = FACE_BOUND ( 'NONE', #5361, .T. ) ;
#2177 = CARTESIAN_POINT ( 'NONE',  ( -55.97331704074656500, -75.34999109282644270, -8.721439567594895692 ) ) ;
#2178 = DIRECTION ( 'NONE',  ( -0.7061369294669915808, -0.7080753045001139112, 0.000000000000000000 ) ) ;
#2179 = ORIENTED_EDGE ( 'NONE', *, *, #252, .T. ) ;
#2180 = CARTESIAN_POINT ( 'NONE',  ( -60.91672015078837887, -76.42486648442893227, -8.231731035005065422 ) ) ;
#2181 = CARTESIAN_POINT ( 'NONE',  ( 3.044244566707408062, -8.274998661777376086, 11.46559346421411441 ) ) ;
#2182 = UNCERTAINTY_MEASURE_WITH_UNIT (LENGTH_MEASURE( 1.000000000000000082E-05 ), #7120, 'distance_accuracy_value', 'NONE');
#2183 = LINE ( 'NONE', #4965, #6208 ) ;
#2184 = CARTESIAN_POINT ( 'NONE',  ( -11.28244600348924465, -86.75818478260566735, 2.411882848956650172 ) ) ;
#2185 = CARTESIAN_POINT ( 'NONE',  ( -5.675275321904016401, -14.68512072625592246, -6.433395958013245597 ) ) ;
#2186 = CARTESIAN_POINT ( 'NONE',  ( -65.49846266774018488, -8.037143399850878112, 7.161704318647071688 ) ) ;
#2187 = CARTESIAN_POINT ( 'NONE',  ( -9.104211441327535681, 5.370543469616918308, 5.911079463317687299 ) ) ;
#2188 = ORIENTED_EDGE ( 'NONE', *, *, #7609, .F. ) ;
#2189 = CARTESIAN_POINT ( 'NONE',  ( -54.08692096171553487, -73.88709636701506156, -9.164057286159593474 ) ) ;
#2190 = CARTESIAN_POINT ( 'NONE',  ( 8.622126372425729102, 28.00000000000000000, 26.41188284895664040 ) ) ;
#2191 = DIRECTION ( 'NONE',  ( -1.000000000000000000, 0.000000000000000000, -0.000000000000000000 ) ) ;
#2192 = CARTESIAN_POINT ( 'NONE',  ( -17.08827722967109253, -2.109831516720142908, -7.364408691898551851 ) ) ;
#2193 = EDGE_CURVE ( 'NONE', #1095, #8698, #166, .T. ) ;
#2194 = B_SPLINE_CURVE_WITH_KNOTS ( 'NONE', 3,
 ( #6873, #2542, #3220, #1228, #4003, #2679, #5415, #1317, #3410, #541 ),
 .UNSPECIFIED., .F., .F.,
 ( 4, 2, 2, 2, 4 ),
 ( 0.3745906623052840390, 0.3750000000000002776, 0.5000000000000002220, 0.7500000000000001110, 1.000000000000000000 ),
 .UNSPECIFIED. ) ;
#2195 = CARTESIAN_POINT ( 'NONE',  ( -34.98801460324423829, 28.00000000000000000, -6.302366694750198839 ) ) ;
#2196 = ADVANCED_FACE ( 'NONE', ( #2726 ), #4603, .F. ) ;
#2197 = DIRECTION ( 'NONE',  ( 0.000000000000000000, -1.000000000000000000, 0.000000000000000000 ) ) ;
#2198 = CARTESIAN_POINT ( 'NONE',  ( -7.275424703474518751, -52.99218255497466146, -8.180045456331326292 ) ) ;
#2199 = DIRECTION ( 'NONE',  ( -0.000000000000000000, -0.000000000000000000, 1.000000000000000000 ) ) ;
#2200 = DIRECTION ( 'NONE',  ( 1.000000000000000000, -1.734723475976807094E-15, 0.000000000000000000 ) ) ;
#2201 = ORIENTED_EDGE ( 'NONE', *, *, #2867, .F. ) ;
#2202 = VERTEX_POINT ( 'NONE', #3763 ) ;
#2203 = DIRECTION ( 'NONE',  ( 1.000000000000000000, 0.000000000000000000, 0.000000000000000000 ) ) ;
#2204 = FACE_OUTER_BOUND ( 'NONE', #8753, .T. ) ;
#2205 = EDGE_CURVE ( 'NONE', #2731, #277, #8483, .T. ) ;
#2206 = ORIENTED_EDGE ( 'NONE', *, *, #872, .T. ) ;
#2207 = CARTESIAN_POINT ( 'NONE',  ( -11.67427527093957984, -70.96552610095437785, -9.624942562949938107 ) ) ;
#2208 = CARTESIAN_POINT ( 'NONE',  ( -66.91494695124896452, -11.25683964059191133, 7.258547151887762894 ) ) ;
#2209 = CARTESIAN_POINT ( 'NONE',  ( -55.15315733518099961, -72.31907313762945932, -10.62411483300672010 ) ) ;
#2210 = ORIENTED_EDGE ( 'NONE', *, *, #7416, .T. ) ;
#2211 = B_SPLINE_CURVE_WITH_KNOTS ( 'NONE', 3,
 ( #6845, #8176, #8267, #1921, #7492, #1830, #597, #8948, #1242, #4615, #6705, #1330, #556, #7397, #3234, #1149, #6162, #455, #6021, #2557, #5341, #1195, #3970, #6754, #4707, #1547, #3595, #6296, #4162, #7065, #3512, #6891, #817, #6943, #56, #4891, #8362, #2914, #2831, #646, #2231, #690, #2789, #14, #4844, #3472, #8481, #5014, #7802, #5611 ),
 .UNSPECIFIED., .F., .F.,
 ( 4, 2, 2, 2, 2, 2, 2, 2, 2, 2, 2, 2, 2, 2, 2, 2, 2, 2, 2, 2, 2, 2, 2, 2, 4 ),
 ( 0.000000000000000000, 0.03790565796712420249, 0.06797110615565157832, 0.09803655434417894721, 0.1281020025327063161, 0.1581674507212336989, 0.1882328989097610539, 0.2182983470982884366, 0.2784292434753432022, 0.3385601398523979122, 0.3686255880409253227, 0.3986910362294526777, 0.4287564844179800327, 0.4588219326065073878, 0.5189528289835622088, 0.5790837253606169188, 0.6392146217376716288, 0.6692800699261989283, 0.6993455181147263389, 0.7294109663032536384, 0.7594764144917810489, 0.7895418626803083484, 0.8196073108688357589, 0.8797382072458904689, 1.000000000000000000 ),
 .UNSPECIFIED. ) ;
#2212 = CARTESIAN_POINT ( 'NONE',  ( -2.428610242682488263, -76.73500465234563706, -7.717833130577256284 ) ) ;
#2213 = ORIENTED_EDGE ( 'NONE', *, *, #8787, .F. ) ;
#2214 = VECTOR ( 'NONE', #7079, 1000.000000000000000 ) ;
#2215 = CARTESIAN_POINT ( 'NONE',  ( -59.86127678412520225, -25.82766560937471922, -6.460879785903882677 ) ) ;
#2216 = EDGE_CURVE ( 'NONE', #964, #6686, #2609, .T. ) ;
#2217 = ORIENTED_EDGE ( 'NONE', *, *, #4596, .T. ) ;
#2218 = FACE_BOUND ( 'NONE', #8640, .T. ) ;
#2219 = CARTESIAN_POINT ( 'NONE',  ( -56.37899793590113262, -75.66718942860437380, -8.577899054985287819 ) ) ;
#2220 = B_SPLINE_CURVE_WITH_KNOTS ( 'NONE', 3,
 ( #2489, #5271, #2582, #7514, #8831, #8244 ),
 .UNSPECIFIED., .F., .F.,
 ( 4, 2, 4 ),
 ( 8.673617379884034509E-19, 0.0006815947463077770725, 0.001363189492615553278 ),
 .UNSPECIFIED. ) ;
#2221 = DIRECTION ( 'NONE',  ( -0.000000000000000000, -0.000000000000000000, 1.000000000000000000 ) ) ;
#2222 = VECTOR ( 'NONE', #5322, 1000.000000000000000 ) ;
#2223 = B_SPLINE_CURVE_WITH_KNOTS ( 'NONE', 3,
 ( #4973, #738, #1464, #2752, #143, #8449, #6345, #7070, #6261, #8369, #4170, #2795, #4897, #4214, #6950, #6991, #863, #8997 ),
 .UNSPECIFIED., .F., .F.,
 ( 4, 2, 2, 2, 2, 2, 2, 2, 4 ),
 ( 0.02503690009263700653, 0.02582639283985363812, 0.02661588558707026972, 0.02740537833428690132, 0.02819487108150352944, 0.02898436382872016104, 0.02977385657593679263, 0.03056334932315342423, 0.03135284207037005583 ),
 .UNSPECIFIED. ) ;
#2224 = ORIENTED_EDGE ( 'NONE', *, *, #872, .F. ) ;
#2225 = CARTESIAN_POINT ( 'NONE',  ( -54.94448463711126607, -72.06531181586765911, -10.68164865022055032 ) ) ;
#2226 = CARTESIAN_POINT ( 'NONE',  ( -35.52809160749223594, -9.178198528702502301, -8.739120923412187381 ) ) ;
#2227 = ORIENTED_EDGE ( 'NONE', *, *, #5264, .F. ) ;
#2228 = CARTESIAN_POINT ( 'NONE',  ( -33.75800448670126741, -104.8580868800252546, 26.41188284895664040 ) ) ;
#2229 = CARTESIAN_POINT ( 'NONE',  ( -0.3305481615312643728, -8.486643587493981400, 3.787263500164882668 ) ) ;
#2230 = DIRECTION ( 'NONE',  ( 0.000000000000000000, 1.000000000000000000, 0.000000000000000000 ) ) ;
#2231 = CARTESIAN_POINT ( 'NONE',  ( -11.59175348847661091, -59.74172945283755354, -9.607063067064617101 ) ) ;
#2232 = VECTOR ( 'NONE', #5340, 1000.000000000000000 ) ;
#2233 = AXIS2_PLACEMENT_3D ( 'NONE', #6141, #6190, #8200 ) ;
#2234 = LINE ( 'NONE', #1549, #6704 ) ;
#2235 = ORIENTED_EDGE ( 'NONE', *, *, #816, .F. ) ;
#2236 = CARTESIAN_POINT ( 'NONE',  ( -52.61062409066150281, -59.77506984692944059, -9.524262091505457661 ) ) ;
#2237 = DIRECTION ( 'NONE',  ( 0.000000000000000000, 0.000000000000000000, -1.000000000000000000 ) ) ;
#2238 = DIRECTION ( 'NONE',  ( 1.000000000000000000, 0.000000000000000000, 0.000000000000000000 ) ) ;
#2239 = CARTESIAN_POINT ( 'NONE',  ( -21.12996970384336137, -8.042071988504737590, -7.291512946751383062 ) ) ;
#2240 = CIRCLE ( 'NONE', #7172, 1.649999999999998579 ) ;
#2241 = DIRECTION ( 'NONE',  ( -1.000000000000000000, 0.000000000000000000, 0.000000000000000000 ) ) ;
#2242 = FACE_OUTER_BOUND ( 'NONE', #1620, .T. ) ;
#2243 = AXIS2_PLACEMENT_3D ( 'NONE', #4369, #2905, #8435 ) ;
#2244 = CARTESIAN_POINT ( 'NONE',  ( -3.108004434327292564, -38.26518705497471018, -5.683036203626707916 ) ) ;
#2245 = ORIENTED_EDGE ( 'NONE', *, *, #8233, .F. ) ;
#2246 = CARTESIAN_POINT ( 'NONE',  ( -54.57408300769304788, -71.56725366528246468, -10.77897453391907945 ) ) ;
#2247 = FACE_OUTER_BOUND ( 'NONE', #8109, .T. ) ;
#2248 = EDGE_CURVE ( 'NONE', #7839, #3021, #4405, .T. ) ;
#2249 = ORIENTED_EDGE ( 'NONE', *, *, #5640, .F. ) ;
#2250 = EDGE_CURVE ( 'NONE', #3766, #1154, #4540, .T. ) ;
#2251 = DIRECTION ( 'NONE',  ( 1.000000000000000000, 0.000000000000000000, 0.000000000000000000 ) ) ;
#2252 = AXIS2_PLACEMENT_3D ( 'NONE', #2602, #3919, #6801 ) ;
#2253 = CARTESIAN_POINT ( 'NONE',  ( -28.42289966375754773, -32.66811546249819997, 1.411882848956637293 ) ) ;
#2254 = EDGE_LOOP ( 'NONE', ( #754, #7976, #4190, #7654 ) ) ;
#2255 = CARTESIAN_POINT ( 'NONE',  ( -12.50954590033550495, -67.99313153570844293, -9.792192576751974187 ) ) ;
#2256 = DIRECTION ( 'NONE',  ( -0.000000000000000000, -0.000000000000000000, 1.000000000000000000 ) ) ;
#2257 = CARTESIAN_POINT ( 'NONE',  ( -54.94448463711126607, -72.06531181586765911, -10.68164865022055032 ) ) ;
#2258 = EDGE_CURVE ( 'NONE', #8589, #6095, #8356, .T. ) ;
#2259 = ORIENTED_EDGE ( 'NONE', *, *, #8714, .F. ) ;
#2260 = ADVANCED_FACE ( 'NONE', ( #4362 ), #6541, .T. ) ;
#2261 = CARTESIAN_POINT ( 'NONE',  ( -10.69545310774447699, -72.78795047634190496, -9.439232466166362912 ) ) ;
#2262 = VERTEX_POINT ( 'NONE', #2347 ) ;
#2263 = CARTESIAN_POINT ( 'NONE',  ( -61.93805635195336379, -25.32133300169559220, -7.623598844185666579 ) ) ;
#2264 = ORIENTED_EDGE ( 'NONE', *, *, #150, .T. ) ;
#2265 = AXIS2_PLACEMENT_3D ( 'NONE', #2757, #4421, #7801 ) ;
#2266 = FACE_OUTER_BOUND ( 'NONE', #3028, .T. ) ;
#2267 = CARTESIAN_POINT ( 'NONE',  ( -32.10800448670126883, -119.6230729217454041, -1.588117151043349606 ) ) ;
#2268 = DIRECTION ( 'NONE',  ( 0.000000000000000000, 0.000000000000000000, -1.000000000000000000 ) ) ;
#2269 = ORIENTED_EDGE ( 'NONE', *, *, #6432, .F. ) ;
#2270 = VECTOR ( 'NONE', #5958, 1000.000000000000114 ) ;
#2271 = EDGE_CURVE ( 'NONE', #4331, #3429, #8757, .T. ) ;
#2272 = CARTESIAN_POINT ( 'NONE',  ( -61.75783112870981739, -76.72546861215381853, -7.736048776098432000 ) ) ;
#2273 = CARTESIAN_POINT ( 'NONE',  ( -51.49427407654851407, -65.45591834062652481, -9.743119878462678685 ) ) ;
#2274 = ORIENTED_EDGE ( 'NONE', *, *, #7936, .T. ) ;
#2275 = LINE ( 'NONE', #2228, #2832 ) ;
#2276 = CARTESIAN_POINT ( 'NONE',  ( -33.78564501257569930, -5.444666152247024549, -11.58810995249959674 ) ) ;
#2277 = AXIS2_PLACEMENT_3D ( 'NONE', #5439, #8230, #4808 ) ;
#2278 = CARTESIAN_POINT ( 'NONE',  ( -3.994740162945300543, -30.83294044579698223, -6.306292220249222424 ) ) ;
#2279 = CARTESIAN_POINT ( 'NONE',  ( -0.3253050749551083531, -18.28357804373180073, -5.193632356399535688 ) ) ;
#2280 = CARTESIAN_POINT ( 'NONE',  ( -8.988501482265009557, 5.639775417143213510, 6.385949685304836976 ) ) ;
#2281 = EDGE_LOOP ( 'NONE', ( #284, #3669, #4803, #2495 ) ) ;
#2282 = CYLINDRICAL_SURFACE ( 'NONE', #3251, 1.649999999999991696 ) ;
#2283 = CARTESIAN_POINT ( 'NONE',  ( -32.10800448670127594, -22.17822028544098245, -13.22822741526793955 ) ) ;
#2284 = CARTESIAN_POINT ( 'NONE',  ( -9.444327169886337359, -56.09745459949873236, -9.053057111121699307 ) ) ;
#2285 = CARTESIAN_POINT ( 'NONE',  ( -20.71081178792428545, -4.021050511743261779, -9.539163863791428000 ) ) ;
#2286 = DIRECTION ( 'NONE',  ( 1.000000000000000000, 0.000000000000000000, 0.000000000000000000 ) ) ;
#2287 = CARTESIAN_POINT ( 'NONE',  ( -59.89143999609269997, -25.36572840130552819, -6.443263198850116780 ) ) ;
#2288 = DIRECTION ( 'NONE',  ( -1.000000000000000000, 0.000000000000000000, 0.000000000000000000 ) ) ;
#2289 = ORIENTED_EDGE ( 'NONE', *, *, #1245, .F. ) ;
#2290 = DIRECTION ( 'NONE',  ( -0.000000000000000000, -0.000000000000000000, 1.000000000000000000 ) ) ;
#2291 = PLANE ( 'NONE',  #5997 ) ;
#2292 = ORIENTED_EDGE ( 'NONE', *, *, #4154, .F. ) ;
#2293 = VECTOR ( 'NONE', #2163, 1000.000000000000114 ) ;
#2294 = FACE_BOUND ( 'NONE', #3689, .T. ) ;
#2295 = PLANE ( 'NONE',  #8836 ) ;
#2296 = ORIENTED_EDGE ( 'NONE', *, *, #5319, .F. ) ;
#2297 = LINE ( 'NONE', #1612, #7218 ) ;
#2298 = AXIS2_PLACEMENT_3D ( 'NONE', #7412, #520, #1302 ) ;
#2299 = FACE_BOUND ( 'NONE', #5890, .T. ) ;
#2300 = CARTESIAN_POINT ( 'NONE',  ( -55.40931610942860175, 5.925776962563991113, 7.189660626734410087 ) ) ;
#2301 = AXIS2_PLACEMENT_3D ( 'NONE', #8090, #6125, #2654 ) ;
#2302 = ORIENTED_EDGE ( 'NONE', *, *, #3709, .F. ) ;
#2303 = CARTESIAN_POINT ( 'NONE',  ( -4.253336201984147635, -77.69977698074310979, -7.005758297918129429 ) ) ;
#2304 = ORIENTED_EDGE ( 'NONE', *, *, #2472, .F. ) ;
#2305 = DIRECTION ( 'NONE',  ( -0.000000000000000000, -0.000000000000000000, 1.000000000000000000 ) ) ;
#2306 = ORIENTED_EDGE ( 'NONE', *, *, #6289, .T. ) ;
#2307 = CARTESIAN_POINT ( 'NONE',  ( -51.53123164752749119, -2.258506430399188858, 1.463513213487602105 ) ) ;
#2308 = ADVANCED_FACE ( 'NONE', ( #298 ), #3164, .F. ) ;
#2309 = CARTESIAN_POINT ( 'NONE',  ( -32.10800448670235596, 20.00000000000003553, 26.41188284895664395 ) ) ;
#2310 = CARTESIAN_POINT ( 'NONE',  ( -50.86011110704953353, -2.998028782179603891, 1.411882848956630410 ) ) ;
#2311 = ADVANCED_FACE ( 'NONE', ( #7872 ), #6047, .T. ) ;
#2312 = ORIENTED_EDGE ( 'NONE', *, *, #4769, .F. ) ;
#2313 = CARTESIAN_POINT ( 'NONE',  ( 1.341518293173183274, -12.82979689427263281, 2.418790847492016116 ) ) ;
#2314 = DIRECTION ( 'NONE',  ( 0.000000000000000000, 0.000000000000000000, 1.000000000000000000 ) ) ;
#2315 = VERTEX_POINT ( 'NONE', #6850 ) ;
#2316 = CARTESIAN_POINT ( 'NONE',  ( -23.41591914841804112, -29.48613494715874239, 1.411882848956637293 ) ) ;
#2317 = CARTESIAN_POINT ( 'NONE',  ( -33.10809269280838407, -5.451557398092894857, -11.58811715104334361 ) ) ;
#2318 = CARTESIAN_POINT ( 'NONE',  ( -4.273982093956339767, -29.00657151872699657, -6.472597250165635252 ) ) ;
#2319 = EDGE_CURVE ( 'NONE', #615, #5853, #1296, .T. ) ;
#2320 = CARTESIAN_POINT ( 'NONE',  ( -0.4791474384613711446, -18.61231874089266469, -5.428911282541146299 ) ) ;
#2321 = CARTESIAN_POINT ( 'NONE',  ( -0.9568253912219394364, -38.53562866771686402, -6.738861902194656750 ) ) ;
#2322 = CARTESIAN_POINT ( 'NONE',  ( -8.940444308140863328, 5.733604334314417628, 6.590916525080708688 ) ) ;
#2323 = EDGE_LOOP ( 'NONE', ( #6364, #8811, #5359, #5405 ) ) ;
#2324 = CARTESIAN_POINT ( 'NONE',  ( -27.82620482165286191, 10.80813710916765658, 1.411882848956630410 ) ) ;
#2325 = DIRECTION ( 'NONE',  ( -1.000000000000000000, 0.000000000000000000, 0.000000000000000000 ) ) ;
#2326 = CARTESIAN_POINT ( 'NONE',  ( -66.63797836799743379, -7.589475608458099209, 15.31269238314865788 ) ) ;
#2327 = CARTESIAN_POINT ( 'NONE',  ( -56.13813534582835985, -22.21112135110120533, 25.11188284895660061 ) ) ;
#2328 = FACE_OUTER_BOUND ( 'NONE', #8880, .T. ) ;
#2329 = EDGE_CURVE ( 'NONE', #8208, #4635, #4413, .T. ) ;
#2330 = LINE ( 'NONE', #3607, #199 ) ;
#2331 = CARTESIAN_POINT ( 'NONE',  ( -18.20639008271126258, -6.730724706137632296, -6.081528685931530731 ) ) ;
#2332 = VERTEX_POINT ( 'NONE', #1926 ) ;
#2333 = LINE ( 'NONE', #3192, #6368 ) ;
#2334 = CARTESIAN_POINT ( 'NONE',  ( -8.077873627574220450, -22.21112135110121244, 14.41188284895664573 ) ) ;
#2335 = EDGE_LOOP ( 'NONE', ( #8192, #6463, #2651, #1987 ) ) ;
#2336 = PRODUCT ( 'Bracket', 'Bracket', '', ( #107 ) ) ;
#2337 = CARTESIAN_POINT ( 'NONE',  ( -54.77168180351621629, -56.09745459949871815, 108.4362694665913835 ) ) ;
#2338 = CIRCLE ( 'NONE', #4821, 8.000000000000000000 ) ;
#2339 = FACE_BOUND ( 'NONE', #5059, .T. ) ;
#2340 = DIRECTION ( 'NONE',  ( 1.000000000000000000, 0.000000000000000000, 0.000000000000000000 ) ) ;
#2341 = ORIENTED_EDGE ( 'NONE', *, *, #8103, .T. ) ;
#2342 = DIRECTION ( 'NONE',  ( -1.000000000000000000, 0.000000000000000000, 0.000000000000000000 ) ) ;
#2343 = CARTESIAN_POINT ( 'NONE',  ( -30.88968484637634759, -78.14874239328844396, 26.41188284895663330 ) ) ;
#2344 = CARTESIAN_POINT ( 'NONE',  ( -9.864979083205865251, -59.98967351843007378, -10.83498386316187201 ) ) ;
#2345 = DIRECTION ( 'NONE',  ( -0.000000000000000000, -0.000000000000000000, 1.000000000000000000 ) ) ;
#2346 = VERTEX_POINT ( 'NONE', #1428 ) ;
#2347 = CARTESIAN_POINT ( 'NONE',  ( -63.03699194574816289, -16.04203564540577887, 1.411882848956630410 ) ) ;
#2348 = EDGE_LOOP ( 'NONE', ( #2976, #6774, #8458, #678 ) ) ;
#2349 = DIRECTION ( 'NONE',  ( 0.000000000000000000, 0.000000000000000000, -1.000000000000000000 ) ) ;
#2350 = ORIENTED_EDGE ( 'NONE', *, *, #2408, .T. ) ;
#2351 = CARTESIAN_POINT ( 'NONE',  ( -11.07084047301177243, -65.27996613913609281, -11.10143986502812652 ) ) ;
#2352 = CARTESIAN_POINT ( 'NONE',  ( -57.63102236767961273, -76.52984325639810947, -8.095512438873115002 ) ) ;
#2353 = CARTESIAN_POINT ( 'NONE',  ( -22.86965838100433146, -4.758347410363634289, -10.37798298069673208 ) ) ;
#2354 = ORIENTED_EDGE ( 'NONE', *, *, #2535, .T. ) ;
#2355 = CARTESIAN_POINT ( 'NONE',  ( -56.58476324986335015, -75.82198948589626752, -8.503185093075360967 ) ) ;
#2356 = ADVANCED_FACE ( 'NONE', ( #6169 ), #5435, .F. ) ;
#2357 = EDGE_CURVE ( 'NONE', #1893, #2936, #5281, .T. ) ;
#2358 = CYLINDRICAL_SURFACE ( 'NONE', #5622, 20.00000000000000000 ) ;
#2359 = ORIENTED_EDGE ( 'NONE', *, *, #8307, .T. ) ;
#2360 = FACE_OUTER_BOUND ( 'NONE', #6142, .T. ) ;
#2361 = CIRCLE ( 'NONE', #8770, 1.824999999999993294 ) ;
#2362 = PLANE ( 'NONE',  #1221 ) ;
#2363 = CARTESIAN_POINT ( 'NONE',  ( -51.50179960332871332, -65.95946449595385275, -9.741795181210576970 ) ) ;
#2364 = CARTESIAN_POINT ( 'NONE',  ( -2.104485657089753659, -24.31035545154559685, -7.514002050547868627 ) ) ;
#2365 = CARTESIAN_POINT ( 'NONE',  ( -54.75238538630132723, 4.175377400802286587, 4.601656244746090252 ) ) ;
#2366 = CIRCLE ( 'NONE', #3533, 2.000000000000001776 ) ;
#2367 = CARTESIAN_POINT ( 'NONE',  ( -9.765342002124286935, 2.815395228455130017, 3.680677276057078728 ) ) ;
#2368 = ORIENTED_EDGE ( 'NONE', *, *, #362, .T. ) ;
#2369 = EDGE_CURVE ( 'NONE', #6395, #5636, #1786, .T. ) ;
#2370 = CARTESIAN_POINT ( 'NONE',  ( -45.49343474857256098, -3.088933298204676436, -8.487771253175909081 ) ) ;
#2371 = FACE_BOUND ( 'NONE', #4592, .T. ) ;
#2372 = DIRECTION ( 'NONE',  ( -1.000000000000000000, 0.000000000000000000, 0.000000000000000000 ) ) ;
#2373 = CARTESIAN_POINT ( 'NONE',  ( -33.54786932585368930, -9.034980643014595358, -8.851119934708762571 ) ) ;
#2374 = AXIS2_PLACEMENT_3D ( 'NONE', #1192, #4110, #552 ) ;
#2375 = LINE ( 'NONE', #368, #4283 ) ;
#2376 = CARTESIAN_POINT ( 'NONE',  ( -17.86975868176395466, -6.541649840869346200, -5.908873142989345517 ) ) ;
#2377 = VERTEX_POINT ( 'NONE', #2066 ) ;
#2378 = CARTESIAN_POINT ( 'NONE',  ( -28.23482858587080813, 15.71965424585364346, -9.595014233804706194 ) ) ;
#2379 = CARTESIAN_POINT ( 'NONE',  ( -3.425925709109966633, -33.58433237497833090, -5.917904056702354865 ) ) ;
#2380 = ORIENTED_EDGE ( 'NONE', *, *, #8892, .F. ) ;
#2381 = ADVANCED_FACE ( 'NONE', ( #4118 ), #2794, .T. ) ;
#2382 = VECTOR ( 'NONE', #4433, 1000.000000000000000 ) ;
#2383 = CARTESIAN_POINT ( 'NONE',  ( -60.02426681002150843, -24.14123902736936600, -6.365041804150706639 ) ) ;
#2384 = AXIS2_PLACEMENT_3D ( 'NONE', #3875, #2552, #6748 ) ;
#2385 = CARTESIAN_POINT ( 'NONE',  ( -48.36976717900618183, -79.31036231487702537, 25.96091318491692945 ) ) ;
#2386 = CARTESIAN_POINT ( 'NONE',  ( -32.10800448670126883, -104.8580868800252546, 26.41188284895664040 ) ) ;
#2387 = CYLINDRICAL_SURFACE ( 'NONE', #6184, 1.825000000000000178 ) ;
#2388 = ORIENTED_EDGE ( 'NONE', *, *, #972, .T. ) ;
#2389 = CARTESIAN_POINT ( 'NONE',  ( -32.10800448670126883, -38.00442471284927848, 18.41188284895663685 ) ) ;
#2390 = DIRECTION ( 'NONE',  ( 0.7071067811865522357, 0.000000000000000000, -0.7071067811865427988 ) ) ;
#2391 = DIRECTION ( 'NONE',  ( 1.000000000000000000, 0.000000000000000000, 0.000000000000000000 ) ) ;
#2392 = CARTESIAN_POINT ( 'NONE',  ( -63.03699194574816289, -16.04203564540577887, 1.411882848956630410 ) ) ;
#2393 = ORIENTED_EDGE ( 'NONE', *, *, #5751, .F. ) ;
#2394 = AXIS2_PLACEMENT_3D ( 'NONE', #4243, #1589, #223 ) ;
#2395 = CARTESIAN_POINT ( 'NONE',  ( -3.963688991750126345, -77.81135282145235976, -6.851589363086781681 ) ) ;
#2396 = ORIENTED_EDGE ( 'NONE', *, *, #8853, .T. ) ;
#2397 = DIRECTION ( 'NONE',  ( 1.000000000000000000, 0.000000000000000000, 0.000000000000000000 ) ) ;
#2398 = VERTEX_POINT ( 'NONE', #6301 ) ;
#2399 = DIRECTION ( 'NONE',  ( -0.5130747901180197079, 0.8583439052881717268, 0.000000000000000000 ) ) ;
#2400 = FACE_OUTER_BOUND ( 'NONE', #4134, .T. ) ;
#2401 = EDGE_LOOP ( 'NONE', ( #6439, #2034, #3118, #4740, #2124 ) ) ;
#2402 = CARTESIAN_POINT ( 'NONE',  ( -53.78735665113625686, -73.13142020781421593, -9.372314948908535115 ) ) ;
#2403 = CARTESIAN_POINT ( 'NONE',  ( -32.10800448670128304, 1.000000000013736567, -11.53816810883139254 ) ) ;
#2404 = EDGE_LOOP ( 'NONE', ( #1823, #3030 ) ) ;
#2405 = DIRECTION ( 'NONE',  ( -1.000000000000000000, 0.000000000000000000, 0.000000000000000000 ) ) ;
#2406 = CARTESIAN_POINT ( 'NONE',  ( -4.873036359333728917, -77.46760913890483380, -0.5728628970747274840 ) ) ;
#2407 = CARTESIAN_POINT ( 'NONE',  ( -4.331259526062821053, -25.33855674304078320, -6.506163358288994836 ) ) ;
#2408 = EDGE_CURVE ( 'NONE', #1889, #3404, #7917, .T. ) ;
#2409 = AXIS2_PLACEMENT_3D ( 'NONE', #1910, #5374, #6199 ) ;
#2410 = CARTESIAN_POINT ( 'NONE',  ( -1.987285282607587966, -17.40771745378922830, -3.724276846400613294 ) ) ;
#2411 = CARTESIAN_POINT ( 'NONE',  ( -54.51112363887635581, 3.109423390061494263, 3.854037428892908679 ) ) ;
#2412 = CARTESIAN_POINT ( 'NONE',  ( -9.533763432939327487, 3.883602353492598969, 4.374964164430209301 ) ) ;
#2413 = ORIENTED_EDGE ( 'NONE', *, *, #7736, .F. ) ;
#2414 = CARTESIAN_POINT ( 'NONE',  ( -35.93121672015693235, -5.506058201095136440, -11.46293378695621001 ) ) ;
#2415 = CARTESIAN_POINT ( 'NONE',  ( -44.68515999990541587, -71.48596535551243392, -1.487612087655021398 ) ) ;
#2416 = CARTESIAN_POINT ( 'NONE',  ( -71.44638197310310090, 3.589728000988483991, -13.22822741526793955 ) ) ;
#2417 = AXIS2_PLACEMENT_3D ( 'NONE', #1610, #4445, #115 ) ;
#2418 = AXIS2_PLACEMENT_3D ( 'NONE', #7897, #1003, #6475 ) ;
#2419 = CARTESIAN_POINT ( 'NONE',  ( -32.10800448670126883, -38.00442471284927848, 108.4362694665913835 ) ) ;
#2420 = DIRECTION ( 'NONE',  ( 1.000000000000000000, 0.000000000000000000, 0.000000000000000000 ) ) ;
#2421 = EDGE_CURVE ( 'NONE', #6806, #4316, #2510, .T. ) ;
#2422 = EDGE_CURVE ( 'NONE', #8436, #8428, #7621, .T. ) ;
#2423 = CARTESIAN_POINT ( 'NONE',  ( -21.52142580717916331, -8.176660512422426308, -7.419413487110916527 ) ) ;
#2424 = ORIENTED_EDGE ( 'NONE', *, *, #4165, .F. ) ;
#2425 = FACE_BOUND ( 'NONE', #1789, .T. ) ;
#2426 = CARTESIAN_POINT ( 'NONE',  ( -4.104389640100441383, -45.56044180235276997, -6.391293500091735247 ) ) ;
#2427 = ORIENTED_EDGE ( 'NONE', *, *, #2807, .T. ) ;
#2428 = CARTESIAN_POINT ( 'NONE',  ( -32.10800448670133278, -74.75818478260562472, -1.588117151043349606 ) ) ;
#2429 = FACE_BOUND ( 'NONE', #1896, .T. ) ;
#2430 = CARTESIAN_POINT ( 'NONE',  ( -64.65793862731580077, -16.68489615164440565, -3.881689105463724143 ) ) ;
#2431 = CARTESIAN_POINT ( 'NONE',  ( -53.31717063012574442, -58.28149088122064825, -9.362417355113670681 ) ) ;
#2432 = EDGE_LOOP ( 'NONE', ( #3900, #1536, #2359, #4414 ) ) ;
#2433 = LINE ( 'NONE', #6491, #6484 ) ;
#2434 = EDGE_CURVE ( 'NONE', #5151, #1831, #4429, .T. ) ;
#2435 = DIRECTION ( 'NONE',  ( -1.000000000000000000, 0.000000000000000000, 0.000000000000000000 ) ) ;
#2436 = CARTESIAN_POINT ( 'NONE',  ( -11.06421834736460497, -65.90490557808654160, -11.10014011570886083 ) ) ;
#2437 = CARTESIAN_POINT ( 'NONE',  ( -64.03349730198037548, -1.138266772108886160, 20.97321537549606418 ) ) ;
#2438 = CIRCLE ( 'NONE', #2737, 20.00000000000000000 ) ;
#2439 = AXIS2_PLACEMENT_3D ( 'NONE', #4498, #6449, #7180 ) ;
#2440 = ORIENTED_EDGE ( 'NONE', *, *, #4508, .T. ) ;
#2441 = CARTESIAN_POINT ( 'NONE',  ( -41.72844025711778215, -120.4179502089523055, -1.535702756784487422 ) ) ;
#2442 = ORIENTED_EDGE ( 'NONE', *, *, #3187, .F. ) ;
#2443 = CARTESIAN_POINT ( 'NONE',  ( -31.10791628059424241, -5.451557398092794493, -11.58811715104334361 ) ) ;
#2444 = ORIENTED_EDGE ( 'NONE', *, *, #3036, .T. ) ;
#2445 = CARTESIAN_POINT ( 'NONE',  ( -10.45036211542631932, -69.42049012201771063, -10.97183942910160859 ) ) ;
#2446 = CIRCLE ( 'NONE', #8707, 4.000000000020695445 ) ;
#2447 = CARTESIAN_POINT ( 'NONE',  ( 0.4602633199326185975, -6.344915438424252763, 14.19475062538399790 ) ) ;
#2448 = EDGE_CURVE ( 'NONE', #8578, #573, #4858, .T. ) ;
#2449 = B_SPLINE_CURVE_WITH_KNOTS ( 'NONE', 3,
 ( #7899, #2373, #5970, #3877 ),
 .UNSPECIFIED., .F., .F.,
 ( 4, 4 ),
 ( 0.000000000000000000, 1.000000000000000000 ),
 .UNSPECIFIED. ) ;
#2450 = ORIENTED_EDGE ( 'NONE', *, *, #4536, .F. ) ;
#2451 = DIRECTION ( 'NONE',  ( 0.000000000000000000, 0.000000000000000000, 1.000000000000000000 ) ) ;
#2452 = CARTESIAN_POINT ( 'NONE',  ( -51.10426731865426575, -2.753239773218205677, -2.349131402055976814 ) ) ;
#2453 = ORIENTED_EDGE ( 'NONE', *, *, #4932, .F. ) ;
#2454 = CARTESIAN_POINT ( 'NONE',  ( -55.45220841946809998, -55.24491022852094346, -8.735970774055054733 ) ) ;
#2455 = CARTESIAN_POINT ( 'NONE',  ( -10.14799952300119834, 0.6810730460595684210, 2.726617157244334511 ) ) ;
#2456 = DIRECTION ( 'NONE',  ( -0.000000000000000000, -0.000000000000000000, 1.000000000000000000 ) ) ;
#2457 = CARTESIAN_POINT ( 'NONE',  ( -0.3770202980189760744, -18.39230934423331476, -5.273180134124319629 ) ) ;
#2458 = FACE_OUTER_BOUND ( 'NONE', #5446, .T. ) ;
#2459 = CARTESIAN_POINT ( 'NONE',  ( -9.360841179153863933, 4.565780564653366014, 4.952636906458312893 ) ) ;
#2460 = ORIENTED_EDGE ( 'NONE', *, *, #5149, .F. ) ;
#2461 = CARTESIAN_POINT ( 'NONE',  ( -44.85494674713527985, -3.416714225652805137, -8.858708568788189908 ) ) ;
#2462 = FACE_OUTER_BOUND ( 'NONE', #8382, .T. ) ;
#2463 = DIRECTION ( 'NONE',  ( -1.000000000000000000, 0.000000000000000000, 0.000000000000000000 ) ) ;
#2464 = CARTESIAN_POINT ( 'NONE',  ( -28.50932906957945079, 18.23475700450762105, -8.789273729442950156 ) ) ;
#2465 = CARTESIAN_POINT ( 'NONE',  ( -17.10800448670130081, 28.00000000000000355, 7.274226355486903550 ) ) ;
#2466 = DIRECTION ( 'NONE',  ( 0.000000000000000000, 0.000000000000000000, -1.000000000000000000 ) ) ;
#2467 = ORIENTED_EDGE ( 'NONE', *, *, #3977, .T. ) ;
#2468 = CARTESIAN_POINT ( 'NONE',  ( -30.45800448670127381, -114.8580868800252404, -1.588117151043349606 ) ) ;
#2469 = CARTESIAN_POINT ( 'NONE',  ( -8.152520783328162324, -54.35091486158290053, -8.563443328210249561 ) ) ;
#2470 = ORIENTED_EDGE ( 'NONE', *, *, #1328, .T. ) ;
#2471 = CARTESIAN_POINT ( 'NONE',  ( -33.93300448670127878, -54.17822028544186708, -13.22822741526793955 ) ) ;
#2472 = EDGE_CURVE ( 'NONE', #4316, #6806, #2084, .T. ) ;
#2473 = FACE_BOUND ( 'NONE', #4672, .T. ) ;
#2474 = ADVANCED_FACE ( 'NONE', ( #103 ), #2504, .T. ) ;
#2475 = CARTESIAN_POINT ( 'NONE',  ( 1.390743335995473950, -12.77275566447147348, 2.548553423765729242 ) ) ;
#2476 = CARTESIAN_POINT ( 'NONE',  ( -51.89568429514459780, -61.99312113524801759, -9.669690089152966905 ) ) ;
#2477 = ORIENTED_EDGE ( 'NONE', *, *, #6871, .T. ) ;
#2478 = CARTESIAN_POINT ( 'NONE',  ( -33.75800448670126741, -84.85808688002525457, 8.411882848956651060 ) ) ;
#2479 = CARTESIAN_POINT ( 'NONE',  ( 5.554423315720490528, -22.97349991413699399, -2.632971843638366671 ) ) ;
#2480 = DIRECTION ( 'NONE',  ( -0.8583439052881717268, 0.5130747901180198189, 0.000000000000000000 ) ) ;
#2481 = CARTESIAN_POINT ( 'NONE',  ( -32.10800448670126883, -38.00442471284927848, 1.411882848956630410 ) ) ;
#2482 = VECTOR ( 'NONE', #5820, 1000.000000000000000 ) ;
#2483 = VERTEX_POINT ( 'NONE', #7896 ) ;
#2484 = ORIENTED_EDGE ( 'NONE', *, *, #5546, .T. ) ;
#2485 = CYLINDRICAL_SURFACE ( 'NONE', #8795, 2.149999999999999023 ) ;
#2486 = EDGE_CURVE ( 'NONE', #5840, #3720, #3608, .T. ) ;
#2487 = ORIENTED_EDGE ( 'NONE', *, *, #5339, .F. ) ;
#2488 = CARTESIAN_POINT ( 'NONE',  ( -8.348633083403226962, -57.45325462555558715, -10.41630329239339225 ) ) ;
#2489 = CARTESIAN_POINT ( 'NONE',  ( -65.37348156795270882, -6.760931055914118915, 14.98146614425219880 ) ) ;
#2490 = ORIENTED_EDGE ( 'NONE', *, *, #2408, .F. ) ;
#2491 = CYLINDRICAL_SURFACE ( 'NONE', #3207, 8.000000000000000000 ) ;
#2492 = CARTESIAN_POINT ( 'NONE',  ( -8.901751773518379096, -72.50683839216300441, -10.57843501563159982 ) ) ;
#2493 = ADVANCED_FACE ( 'NONE', ( #1552 ), #2918, .T. ) ;
#2494 = CARTESIAN_POINT ( 'NONE',  ( -49.63984972505881643, -4.177189116859567619, -3.717857511715569885 ) ) ;
#2495 = ORIENTED_EDGE ( 'NONE', *, *, #2556, .F. ) ;
#2496 = CARTESIAN_POINT ( 'NONE',  ( -62.65031982270483013, -43.70056520304806469, -7.161521492928240917 ) ) ;
#2497 = CARTESIAN_POINT ( 'NONE',  ( 1.283458269007731634, -78.75818478260569577, 2.411882848956650172 ) ) ;
#2498 = CARTESIAN_POINT ( 'NONE',  ( -3.461402451365891419, -3.999999999999999112, 14.41188284895664218 ) ) ;
#2499 = CARTESIAN_POINT ( 'NONE',  ( -54.42467360817559552, 2.684691997719368839, 3.608395852101025092 ) ) ;
#2500 = CARTESIAN_POINT ( 'NONE',  ( -30.80979792086662172, 1.207405595997912195, -11.42876374172010934 ) ) ;
#2501 = ORIENTED_EDGE ( 'NONE', *, *, #8916, .F. ) ;
#2502 = CARTESIAN_POINT ( 'NONE',  ( -47.56149539198715104, -1.816594178132109771, -7.022967928475615906 ) ) ;
#2503 = DIRECTION ( 'NONE',  ( -1.000000000000000000, 0.000000000000000000, 0.000000000000000000 ) ) ;
#2504 = CONICAL_SURFACE ( 'NONE', #6586, 16.69999999999995666, 0.7853981633974549403 ) ;
#2505 = DIRECTION ( 'NONE',  ( -1.000000000000000000, 3.469446951953610639E-15, 2.407412430484040332E-29 ) ) ;
#2506 = CARTESIAN_POINT ( 'NONE',  ( -60.35347952362491242, -31.43227590607191502, -6.166663595417412935 ) ) ;
#2507 = DIRECTION ( 'NONE',  ( -1.000000000000000000, 0.000000000000000000, 0.000000000000000000 ) ) ;
#2508 = CARTESIAN_POINT ( 'NONE',  ( -21.29533818027311298, -123.5972885681776035, 1.888290536557699406 ) ) ;
#2509 = ORIENTED_EDGE ( 'NONE', *, *, #7094, .F. ) ;
#2510 = CIRCLE ( 'NONE', #6007, 1.825000000000007283 ) ;
#2511 = DIRECTION ( 'NONE',  ( -0.000000000000000000, -1.000000000000000000, 0.000000000000000000 ) ) ;
#2512 = CARTESIAN_POINT ( 'NONE',  ( -5.134142318553419848, -48.65732593641770620, -7.044068078028990598 ) ) ;
#2513 = EDGE_LOOP ( 'NONE', ( #5225, #2543 ) ) ;
#2514 = DIRECTION ( 'NONE',  ( -0.000000000000000000, -0.000000000000000000, 1.000000000000000000 ) ) ;
#2515 = CARTESIAN_POINT ( 'NONE',  ( -24.77289966375753139, -32.66811546249819997, 1.411882848956637293 ) ) ;
#2516 = CIRCLE ( 'NONE', #8933, 3.500000000000003109 ) ;
#2517 = CARTESIAN_POINT ( 'NONE',  ( -61.22599007474473609, -19.56544941091430090, -5.036637407155403423 ) ) ;
#2518 = CARTESIAN_POINT ( 'NONE',  ( -51.49427459686687314, -65.40102063887482586, -9.743119864364963689 ) ) ;
#2519 = VERTEX_POINT ( 'NONE', #4972 ) ;
#2520 = DIRECTION ( 'NONE',  ( 0.000000000000000000, 0.000000000000000000, -1.000000000000000000 ) ) ;
#2521 = DIRECTION ( 'NONE',  ( -1.000000000000000000, 0.000000000000000000, 0.000000000000000000 ) ) ;
#2522 = EDGE_CURVE ( 'NONE', #9017, #7906, #1933, .T. ) ;
#2523 = ADVANCED_FACE ( 'NONE', ( #1505 ), #6519, .F. ) ;
#2524 = DIRECTION ( 'NONE',  ( 0.000000000000000000, -1.000000000000000000, 0.000000000000000000 ) ) ;
#2525 = CARTESIAN_POINT ( 'NONE',  ( -47.56149539198715104, -1.816594178132109771, -7.022967928475615906 ) ) ;
#2526 = VECTOR ( 'NONE', #3920, 1000.000000000000000 ) ;
#2527 = CIRCLE ( 'NONE', #2384, 1.825000000000000178 ) ;
#2528 = ORIENTED_EDGE ( 'NONE', *, *, #2638, .F. ) ;
#2529 = EDGE_LOOP ( 'NONE', ( #1445, #718, #2490 ) ) ;
#2530 = DIRECTION ( 'NONE',  ( -0.3922749854591618401, -0.9198479960205458994, -0.000000000000000000 ) ) ;
#2531 = ORIENTED_EDGE ( 'NONE', *, *, #5161, .T. ) ;
#2532 = CARTESIAN_POINT ( 'NONE',  ( 1.149191767575665546, -78.90867915856914294, -5.061899985182924944 ) ) ;
#2533 = VECTOR ( 'NONE', #7557, 1000.000000000000000 ) ;
#2534 = CARTESIAN_POINT ( 'NONE',  ( -54.83641081134057771, 1.571484838429000330, 4.719119435353855252 ) ) ;
#2535 = EDGE_CURVE ( 'NONE', #5822, #2483, #2646, .T. ) ;
#2536 = ADVANCED_FACE ( 'NONE', ( #2154 ), #4937, .F. ) ;
#2537 = CARTESIAN_POINT ( 'NONE',  ( -62.74071160087770238, -77.00718858484083285, -7.100742146339134919 ) ) ;
#2538 = AXIS2_PLACEMENT_3D ( 'NONE', #4174, #4030, #701 ) ;
#2539 = EDGE_LOOP ( 'NONE', ( #3495, #6746 ) ) ;
#2540 = CARTESIAN_POINT ( 'NONE',  ( -8.577073360466631158, -72.86993312515014054, -10.48367569626311280 ) ) ;
#2541 = CARTESIAN_POINT ( 'NONE',  ( -16.19007231997013463, -78.04525164055847597, 26.41188284895664040 ) ) ;
#2542 = CARTESIAN_POINT ( 'NONE',  ( -59.83311748029470323, -26.90076221424594038, -6.477278502171404995 ) ) ;
#2543 = ORIENTED_EDGE ( 'NONE', *, *, #8000, .F. ) ;
#2544 = AXIS2_PLACEMENT_3D ( 'NONE', #3009, #1736, #5110 ) ;
#2545 = CARTESIAN_POINT ( 'NONE',  ( -71.04647735183242219, -13.75384971959920755, 1.882563524512290920 ) ) ;
#2546 = DIRECTION ( 'NONE',  ( 1.000000000000000000, -1.780377182154265206E-15, 0.000000000000000000 ) ) ;
#2547 = CARTESIAN_POINT ( 'NONE',  ( 2.259831036370089752, -78.75818478260569577, 11.31269238314865966 ) ) ;
#2548 = EDGE_CURVE ( 'NONE', #8735, #2936, #1463, .T. ) ;
#2549 = LINE ( 'NONE', #7985, #399 ) ;
#2550 = DIRECTION ( 'NONE',  ( -0.000000000000000000, -0.000000000000000000, 1.000000000000000000 ) ) ;
#2551 = CARTESIAN_POINT ( 'NONE',  ( -42.46271740109524018, -4.410671653400547676, -9.979238693439198116 ) ) ;
#2552 = DIRECTION ( 'NONE',  ( 0.000000000000000000, 0.000000000000000000, 1.000000000000000000 ) ) ;
#2553 = FACE_OUTER_BOUND ( 'NONE', #2031, .T. ) ;
#2554 = FACE_OUTER_BOUND ( 'NONE', #1862, .T. ) ;
#2555 = CARTESIAN_POINT ( 'NONE',  ( -30.45800448670127381, -94.85808688002525457, -1.588117151043349606 ) ) ;
#2556 = EDGE_CURVE ( 'NONE', #844, #4140, #821, .T. ) ;
#2557 = CARTESIAN_POINT ( 'NONE',  ( -12.68871513006441809, -66.46528919594170759, -9.824801961116301996 ) ) ;
#2558 = ORIENTED_EDGE ( 'NONE', *, *, #3024, .T. ) ;
#2559 = CARTESIAN_POINT ( 'NONE',  ( -6.396961012757603982, -76.64374949963381312, -8.017097596197741538 ) ) ;
#2560 = CARTESIAN_POINT ( 'NONE',  ( -4.331672077666623544, -46.34404927649119088, -6.541385722167449401 ) ) ;
#2561 = ORIENTED_EDGE ( 'NONE', *, *, #3310, .F. ) ;
#2562 = B_SPLINE_SURFACE_WITH_KNOTS ( 'NONE', 1, 3, ( 
 ( #502, #4839, #1189, #7622, #641, #2689, #3281, #7438, #6798, #5423, #8803, #8987, #8263, #6840, #2011, #4658 ),
 ( #8126, #8850, #4796, #6070, #1875, #2599, #3918, #1915, #6699, #4748, #8171, #6016, #7534, #550, #7486, #4013 ) ),
 .UNSPECIFIED., .F., .F., .F.,
 ( 2, 2 ),
 ( 4, 2, 2, 2, 2, 2, 2, 4 ),
 ( 0.000000000000000000, 1.000000000000000000 ),
 ( 0.000000000000000000, 0.001705603394629476863, 0.003411206789258953726, 0.004264008486573692483, 0.005116810183888430806, 0.005543211032545800401, 0.005969611881203169129, 0.006822413578517907452 ),
 .UNSPECIFIED. ) ;
#2563 = AXIS2_PLACEMENT_3D ( 'NONE', #1497, #3467, #7716 ) ;
#2564 = CARTESIAN_POINT ( 'NONE',  ( -61.85724404301003432, -79.72185987583262090, -5.731616056036071605 ) ) ;
#2565 = CARTESIAN_POINT ( 'NONE',  ( -9.379598162061995481, 1.571484838428992559, 4.719119435353891667 ) ) ;
#2566 = DIRECTION ( 'NONE',  ( -1.000000000000000000, 0.000000000000000000, 0.000000000000000000 ) ) ;
#2567 = CARTESIAN_POINT ( 'NONE',  ( -62.97685743961860538, -20.34492332831222328, -6.478552669429261002 ) ) ;
#2568 = CARTESIAN_POINT ( 'NONE',  ( -68.32466781373784670, -8.965407007486811963, 14.09888576305629826 ) ) ;
#2569 = ORIENTED_EDGE ( 'NONE', *, *, #7313, .F. ) ;
#2570 = B_SPLINE_CURVE_WITH_KNOTS ( 'NONE', 1,
 ( #3818, #3224 ),
 .UNSPECIFIED., .F., .F.,
 ( 2, 2 ),
 ( 0.000000000000000000, 1.000000000000000000 ),
 .UNSPECIFIED. ) ;
#2571 = CARTESIAN_POINT ( 'NONE',  ( -64.46534809714513869, -14.09540661567286080, 0.1152747001305507030 ) ) ;
#2572 = AXIS2_PLACEMENT_3D ( 'NONE', #4356, #5512, #8547 ) ;
#2573 = CARTESIAN_POINT ( 'NONE',  ( -44.93356296991329657, -121.6230729217454041, 2.411882848956650172 ) ) ;
#2574 = CARTESIAN_POINT ( 'NONE',  ( -3.256845496555395236, -20.27828498907177490, -5.451387733658950019 ) ) ;
#2575 = CARTESIAN_POINT ( 'NONE',  ( -50.62944839326710422, 0.8401891360741770010, -3.770384594529971878 ) ) ;
#2576 = ORIENTED_EDGE ( 'NONE', *, *, #4373, .F. ) ;
#2577 = VERTEX_POINT ( 'NONE', #7028 ) ;
#2578 = CARTESIAN_POINT ( 'NONE',  ( -63.72104590690055659, -78.65903678935126209, 1.497284426372844868 ) ) ;
#2579 = EDGE_CURVE ( 'NONE', #5951, #4647, #3667, .T. ) ;
#2580 = ORIENTED_EDGE ( 'NONE', *, *, #8103, .F. ) ;
#2581 = CARTESIAN_POINT ( 'NONE',  ( -7.972446601736113081, -73.90766653878394266, -10.29262805761629629 ) ) ;
#2582 = CARTESIAN_POINT ( 'NONE',  ( -65.72608925564573212, -6.975626999020916763, 15.17696699876628585 ) ) ;
#2583 = CARTESIAN_POINT ( 'NONE',  ( -52.93356296991329657, -86.75818478260559630, 26.41188284895664040 ) ) ;
#2584 = EDGE_LOOP ( 'NONE', ( #8089, #4357, #8180, #673 ) ) ;
#2585 = CARTESIAN_POINT ( 'NONE',  ( -9.810578664180694020, -71.34680965178822021, -10.82164171034096967 ) ) ;
#2586 = DIRECTION ( 'NONE',  ( 0.000000000000000000, 0.000000000000000000, -1.000000000000000000 ) ) ;
#2587 =( GEOMETRIC_REPRESENTATION_CONTEXT ( 3 ) GLOBAL_UNCERTAINTY_ASSIGNED_CONTEXT ( ( #7020 ) ) GLOBAL_UNIT_ASSIGNED_CONTEXT ( ( #4245, #4290, #8314 ) ) REPRESENTATION_CONTEXT ( 'NONE', 'WORKASPACE' ) );
#2588 = ADVANCED_FACE ( 'NONE', ( #4386 ), #4296, .F. ) ;
#2589 = DIRECTION ( 'NONE',  ( -0.000000000000000000, -0.000000000000000000, -1.000000000000000000 ) ) ;
#2590 = EDGE_CURVE ( 'NONE', #8763, #1492, #2361, .T. ) ;
#2591 = VERTEX_POINT ( 'NONE', #8621 ) ;
#2592 = CARTESIAN_POINT ( 'NONE',  ( -73.58496132812602752, -22.30767736858900818, 8.965710275520939021 ) ) ;
#2593 = CARTESIAN_POINT ( 'NONE',  ( -54.42625362919253007, 4.879837447288262631, 3.578725095276162449 ) ) ;
#2594 = CYLINDRICAL_SURFACE ( 'NONE', #3574, 2.000000000000000000 ) ;
#2595 = CARTESIAN_POINT ( 'NONE',  ( -35.18648102797065746, 11.85690982337226806, -10.19177499563713774 ) ) ;
#2596 = DIRECTION ( 'NONE',  ( 0.000000000000000000, 0.000000000000000000, -1.000000000000000000 ) ) ;
#2597 = CARTESIAN_POINT ( 'NONE',  ( -47.33418560203523384, -5.932727710964040391, -5.351282605864551734 ) ) ;
#2598 = FACE_OUTER_BOUND ( 'NONE', #1924, .T. ) ;
#2599 = CARTESIAN_POINT ( 'NONE',  ( -4.349798551740880370, -28.08980286130599424, -6.516967731837949529 ) ) ;
#2600 = ADVANCED_FACE ( 'NONE', ( #7436 ), #8124, .F. ) ;
#2601 = CARTESIAN_POINT ( 'NONE',  ( -16.12670766129087241, -1.433951962474759201, -6.572329092963529185 ) ) ;
#2602 = CARTESIAN_POINT ( 'NONE',  ( -29.73478355573170617, 35.40891975365315858, 9.411882848956636849 ) ) ;
#2603 = FACE_OUTER_BOUND ( 'NONE', #3948, .T. ) ;
#2604 = CARTESIAN_POINT ( 'NONE',  ( -21.28244600349378857, -123.6230729217454041, 2.150080499099028764 ) ) ;
#2605 = CARTESIAN_POINT ( 'NONE',  ( -32.10800448670241281, 5.000000000000024869, 14.91188284895665639 ) ) ;
#2606 = CARTESIAN_POINT ( 'NONE',  ( -5.249697921458213123, -53.23156217452243766, -9.228154692195840170 ) ) ;
#2607 = ORIENTED_EDGE ( 'NONE', *, *, #3935, .T. ) ;
#2608 = CARTESIAN_POINT ( 'NONE',  ( -53.09466872639075063, -66.52302852910703734, -11.11130490012357441 ) ) ;
#2609 = LINE ( 'NONE', #5224, #8057 ) ;
#2610 = CARTESIAN_POINT ( 'NONE',  ( -8.598331438672122573, 2.476804816834379697, 7.532141915464958259 ) ) ;
#2611 = CARTESIAN_POINT ( 'NONE',  ( 8.622126372425720220, -22.21112135110120533, 26.41188284895664040 ) ) ;
#2612 = EDGE_CURVE ( 'NONE', #7401, #3890, #6656, .T. ) ;
#2613 = DIRECTION ( 'NONE',  ( 1.000000000000000000, 0.000000000000000000, -0.000000000000000000 ) ) ;
#2614 = CARTESIAN_POINT ( 'NONE',  ( -26.45115023720892466, -43.83507453493427874, 18.41188284895663685 ) ) ;
#2615 = CARTESIAN_POINT ( 'NONE',  ( -62.38386552903168081, -17.12546347865781371, -3.400270351169463190 ) ) ;
#2616 = FACE_OUTER_BOUND ( 'NONE', #2151, .T. ) ;
#2617 = CARTESIAN_POINT ( 'NONE',  ( -3.589868180086406735, -21.32200097565661778, -5.848511740926016778 ) ) ;
#2618 = CARTESIAN_POINT ( 'NONE',  ( -35.93121672015693235, -5.506058201095136440, -11.46293378695621001 ) ) ;
#2619 = ORIENTED_EDGE ( 'NONE', *, *, #2434, .T. ) ;
#2620 = ORIENTED_EDGE ( 'NONE', *, *, #7684, .T. ) ;
#2621 = CARTESIAN_POINT ( 'NONE',  ( -34.44382762550842614, 8.247141860792179813, -10.73586529162721526 ) ) ;
#2622 = ORIENTED_EDGE ( 'NONE', *, *, #5981, .T. ) ;
#2623 = CARTESIAN_POINT ( 'NONE',  ( -1.647060250271084714, -78.23775136627374138, -7.216264937525473933 ) ) ;
#2624 = CARTESIAN_POINT ( 'NONE',  ( -55.05811930080717786, 5.552117149470560342, 5.656476885962617551 ) ) ;
#2625 = DIRECTION ( 'NONE',  ( 0.000000000000000000, 0.000000000000000000, -1.000000000000000000 ) ) ;
#2626 = CARTESIAN_POINT ( 'NONE',  ( -61.89852195645278243, -76.77027325006260128, -7.648929913544368908 ) ) ;
#2627 = ORIENTED_EDGE ( 'NONE', *, *, #5227, .T. ) ;
#2628 = CARTESIAN_POINT ( 'NONE',  ( -16.13687640705189708, -80.16564486311408189, 25.26239421068244795 ) ) ;
#2629 = CARTESIAN_POINT ( 'NONE',  ( -0.1084505411038819839, -14.50999869275771204, 1.565389065001568270 ) ) ;
#2630 = VECTOR ( 'NONE', #4096, 1000.000000000000000 ) ;
#2631 = CARTESIAN_POINT ( 'NONE',  ( -17.88084897349712321, -71.48596535551243392, -1.588117151043349606 ) ) ;
#2632 = ORIENTED_EDGE ( 'NONE', *, *, #4596, .F. ) ;
#2633 = CARTESIAN_POINT ( 'NONE',  ( -74.06871142190585999, -22.22323923335467200, 12.21940191730715952 ) ) ;
#2634 = CARTESIAN_POINT ( 'NONE',  ( -62.97685743961860538, -20.34492332831222328, -6.478552669429261002 ) ) ;
#2635 = DIRECTION ( 'NONE',  ( 0.000000000000000000, 0.000000000000000000, -1.000000000000000000 ) ) ;
#2636 = EDGE_CURVE ( 'NONE', #3235, #5358, #1733, .T. ) ;
#2637 = LINE ( 'NONE', #3329, #2738 ) ;
#2638 = EDGE_CURVE ( 'NONE', #1186, #4319, #6697, .T. ) ;
#2639 = CARTESIAN_POINT ( 'NONE',  ( -47.10800448670128304, 28.00000000000000000, 14.41188284895664573 ) ) ;
#2640 = CARTESIAN_POINT ( 'NONE',  ( -28.10800448671612273, 5.313408311854527000, -10.63335376763402884 ) ) ;
#2641 = CARTESIAN_POINT ( 'NONE',  ( -23.41591914841804112, -29.48613494715874239, -13.22822741526793955 ) ) ;
#2642 = CARTESIAN_POINT ( 'NONE',  ( -20.71081178792428545, -4.021050511743261779, -9.539163863791428000 ) ) ;
#2643 = FACE_OUTER_BOUND ( 'NONE', #3397, .T. ) ;
#2644 = CARTESIAN_POINT ( 'NONE',  ( -37.91160816274233980, -32.37461660940082453, 18.41188284895663685 ) ) ;
#2645 = CARTESIAN_POINT ( 'NONE',  ( -19.81111961202606864, -121.3587361174772496, 0.4072801454219146522 ) ) ;
#2646 = B_SPLINE_CURVE_WITH_KNOTS ( 'NONE', 3,
 ( #185, #6385, #8448, #5615, #2878, #8411 ),
 .UNSPECIFIED., .F., .F.,
 ( 4, 2, 4 ),
 ( 0.004726097892896970187, 0.005490267423815467160, 0.006254436954733964132 ),
 .UNSPECIFIED. ) ;
#2647 = CARTESIAN_POINT ( 'NONE',  ( -7.784213898880147475, -75.70835206076829138, -8.559179605802480495 ) ) ;
#2648 = EDGE_CURVE ( 'NONE', #7663, #1031, #894, .T. ) ;
#2649 = CARTESIAN_POINT ( 'NONE',  ( -0.9727170988549221908, -36.80170600067815201, -6.750256056507830671 ) ) ;
#2650 = VECTOR ( 'NONE', #2466, 1000.000000000000000 ) ;
#2651 = ORIENTED_EDGE ( 'NONE', *, *, #8051, .T. ) ;
#2652 = CARTESIAN_POINT ( 'NONE',  ( -53.44371906340541045, -68.61613482797849883, -11.04105565243245479 ) ) ;
#2653 = DIRECTION ( 'NONE',  ( 1.000000000000000000, 0.000000000000000000, 0.000000000000000000 ) ) ;
#2654 = DIRECTION ( 'NONE',  ( 0.5130747901180200410, 0.8583439052881716158, 0.000000000000000000 ) ) ;
#2655 = CARTESIAN_POINT ( 'NONE',  ( 0.8133683528452776423, -16.22717490150113306, -3.330236873534309083 ) ) ;
#2656 = FACE_OUTER_BOUND ( 'NONE', #1333, .T. ) ;
#2657 = CARTESIAN_POINT ( 'NONE',  ( -27.10800448670130436, -38.17822028544185997, 1.411882848956637293 ) ) ;
#2658 = DIRECTION ( 'NONE',  ( 1.000000000000000000, 0.000000000000000000, 0.000000000000000000 ) ) ;
#2659 = VECTOR ( 'NONE', #3564, 1000.000000000000000 ) ;
#2660 = CARTESIAN_POINT ( 'NONE',  ( -61.08710142023119261, -36.86950342534582603, -5.643858141342377621 ) ) ;
#2661 = CARTESIAN_POINT ( 'NONE',  ( -3.738447308763240606, -21.86167215197820468, -6.014009163678857739 ) ) ;
#2662 = EDGE_CURVE ( 'NONE', #7931, #7138, #6563, .T. ) ;
#2663 = DIRECTION ( 'NONE',  ( 0.000000000000000000, 0.000000000000000000, -1.000000000000000000 ) ) ;
#2664 = VERTEX_POINT ( 'NONE', #1187 ) ;
#2665 =( BOUNDED_CURVE ( )  B_SPLINE_CURVE ( 3, ( #7666, #4920, #2903, #2136 ),
 .UNSPECIFIED., .F., .F. ) 
 B_SPLINE_CURVE_WITH_KNOTS ( ( 4, 4 ),
 ( 4.969136233187043672, 5.481825702917507925 ),
 .UNSPECIFIED. ) 
 CURVE ( )  GEOMETRIC_REPRESENTATION_ITEM ( )  RATIONAL_B_SPLINE_CURVE ( ( 1.000000000000000000, 0.9782154784512312462, 0.9782154784512312462, 1.000000000000000000 ) ) 
 REPRESENTATION_ITEM ( '' )  );
#2666 = ORIENTED_EDGE ( 'NONE', *, *, #3480, .F. ) ;
#2667 = CARTESIAN_POINT ( 'NONE',  ( -30.28300448670128020, -28.67822028544097890, 18.41188284895663685 ) ) ;
#2668 = EDGE_LOOP ( 'NONE', ( #891, #4231, #6228, #7920, #8346, #8005 ) ) ;
#2669 = CARTESIAN_POINT ( 'NONE',  ( -2.173513893506031636, -78.04690148267668803, -7.560075425550978778 ) ) ;
#2670 = DIRECTION ( 'NONE',  ( -0.000000000000000000, -0.000000000000000000, 1.000000000000000000 ) ) ;
#2671 = CIRCLE ( 'NONE', #5002, 2.149999999999999023 ) ;
#2672 = ORIENTED_EDGE ( 'NONE', *, *, #8002, .F. ) ;
#2673 = DIRECTION ( 'NONE',  ( 1.000000000000000000, 0.000000000000000000, 0.000000000000000000 ) ) ;
#2674 = DIRECTION ( 'NONE',  ( 0.000000000000000000, 0.000000000000000000, -1.000000000000000000 ) ) ;
#2675 = ORIENTED_EDGE ( 'NONE', *, *, #7522, .F. ) ;
#2676 = DIRECTION ( 'NONE',  ( 0.000000000000000000, 0.000000000000000000, 1.000000000000000000 ) ) ;
#2677 = FACE_OUTER_BOUND ( 'NONE', #484, .T. ) ;
#2678 = AXIS2_PLACEMENT_3D ( 'NONE', #5928, #7992, #4521 ) ;
#2679 = CARTESIAN_POINT ( 'NONE',  ( -59.88225624401810165, -28.42777578270305128, -6.448653269787924636 ) ) ;
#2680 = ORIENTED_EDGE ( 'NONE', *, *, #7000, .T. ) ;
#2681 = CARTESIAN_POINT ( 'NONE',  ( -65.14411124618048632, -7.026940274564676514, 10.04443240199304910 ) ) ;
#2682 =( BOUNDED_CURVE ( )  B_SPLINE_CURVE ( 3, ( #1961, #4696, #1368, #1282 ),
 .UNSPECIFIED., .F., .F. ) 
 B_SPLINE_CURVE_WITH_KNOTS ( ( 4, 4 ),
 ( 6.001705233948740670, 6.283185307179586232 ),
 .UNSPECIFIED. ) 
 CURVE ( )  GEOMETRIC_REPRESENTATION_ITEM ( )  RATIONAL_B_SPLINE_CURVE ( ( 1.000000000000000000, 0.9934083053732251090, 0.9934083053732251090, 1.000000000000000000 ) ) 
 REPRESENTATION_ITEM ( '' )  );
#2683 = CYLINDRICAL_SURFACE ( 'NONE', #5287, 1.825000000000000178 ) ;
#2684 = LINE ( 'NONE', #2095, #809 ) ;
#2685 = CARTESIAN_POINT ( 'NONE',  ( -32.10800448670627105, 22.98874526329343837, -10.09755899591906925 ) ) ;
#2686 = CARTESIAN_POINT ( 'NONE',  ( -24.77289966375753139, -32.66811546249819997, 18.41188284895663685 ) ) ;
#2687 = CIRCLE ( 'NONE', #2243, 2.000000000000001776 ) ;
#2688 = CARTESIAN_POINT ( 'NONE',  ( -65.28013033398491416, -6.869193923645260824, 11.70948360971118873 ) ) ;
#2689 = CARTESIAN_POINT ( 'NONE',  ( -2.262729960890354164, -28.00642430554033524, -7.614056995354946622 ) ) ;
#2690 = CARTESIAN_POINT ( 'NONE',  ( 4.263504228057878542, -11.89607844941671466, 4.760843670386847748 ) ) ;
#2691 = ADVANCED_FACE ( 'NONE', ( #5924 ), #8826, .F. ) ;
#2692 = DIRECTION ( 'NONE',  ( 0.000000000000000000, 0.000000000000000000, 1.000000000000000000 ) ) ;
#2693 = LINE ( 'NONE', #553, #4567 ) ;
#2694 = CARTESIAN_POINT ( 'NONE',  ( -21.54678280775765487, -123.0943993132084842, 0.4072801454217868100 ) ) ;
#2695 = CARTESIAN_POINT ( 'NONE',  ( -10.58885573442478112, -72.92763339650980470, -9.412829122536185977 ) ) ;
#2696 = CARTESIAN_POINT ( 'NONE',  ( -7.572720836114522847, -56.52324163996746620, -10.15840377662430427 ) ) ;
#2697 = VERTEX_POINT ( 'NONE', #2845 ) ;
#2698 = CARTESIAN_POINT ( 'NONE',  ( -53.06142559424468175, -64.99847556298639972, -11.11773263914204968 ) ) ;
#2699 = CARTESIAN_POINT ( 'NONE',  ( -43.39174986009711432, -120.8521663668367268, -0.7867845103519183203 ) ) ;
#2700 = CARTESIAN_POINT ( 'NONE',  ( -8.679256276709601536, 6.061363863282952735, 7.807423258291207091 ) ) ;
#2701 = DIRECTION ( 'NONE',  ( 0.000000000000000000, 0.000000000000000000, 1.000000000000000000 ) ) ;
#2702 = FACE_OUTER_BOUND ( 'NONE', #8117, .T. ) ;
#2703 = VECTOR ( 'NONE', #4127, 1000.000000000000114 ) ;
#2704 = DIRECTION ( 'NONE',  ( 1.000000000000000000, 0.000000000000000000, 0.000000000000000000 ) ) ;
#2705 = ADVANCED_FACE ( 'NONE', ( #2247 ), #3612, .F. ) ;
#2706 = CARTESIAN_POINT ( 'NONE',  ( -34.64213081907679737, -9.115357512064429457, -8.792177366502409441 ) ) ;
#2707 = EDGE_CURVE ( 'NONE', #8835, #7156, #4981, .T. ) ;
#2708 = DIRECTION ( 'NONE',  ( -0.000000000000000000, -0.000000000000000000, 1.000000000000000000 ) ) ;
#2709 = CARTESIAN_POINT ( 'NONE',  ( -60.85867840594450229, -41.83862706574710444, -5.811358199254418544 ) ) ;
#2710 = CIRCLE ( 'NONE', #8536, 15.00000000000000000 ) ;
#2711 = CARTESIAN_POINT ( 'NONE',  ( -2.529529885935787092, -18.49053357584885404, -4.495359240947257362 ) ) ;
#2712 = CARTESIAN_POINT ( 'NONE',  ( -44.52840583304056565, -3.573762494878840013, -9.035709868486396346 ) ) ;
#2713 = CIRCLE ( 'NONE', #8537, 1.825000000000000178 ) ;
#2714 = ORIENTED_EDGE ( 'NONE', *, *, #4820, .F. ) ;
#2715 = EDGE_LOOP ( 'NONE', ( #3238, #3128, #6789, #8152 ) ) ;
#2716 = CARTESIAN_POINT ( 'NONE',  ( -32.10800448670235596, 20.00000000000003553, -6.588117151043349828 ) ) ;
#2717 =( GEOMETRIC_REPRESENTATION_CONTEXT ( 3 ) GLOBAL_UNCERTAINTY_ASSIGNED_CONTEXT ( ( #2182 ) ) GLOBAL_UNIT_ASSIGNED_CONTEXT ( ( #7120, #3520, #64 ) ) REPRESENTATION_CONTEXT ( 'NONE', 'WORKASPACE' ) );
#2718 = ADVANCED_FACE ( 'NONE', ( #7126 ), #5661, .F. ) ;
#2719 = ORIENTED_EDGE ( 'NONE', *, *, #7012, .F. ) ;
#2720 = CARTESIAN_POINT ( 'NONE',  ( -6.348079947401758183, -75.55234097564594720, -9.699244502184217964 ) ) ;
#2721 = CARTESIAN_POINT ( 'NONE',  ( -63.03699194574816289, -16.04203564540577887, 1.411882848956630410 ) ) ;
#2722 = EDGE_LOOP ( 'NONE', ( #2210, #7169, #6182 ) ) ;
#2723 = CARTESIAN_POINT ( 'NONE',  ( -3.807529497035509358, -22.13496115920924368, -6.087557427927690945 ) ) ;
#2724 = DIRECTION ( 'NONE',  ( 1.000000000000000000, 0.000000000000000000, 0.000000000000000000 ) ) ;
#2725 = ORIENTED_EDGE ( 'NONE', *, *, #1869, .T. ) ;
#2726 = FACE_OUTER_BOUND ( 'NONE', #6731, .T. ) ;
#2727 = EDGE_LOOP ( 'NONE', ( #4691, #7998, #6664, #1016 ) ) ;
#2728 = CARTESIAN_POINT ( 'NONE',  ( -6.520479259246656945, -74.67267089666090385, -9.768182892895062253 ) ) ;
#2729 = CARTESIAN_POINT ( 'NONE',  ( -23.28244600348924465, -38.00442471284927848, -1.588117151043349606 ) ) ;
#2730 = EDGE_CURVE ( 'NONE', #652, #2047, #7312, .T. ) ;
#2731 = VERTEX_POINT ( 'NONE', #8543 ) ;
#2732 = CARTESIAN_POINT ( 'NONE',  ( -19.53084897349712534, -71.48596535551243392, 26.41188284895664040 ) ) ;
#2733 = CARTESIAN_POINT ( 'NONE',  ( -65.24739549825839902, -9.954146052678437329, 1.411882848956520053 ) ) ;
#2734 = CARTESIAN_POINT ( 'NONE',  ( -53.03777851915901209, -72.08353523584699474, -9.428360859640900316 ) ) ;
#2735 = CARTESIAN_POINT ( 'NONE',  ( -55.34573797156941311, 5.847051808974109477, 6.899991300559284113 ) ) ;
#2736 = CARTESIAN_POINT ( 'NONE',  ( -12.68477732587505180, -2.258506430399183529, 1.463513213487605658 ) ) ;
#2737 = AXIS2_PLACEMENT_3D ( 'NONE', #6619, #8761, #1009 ) ;
#2738 = VECTOR ( 'NONE', #4882, 1000.000000000000000 ) ;
#2739 = CARTESIAN_POINT ( 'NONE',  ( -20.78300448670127665, -38.17822028544185997, -13.22822741526793955 ) ) ;
#2740 = FACE_OUTER_BOUND ( 'NONE', #2715, .T. ) ;
#2741 = CARTESIAN_POINT ( 'NONE',  ( -16.66742310387142112, -1.823193499483306779, -7.030190532300251149 ) ) ;
#2742 = CARTESIAN_POINT ( 'NONE',  ( -8.914580758177846675, -74.75818478260566735, -1.588117151043349606 ) ) ;
#2743 = CARTESIAN_POINT ( 'NONE',  ( -32.10800448670127594, -38.17822028544185997, -13.22822741526793955 ) ) ;
#2744 = CIRCLE ( 'NONE', #6373, 15.00000000000000000 ) ;
#2745 = AXIS2_PLACEMENT_3D ( 'NONE', #8228, #4074, #8183 ) ;
#2746 = CARTESIAN_POINT ( 'NONE',  ( 0.2519895785779504571, -78.73245799344576312, -4.051900375309354096 ) ) ;
#2747 = CARTESIAN_POINT ( 'NONE',  ( -1.311107919644357356, -42.57371529425611811, -6.988065750666481613 ) ) ;
#2748 = EDGE_CURVE ( 'NONE', #4316, #6780, #1514, .T. ) ;
#2749 = EDGE_LOOP ( 'NONE', ( #2450, #3610, #8515, #5863 ) ) ;
#2750 = CARTESIAN_POINT ( 'NONE',  ( -53.08574825647089312, -64.54000234375922673, -11.11303223516177141 ) ) ;
#2751 = CARTESIAN_POINT ( 'NONE',  ( -21.28244600348924820, -123.6230729217454041, 8.411882848956651060 ) ) ;
#2752 = CARTESIAN_POINT ( 'NONE',  ( -35.97972406512513288, 3.961919850072637583, -10.80521016520283872 ) ) ;
#2753 = DIRECTION ( 'NONE',  ( -1.000000000000000000, 0.000000000000000000, 0.000000000000000000 ) ) ;
#2754 = CARTESIAN_POINT ( 'NONE',  ( -64.46534809714513869, -14.09540661567286080, 0.1152747001305507030 ) ) ;
#2755 = LINE ( 'NONE', #4671, #943 ) ;
#2756 = ORIENTED_EDGE ( 'NONE', *, *, #6536, .T. ) ;
#2757 = CARTESIAN_POINT ( 'NONE',  ( -8.077873627574224003, -22.21112135110120533, 162.2921154739354677 ) ) ;
#2758 = CARTESIAN_POINT ( 'NONE',  ( -13.35589786635302723, -2.998028782179634977, 1.411882848956630410 ) ) ;
#2759 = CARTESIAN_POINT ( 'NONE',  ( 3.718551112636465650, -8.614386934870580603, 14.69114835082197779 ) ) ;
#2760 = CARTESIAN_POINT ( 'NONE',  ( -6.518877012744056287, -55.14077117312763221, -9.767808736501166322 ) ) ;
#2761 = EDGE_CURVE ( 'NONE', #7859, #3525, #2164, .T. ) ;
#2762 = ORIENTED_EDGE ( 'NONE', *, *, #350, .T. ) ;
#2763 = ADVANCED_FACE ( 'NONE', ( #2970 ), #2291, .T. ) ;
#2764 = EDGE_LOOP ( 'NONE', ( #5785, #2075, #7357, #8871 ) ) ;
#2765 = FACE_OUTER_BOUND ( 'NONE', #4088, .T. ) ;
#2766 = CARTESIAN_POINT ( 'NONE',  ( -11.47818502656040884, -71.43831296282569099, -9.582051621140267983 ) ) ;
#2767 = DIRECTION ( 'NONE',  ( 1.000000000000000000, 0.000000000000000000, 0.000000000000000000 ) ) ;
#2768 = ORIENTED_EDGE ( 'NONE', *, *, #4717, .F. ) ;
#2769 = CARTESIAN_POINT ( 'NONE',  ( -68.91264708543293693, -11.23556780925735410, 6.836554508947082276 ) ) ;
#2770 = CARTESIAN_POINT ( 'NONE',  ( -57.64477035983214392, -74.63507569261778940, -9.787887576245406507 ) ) ;
#2771 = VERTEX_POINT ( 'NONE', #1472 ) ;
#2772 = EDGE_CURVE ( 'NONE', #6962, #8833, #7025, .T. ) ;
#2773 = CARTESIAN_POINT ( 'NONE',  ( -2.288747839567101483, -76.77923154901554881, -7.630972092703068199 ) ) ;
#2774 = ORIENTED_EDGE ( 'NONE', *, *, #8190, .F. ) ;
#2775 = CARTESIAN_POINT ( 'NONE',  ( -0.6635640603836451268, -15.24466661381385180, 1.411882848956634851 ) ) ;
#2776 = ORIENTED_EDGE ( 'NONE', *, *, #4087, .T. ) ;
#2777 = CARTESIAN_POINT ( 'NONE',  ( -59.64339154698944157, -13.40632771173752147, -5.070834436006831147 ) ) ;
#2778 = CARTESIAN_POINT ( 'NONE',  ( -56.79189869103210953, -75.97323455642479928, -8.426465246844388801 ) ) ;
#2779 = CARTESIAN_POINT ( 'NONE',  ( -60.02426681002150843, -24.14123902736936600, -6.365041804150706639 ) ) ;
#2780 = CARTESIAN_POINT ( 'NONE',  ( -55.20406963236558084, 5.590300512813698219, 6.287562495543741470 ) ) ;
#2781 = EDGE_CURVE ( 'NONE', #2129, #4643, #2078, .T. ) ;
#2782 = CARTESIAN_POINT ( 'NONE',  ( -60.49822687548252986, -76.25606452679588187, -8.464525639362426190 ) ) ;
#2783 = VECTOR ( 'NONE', #7532, 1000.000000000000000 ) ;
#2784 = CYLINDRICAL_SURFACE ( 'NONE', #8068, 2.000000000000001776 ) ;
#2785 = CARTESIAN_POINT ( 'NONE',  ( -35.12917610912511890, 22.63465820580313093, -7.937878891010353044 ) ) ;
#2786 = CARTESIAN_POINT ( 'NONE',  ( -4.657204846192652958, -4.509957481096930287, 26.41188284895664040 ) ) ;
#2787 = CARTESIAN_POINT ( 'NONE',  ( 3.571377853118787637, -23.31963868103211013, -2.649850468888835131 ) ) ;
#2788 = CARTESIAN_POINT ( 'NONE',  ( -55.97648445193603095, -73.71079807227303604, -10.37849550691518630 ) ) ;
#2789 = CARTESIAN_POINT ( 'NONE',  ( -11.38802034624427506, -59.27031099519882673, -9.561862296790907934 ) ) ;
#2790 = DIRECTION ( 'NONE',  ( 0.6533321769783418942, 0.7570713747888904166, 0.000000000000000000 ) ) ;
#2791 = CARTESIAN_POINT ( 'NONE',  ( -3.188783094600771584, -49.17207015313570651, -8.168787914395442940 ) ) ;
#2792 = ORIENTED_EDGE ( 'NONE', *, *, #7000, .F. ) ;
#2793 = CARTESIAN_POINT ( 'NONE',  ( -52.73610842368727702, -71.44110559905789160, -9.497027996314713505 ) ) ;
#2794 = PLANE ( 'NONE',  #905 ) ;
#2795 = CARTESIAN_POINT ( 'NONE',  ( -34.12186726226591560, 1.534048935354104026, -11.32871076826161350 ) ) ;
#2796 = CARTESIAN_POINT ( 'NONE',  ( -27.17359979186813845, -9.182407197758724493, -8.594895482554793631 ) ) ;
#2797 = CARTESIAN_POINT ( 'NONE',  ( 15.61710850672256790, -26.89975948760449143, 1.411882848956630410 ) ) ;
#2798 = CARTESIAN_POINT ( 'NONE',  ( -27.62022201645220676, 28.00000000000000711, -5.621389878665351780 ) ) ;
#2799 = CARTESIAN_POINT ( 'NONE',  ( -23.41591914841804112, -29.48613494715874239, 18.41188284895663685 ) ) ;
#2800 = CARTESIAN_POINT ( 'NONE',  ( -53.11086034562165992, -64.23602244261547867, -11.10815182439623072 ) ) ;
#2801 = DIRECTION ( 'NONE',  ( 0.000000000000000000, 0.000000000000000000, 1.000000000000000000 ) ) ;
#2802 = VERTEX_POINT ( 'NONE', #7771 ) ;
#2803 = CARTESIAN_POINT ( 'NONE',  ( -34.25800448670241138, 5.000000000000024869, 14.91188284895665639 ) ) ;
#2804 = CIRCLE ( 'NONE', #7470, 1.825000000000003730 ) ;
#2805 = CARTESIAN_POINT ( 'NONE',  ( -9.474046269903036332, -74.77856945910932041, -9.062121942206768921 ) ) ;
#2806 = ADVANCED_FACE ( 'NONE', ( #8041 ), #1788, .T. ) ;
#2807 = EDGE_CURVE ( 'NONE', #1707, #8391, #1106, .T. ) ;
#2808 = DIRECTION ( 'NONE',  ( 1.000000000000000000, 0.000000000000000000, 0.000000000000000000 ) ) ;
#2809 = CIRCLE ( 'NONE', #205, 15.00000000000000000 ) ;
#2810 = CARTESIAN_POINT ( 'NONE',  ( 1.390743335995473950, -12.77275566447147348, 2.548553423765729242 ) ) ;
#2811 = EDGE_LOOP ( 'NONE', ( #1271, #8548, #1802, #6960 ) ) ;
#2812 = CARTESIAN_POINT ( 'NONE',  ( -0.6320063957933915733, -77.19455192263339427, -6.505511027318425121 ) ) ;
#2813 = ORIENTED_EDGE ( 'NONE', *, *, #7402, .F. ) ;
#2814 = CARTESIAN_POINT ( 'NONE',  ( -5.321888805961591196, -75.44955820854083584, -9.259418900638500816 ) ) ;
#2815 = CARTESIAN_POINT ( 'NONE',  ( -56.97070560377164128, -56.01480675140800258, -10.05459059977373393 ) ) ;
#2816 = ORIENTED_EDGE ( 'NONE', *, *, #5008, .F. ) ;
#2817 = CARTESIAN_POINT ( 'NONE',  ( -30.28300448670128020, -47.67822028544098600, 18.41188284895663685 ) ) ;
#2818 = ADVANCED_FACE ( 'NONE', ( #4525, #1010 ), #5344, .T. ) ;
#2819 = CARTESIAN_POINT ( 'NONE',  ( -31.21748751629143470, -9.018100704356683650, -8.851126375469920760 ) ) ;
#2820 = FACE_OUTER_BOUND ( 'NONE', #3447, .T. ) ;
#2821 = EDGE_CURVE ( 'NONE', #8419, #3305, #328, .T. ) ;
#2822 = ORIENTED_EDGE ( 'NONE', *, *, #3480, .T. ) ;
#2823 = AXIS2_PLACEMENT_3D ( 'NONE', #8159, #5061, #7851 ) ;
#2824 = CARTESIAN_POINT ( 'NONE',  ( -57.64477035983214392, -74.63507569261778940, -9.787887576245406507 ) ) ;
#2825 = AXIS2_PLACEMENT_3D ( 'NONE', #2170, #2895, #7229 ) ;
#2826 = CARTESIAN_POINT ( 'NONE',  ( 4.154561319157437538, -9.088454802007424504, 12.66507630185020084 ) ) ;
#2827 = CARTESIAN_POINT ( 'NONE',  ( -36.08379891173293430, 20.51097674920153935, -8.113543518636873841 ) ) ;
#2828 = DIRECTION ( 'NONE',  ( -1.000000000000000000, 0.000000000000000000, 0.000000000000000000 ) ) ;
#2829 = CARTESIAN_POINT ( 'NONE',  ( 6.151520688964916772, -22.86927711522045570, 0.8822909896199812030 ) ) ;
#2830 = ADVANCED_FACE ( 'NONE', ( #6667 ), #3791, .F. ) ;
#2831 = CARTESIAN_POINT ( 'NONE',  ( -11.78023704331849686, -60.22253563791846886, -9.647542229522796831 ) ) ;
#2832 = VECTOR ( 'NONE', #5052, 1000.000000000000000 ) ;
#2833 = DIRECTION ( 'NONE',  ( -0.000000000000000000, -0.000000000000000000, 1.000000000000000000 ) ) ;
#2834 = ORIENTED_EDGE ( 'NONE', *, *, #7179, .F. ) ;
#2835 = LINE ( 'NONE', #735, #4678 ) ;
#2836 = CARTESIAN_POINT ( 'NONE',  ( -52.37231861010749157, -70.51536635561781452, -9.574797062324893915 ) ) ;
#2837 = DIRECTION ( 'NONE',  ( 0.000000000000000000, 0.000000000000000000, -1.000000000000000000 ) ) ;
#2838 = CARTESIAN_POINT ( 'NONE',  ( -41.09358867808099092, -47.16380447682146837, 1.411882848956637293 ) ) ;
#2839 = CARTESIAN_POINT ( 'NONE',  ( -22.50185603008405621, -4.651445939741029711, -10.25442670766140729 ) ) ;
#2840 = SHAPE_DEFINITION_REPRESENTATION ( #1183, #7657 ) ;
#2841 = CARTESIAN_POINT ( 'NONE',  ( -36.48773524355191000, -31.23303397551219263, -13.22822741526793955 ) ) ;
#2842 = CARTESIAN_POINT ( 'NONE',  ( -4.331672077666623544, -46.34404927649119088, -6.541385722167449401 ) ) ;
#2843 = CARTESIAN_POINT ( 'NONE',  ( -53.69746335262207282, -61.41452911131228376, -10.98686529607586770 ) ) ;
#2844 = CARTESIAN_POINT ( 'NONE',  ( -33.93300448670127878, -28.67822028544097890, -13.22822741526793955 ) ) ;
#2845 = CARTESIAN_POINT ( 'NONE',  ( 2.259831036370093749, -7.475726470709829208, 15.31269238314876269 ) ) ;
#2846 = ORIENTED_EDGE ( 'NONE', *, *, #1140, .F. ) ;
#2847 = VECTOR ( 'NONE', #8686, 1000.000000000000114 ) ;
#2848 = VERTEX_POINT ( 'NONE', #3475 ) ;
#2849 = FACE_OUTER_BOUND ( 'NONE', #4078, .T. ) ;
#2850 = CARTESIAN_POINT ( 'NONE',  ( -7.771543307148608193, -76.59271791901801407, -8.498294207430454605 ) ) ;
#2851 = CIRCLE ( 'NONE', #4605, 3.500000000000003109 ) ;
#2852 = CARTESIAN_POINT ( 'NONE',  ( -74.13813534582835985, -77.45818478260554230, 162.2921154739354677 ) ) ;
#2853 = CARTESIAN_POINT ( 'NONE',  ( -54.64667023460737028, -71.67925000147893400, -10.76034969307975153 ) ) ;
#2854 = ORIENTED_EDGE ( 'NONE', *, *, #8297, .F. ) ;
#2855 = CARTESIAN_POINT ( 'NONE',  ( -8.578467976416819241, -75.06179828698344636, -8.832776688942999499 ) ) ;
#2856 = ORIENTED_EDGE ( 'NONE', *, *, #3545, .T. ) ;
#2857 = CARTESIAN_POINT ( 'NONE',  ( -61.98010638942061235, -24.89101984872153395, -7.597227392476666452 ) ) ;
#2858 = VECTOR ( 'NONE', #5325, 1000.000000000000000 ) ;
#2859 = ORIENTED_EDGE ( 'NONE', *, *, #6243, .T. ) ;
#2860 = FACE_BOUND ( 'NONE', #4363, .T. ) ;
#2861 = CARTESIAN_POINT ( 'NONE',  ( -68.98896860331923619, -11.22627915397843346, 7.079356007633985648 ) ) ;
#2862 = DIRECTION ( 'NONE',  ( -0.000000000000000000, -0.000000000000000000, 1.000000000000000000 ) ) ;
#2863 = VECTOR ( 'NONE', #8592, 1000.000000000000000 ) ;
#2864 = EDGE_LOOP ( 'NONE', ( #480, #7886, #7987, #2388 ) ) ;
#2865 = CARTESIAN_POINT ( 'NONE',  ( -61.89852195645278243, -76.77027325006260128, -7.648929913544368908 ) ) ;
#2866 = EDGE_CURVE ( 'NONE', #3270, #7850, #7871, .T. ) ;
#2867 = EDGE_CURVE ( 'NONE', #8693, #2165, #470, .T. ) ;
#2868 = FACE_OUTER_BOUND ( 'NONE', #4483, .T. ) ;
#2869 = CARTESIAN_POINT ( 'NONE',  ( -29.08718210356753531, 22.63495623662288736, -7.937894441795668499 ) ) ;
#2870 = DIRECTION ( 'NONE',  ( 0.000000000000000000, 0.000000000000000000, -1.000000000000000000 ) ) ;
#2871 = CARTESIAN_POINT ( 'NONE',  ( -22.60800448670127594, -38.17822028544185997, 1.411882848956637293 ) ) ;
#2872 = CARTESIAN_POINT ( 'NONE',  ( -68.95480391512354856, -11.18590230114061157, 7.079884893669476931 ) ) ;
#2873 = AXIS2_PLACEMENT_3D ( 'NONE', #3986, #4178, #4035 ) ;
#2874 = CARTESIAN_POINT ( 'NONE',  ( -63.04359320493107788, -41.15378129155320863, -6.891381603974207515 ) ) ;
#2875 = ORIENTED_EDGE ( 'NONE', *, *, #6992, .T. ) ;
#2876 = ADVANCED_FACE ( 'NONE', ( #194 ), #2160, .F. ) ;
#2877 = CARTESIAN_POINT ( 'NONE',  ( -52.42863111274390064, -60.24192146847200746, -9.563038793934222070 ) ) ;
#2878 = CARTESIAN_POINT ( 'NONE',  ( -65.46089101319189751, -6.993657510961526214, 11.57466817162799266 ) ) ;
#2879 = DIRECTION ( 'NONE',  ( 0.000000000000000000, 0.000000000000000000, -1.000000000000000000 ) ) ;
#2880 = CARTESIAN_POINT ( 'NONE',  ( -23.53570753496936163, -8.730755845342134336, -7.972703105179423488 ) ) ;
#2881 = CIRCLE ( 'NONE', #2873, 2.149999999999999023 ) ;
#2882 = CARTESIAN_POINT ( 'NONE',  ( -23.41591914841804112, -29.48613494715874239, -13.22822741526793955 ) ) ;
#2883 = CARTESIAN_POINT ( 'NONE',  ( -7.705510567978039127, -53.67576020321552477, -8.372569510370064805 ) ) ;
#2884 = B_SPLINE_CURVE_WITH_KNOTS ( 'NONE', 3,
 ( #4575, #6529, #4397, #8681 ),
 .UNSPECIFIED., .F., .F.,
 ( 4, 4 ),
 ( 8.673617379884035472E-19, 0.002970325153343082378 ),
 .UNSPECIFIED. ) ;
#2885 = CARTESIAN_POINT ( 'NONE',  ( -16.19007231997013463, -78.04525164055847597, 26.41188284895664040 ) ) ;
#2886 = DIRECTION ( 'NONE',  ( 1.734723475976805517E-15, 1.000000000000000000, 0.000000000000000000 ) ) ;
#2887 = ORIENTED_EDGE ( 'NONE', *, *, #4984, .F. ) ;
#2888 = EDGE_CURVE ( 'NONE', #2047, #652, #2804, .T. ) ;
#2889 = VERTEX_POINT ( 'NONE', #6434 ) ;
#2890 = CARTESIAN_POINT ( 'NONE',  ( -58.66118959618798812, -49.67575137775308747, -7.222875779256585638 ) ) ;
#2891 = FACE_OUTER_BOUND ( 'NONE', #2063, .T. ) ;
#2892 = ORIENTED_EDGE ( 'NONE', *, *, #636, .T. ) ;
#2893 = CARTESIAN_POINT ( 'NONE',  ( -12.67516449929956224, -64.22562152806651170, -9.822376446246169124 ) ) ;
#2894 = CARTESIAN_POINT ( 'NONE',  ( -2.302451495426839578, -27.15376221795343525, -7.638939552859341120 ) ) ;
#2895 = DIRECTION ( 'NONE',  ( 0.000000000000000000, 0.000000000000000000, -1.000000000000000000 ) ) ;
#2896 = VERTEX_POINT ( 'NONE', #5698 ) ;
#2897 = CARTESIAN_POINT ( 'NONE',  ( 0.4297118258294551629, -77.35713713858272911, -5.678267031908851514 ) ) ;
#2898 = ORIENTED_EDGE ( 'NONE', *, *, #7119, .T. ) ;
#2899 = CARTESIAN_POINT ( 'NONE',  ( -27.87502315639937223, -44.97665716882289644, -13.22822741526793955 ) ) ;
#2900 = B_SPLINE_CURVE_WITH_KNOTS ( 'NONE', 3,
 ( #5360, #8013, #7463, #5991, #1123, #2578, #3210, #8102, #7279, #1895, #5857, #1848, #4542, #5314, #3899, #3166 ),
 .UNSPECIFIED., .F., .F.,
 ( 4, 2, 2, 2, 2, 2, 2, 4 ),
 ( -2.449490251680069020E-05, 0.0007243955353894206963, 0.001473285973295641741, 0.002971066849108079926, 0.005966628600732958032, 0.008962190352357835704, 0.01045997122817026760, 0.01195775210398269603 ),
 .UNSPECIFIED. ) ;
#2901 =( BOUNDED_CURVE ( )  B_SPLINE_CURVE ( 3, ( #3554, #6340, #1500, #99 ),
 .UNSPECIFIED., .F., .F. ) 
 B_SPLINE_CURVE_WITH_KNOTS ( ( 4, 4 ),
 ( 2.154573184387180707, 2.559712993864184938 ),
 .UNSPECIFIED. ) 
 CURVE ( )  GEOMETRIC_REPRESENTATION_ITEM ( )  RATIONAL_B_SPLINE_CURVE ( ( 1.000000000000000000, 0.9863685205129849587, 0.9863685205129849587, 1.000000000000000000 ) ) 
 REPRESENTATION_ITEM ( '' )  );
#2902 = ORIENTED_EDGE ( 'NONE', *, *, #1535, .T. ) ;
#2903 = CARTESIAN_POINT ( 'NONE',  ( -37.36596123563191441, 22.45057007313932829, -7.389679183979038335 ) ) ;
#2904 = CARTESIAN_POINT ( 'NONE',  ( -67.67190263362923019, -12.34413168949799910, 1.411882848956637737 ) ) ;
#2905 = DIRECTION ( 'NONE',  ( -1.000000000000000000, -0.000000000000000000, 0.000000000000000000 ) ) ;
#2906 = EDGE_LOOP ( 'NONE', ( #4757, #3165, #3579, #2354, #8674, #4571, #88, #3262 ) ) ;
#2907 = CARTESIAN_POINT ( 'NONE',  ( -63.15540287801243835, -77.10468848693517430, -6.813339319239291036 ) ) ;
#2908 = CARTESIAN_POINT ( 'NONE',  ( -34.75896204496558539, 23.00687975446732025, -7.949224655413762441 ) ) ;
#2909 = PLANE ( 'NONE',  #1666 ) ;
#2910 = CARTESIAN_POINT ( 'NONE',  ( -2.587854731031105082, -11.10452523913633804, -1.807565477733648951 ) ) ;
#2911 = LINE ( 'NONE', #7200, #3435 ) ;
#2912 = EDGE_CURVE ( 'NONE', #5670, #7525, #1348, .T. ) ;
#2913 = EDGE_CURVE ( 'NONE', #529, #6490, #4061, .T. ) ;
#2914 = CARTESIAN_POINT ( 'NONE',  ( -11.83971787577964641, -60.38518398052269731, -9.660042295717676808 ) ) ;
#2915 = CARTESIAN_POINT ( 'NONE',  ( -62.85467038972289089, -42.57620095997592102, -7.022641789476733010 ) ) ;
#2916 = ORIENTED_EDGE ( 'NONE', *, *, #7609, .T. ) ;
#2917 = CARTESIAN_POINT ( 'NONE',  ( -51.89568429514459780, -61.99312113524801759, -9.669690089152966905 ) ) ;
#2918 = PLANE ( 'NONE',  #4988 ) ;
#2919 = CARTESIAN_POINT ( 'NONE',  ( -17.21447376901308601, -6.148782092461130944, -5.549476149589483320 ) ) ;
#2920 = CYLINDRICAL_SURFACE ( 'NONE', #3707, 8.000000000000001776 ) ;
#2921 = CARTESIAN_POINT ( 'NONE',  ( -67.11894408210879703, -13.34927062176558366, 0.9511794278799395874 ) ) ;
#2922 = EDGE_CURVE ( 'NONE', #3539, #4238, #7814, .T. ) ;
#2923 = CARTESIAN_POINT ( 'NONE',  ( -3.108004484486201147, -38.00442471284928558, -5.683036223250713448 ) ) ;
#2924 = ORIENTED_EDGE ( 'NONE', *, *, #160, .T. ) ;
#2925 = CARTESIAN_POINT ( 'NONE',  ( -42.28832066944579537, -30.57221591009646389, -13.22822741526793955 ) ) ;
#2926 = CARTESIAN_POINT ( 'NONE',  ( -38.15351955129264638, -9.118582559125956166, -8.451416630476741076 ) ) ;
#2927 = ORIENTED_EDGE ( 'NONE', *, *, #415, .F. ) ;
#2928 = EDGE_LOOP ( 'NONE', ( #8509, #5775 ) ) ;
#2929 = DIRECTION ( 'NONE',  ( -0.000000000000000000, -0.000000000000000000, 1.000000000000000000 ) ) ;
#2930 = DIRECTION ( 'NONE',  ( -0.3922749854591618401, -0.9198479960205458994, -0.000000000000000000 ) ) ;
#2931 = ORIENTED_EDGE ( 'NONE', *, *, #8716, .T. ) ;
#2932 = CARTESIAN_POINT ( 'NONE',  ( -10.08033553917968383, -73.95850144306098173, -9.235348880857443987 ) ) ;
#2933 = EDGE_CURVE ( 'NONE', #4083, #1603, #4350, .T. ) ;
#2934 = CARTESIAN_POINT ( 'NONE',  ( -67.03994849370283760, -11.11198975728455807, 7.924588086000857068 ) ) ;
#2935 = CARTESIAN_POINT ( 'NONE',  ( 2.229252729927206023, -12.53450242960459704, 3.072327425211426988 ) ) ;
#2936 = VERTEX_POINT ( 'NONE', #8455 ) ;
#2937 = CARTESIAN_POINT ( 'NONE',  ( -11.00698578420792551, -72.35913541748914213, -9.513994702942948578 ) ) ;
#2938 = ORIENTED_EDGE ( 'NONE', *, *, #5815, .F. ) ;
#2939 = DIRECTION ( 'NONE',  ( -1.000000000000000000, 0.000000000000000000, 0.000000000000000000 ) ) ;
#2940 = CARTESIAN_POINT ( 'NONE',  ( -60.85846865353432378, -49.41625237044254959, -8.264324115491548994 ) ) ;
#2941 = ORIENTED_EDGE ( 'NONE', *, *, #6537, .T. ) ;
#2942 = CARTESIAN_POINT ( 'NONE',  ( -9.444327169886337359, -56.09745459949873236, -9.053057111121699307 ) ) ;
#2943 = CARTESIAN_POINT ( 'NONE',  ( 0.8836536809809341086, -6.743726998896123703, 11.85664710344152795 ) ) ;
#2944 = DIRECTION ( 'NONE',  ( -1.000000000000000000, -0.000000000000000000, 0.000000000000000000 ) ) ;
#2945 = AXIS2_PLACEMENT_3D ( 'NONE', #6313, #4947, #8459 ) ;
#2946 = AXIS2_PLACEMENT_3D ( 'NONE', #8881, #1855, #6870 ) ;
#2947 = ORIENTED_EDGE ( 'NONE', *, *, #7947, .F. ) ;
#2948 = CARTESIAN_POINT ( 'NONE',  ( -59.34700927517233993, -77.44199472150000929, -7.320705214946531925 ) ) ;
#2949 =( BOUNDED_CURVE ( )  B_SPLINE_CURVE ( 3, ( #3464, #590, #7575, #8308 ),
 .UNSPECIFIED., .F., .F. ) 
 B_SPLINE_CURVE_WITH_KNOTS ( ( 4, 4 ),
 ( 0.2814800732308453957, 1.570796326794896114 ),
 .UNSPECIFIED. ) 
 CURVE ( )  GEOMETRIC_REPRESENTATION_ITEM ( )  RATIONAL_B_SPLINE_CURVE ( ( 1.000000000000000000, 0.8662035025903023211, 0.8662035025903023211, 1.000000000000000000 ) ) 
 REPRESENTATION_ITEM ( '' )  );
#2950 = AXIS2_PLACEMENT_3D ( 'NONE', #216, #5861, #7190 ) ;
#2951 = CARTESIAN_POINT ( 'NONE',  ( -33.93300448670127878, -22.17822028544098245, 18.41188284895663685 ) ) ;
#2952 = ORIENTED_EDGE ( 'NONE', *, *, #7581, .F. ) ;
#2953 = CARTESIAN_POINT ( 'NONE',  ( -47.10800448670129015, 28.00000000000000000, 26.41188284895664040 ) ) ;
#2954 = CARTESIAN_POINT ( 'NONE',  ( -11.13312531572307051, -72.17414890345322931, -1.588117151043349606 ) ) ;
#2955 = DIRECTION ( 'NONE',  ( 0.000000000000000000, 0.000000000000000000, -1.000000000000000000 ) ) ;
#2956 = CARTESIAN_POINT ( 'NONE',  ( -30.45800448670127381, -114.8580868800252404, 26.41188284895664040 ) ) ;
#2957 = CARTESIAN_POINT ( 'NONE',  ( -8.822370849795756698, 5.909095324994217968, 7.117156341489552673 ) ) ;
#2958 = VERTEX_POINT ( 'NONE', #6266 ) ;
#2959 = CARTESIAN_POINT ( 'NONE',  ( -51.62676637306716287, -63.45973459308714126, -9.719505789743763557 ) ) ;
#2960 = DIRECTION ( 'NONE',  ( 0.000000000000000000, 0.000000000000000000, -1.000000000000000000 ) ) ;
#2961 = CARTESIAN_POINT ( 'NONE',  ( 1.157472594550126965, -6.760931055914121579, 14.98146614425238177 ) ) ;
#2962 = CARTESIAN_POINT ( 'NONE',  ( -13.58656058013544410, 0.8401891360741783332, -3.770384594529933242 ) ) ;
#2963 = CIRCLE ( 'NONE', #1783, 24.70000000000002771 ) ;
#2964 = LINE ( 'NONE', #2841, #4005 ) ;
#2965 = CARTESIAN_POINT ( 'NONE',  ( -1.179017027654407412, -16.04203564540580373, 1.411882848956630410 ) ) ;
#2966 = B_SPLINE_CURVE_WITH_KNOTS ( 'NONE', 3,
 ( #6476, #234, #5789, #4700 ),
 .UNSPECIFIED., .F., .F.,
 ( 4, 4 ),
 ( 0.000000000000000000, 1.000000000000000000 ),
 .UNSPECIFIED. ) ;
#2967 = CARTESIAN_POINT ( 'NONE',  ( -23.95006055291934643, -8.817292310287410118, -8.066474394143908100 ) ) ;
#2968 = ORIENTED_EDGE ( 'NONE', *, *, #2060, .F. ) ;
#2969 = CARTESIAN_POINT ( 'NONE',  ( -53.48163320492681549, -68.76387984829275979, -11.03313143373129002 ) ) ;
#2970 = FACE_OUTER_BOUND ( 'NONE', #1575, .T. ) ;
#2971 = ORIENTED_EDGE ( 'NONE', *, *, #6396, .T. ) ;
#2972 = EDGE_CURVE ( 'NONE', #887, #1095, #264, .T. ) ;
#2973 = CARTESIAN_POINT ( 'NONE',  ( -58.97320583671114491, -48.92842671440972424, -7.042190646273861709 ) ) ;
#2974 = EDGE_CURVE ( 'NONE', #8556, #1154, #6568, .T. ) ;
#2975 = DIRECTION ( 'NONE',  ( 1.000000000000000000, 0.000000000000000000, 0.000000000000000000 ) ) ;
#2976 = ORIENTED_EDGE ( 'NONE', *, *, #7154, .T. ) ;
#2977 = DIRECTION ( 'NONE',  ( 0.000000000000000000, 0.000000000000000000, -1.000000000000000000 ) ) ;
#2978 = DIRECTION ( 'NONE',  ( 0.000000000000000000, 0.000000000000000000, -1.000000000000000000 ) ) ;
#2979 = DIRECTION ( 'NONE',  ( -0.9198479960205461214, 0.3922749854591619512, 0.000000000000000000 ) ) ;
#2980 = ORIENTED_EDGE ( 'NONE', *, *, #2205, .T. ) ;
#2981 = CARTESIAN_POINT ( 'NONE',  ( -42.94803888052364726, -120.6303108770506043, -1.083262708964225274 ) ) ;
#2982 = ORIENTED_EDGE ( 'NONE', *, *, #7500, .F. ) ;
#2983 = LINE ( 'NONE', #843, #8506 ) ;
#2984 = EDGE_CURVE ( 'NONE', #7509, #8296, #3833, .T. ) ;
#2985 = VERTEX_POINT ( 'NONE', #5795 ) ;
#2986 = AXIS2_PLACEMENT_3D ( 'NONE', #6325, #3585, #845 ) ;
#2987 = CARTESIAN_POINT ( 'NONE',  ( -34.10295334977121229, 28.00000000000000000, 37.07455307540677580 ) ) ;
#2988 = CYLINDRICAL_SURFACE ( 'NONE', #3830, 2.149999999999999023 ) ;
#2989 = FACE_OUTER_BOUND ( 'NONE', #7798, .T. ) ;
#2990 = B_SPLINE_CURVE_WITH_KNOTS ( 'NONE', 3,
 ( #4102, #3273, #8842, #2593, #8163, #7055, #1364, #1533, #4279, #7614 ),
 .UNSPECIFIED., .F., .F.,
 ( 4, 2, 2, 2, 4 ),
 ( 0.000000000000000000, 0.2124999914866215200, 0.4749999943244143652, 0.7374999971622071548, 1.000000000000000000 ),
 .UNSPECIFIED. ) ;
#2991 = ORIENTED_EDGE ( 'NONE', *, *, #2662, .T. ) ;
#2992 = FACE_OUTER_BOUND ( 'NONE', #5334, .T. ) ;
#2993 = EDGE_CURVE ( 'NONE', #4599, #4923, #5248, .T. ) ;
#2994 = CARTESIAN_POINT ( 'NONE',  ( -19.28244600348924465, -100.7977949236744166, 8.411882848956651060 ) ) ;
#2995 = EDGE_LOOP ( 'NONE', ( #3996, #6542, #8817, #2171 ) ) ;
#2996 = DIRECTION ( 'NONE',  ( 0.000000000000000000, 0.000000000000000000, -1.000000000000000000 ) ) ;
#2997 = LINE ( 'NONE', #1770, #1501 ) ;
#2998 = AXIS2_PLACEMENT_3D ( 'NONE', #4029, #3296, #2704 ) ;
#2999 = CARTESIAN_POINT ( 'NONE',  ( -4.104697527073501995, -30.22753435763028307, -6.372277516698035882 ) ) ;
#3000 = DIRECTION ( 'NONE',  ( -1.000000000000000000, 0.000000000000000000, 0.000000000000000000 ) ) ;
#3001 = CARTESIAN_POINT ( 'NONE',  ( -0.9733449709619466095, -39.11629199903288878, -6.750662291928177794 ) ) ;
#3002 = CARTESIAN_POINT ( 'NONE',  ( -56.13813534582835985, -22.21112135110120533, 26.41188284895664040 ) ) ;
#3003 = ORIENTED_EDGE ( 'NONE', *, *, #4951, .T. ) ;
#3004 = CARTESIAN_POINT ( 'NONE',  ( -9.008086950491076550, -72.38365802804719351, -10.60870580443125100 ) ) ;
#3005 = DIRECTION ( 'NONE',  ( 0.000000000000000000, 0.000000000000000000, 1.000000000000000000 ) ) ;
#3006 = CARTESIAN_POINT ( 'NONE',  ( -17.10800448670129015, 28.00000000000000000, 162.2921154739354677 ) ) ;
#3007 = DIRECTION ( 'NONE',  ( -0.7081488522065609859, 0.7060631721868307897, 0.000000000000000000 ) ) ;
#3008 = PRESENTATION_STYLE_ASSIGNMENT (( #5741 ) ) ;
#3009 = CARTESIAN_POINT ( 'NONE',  ( -32.10800448670126883, -94.85808688002525457, 26.41188284895664040 ) ) ;
#3010 = CARTESIAN_POINT ( 'NONE',  ( -17.93300448670127878, -38.17822028544185997, -13.22822741526793955 ) ) ;
#3011 = CYLINDRICAL_SURFACE ( 'NONE', #8478, 3.500000000000003109 ) ;
#3012 = ORIENTED_EDGE ( 'NONE', *, *, #649, .T. ) ;
#3013 = CARTESIAN_POINT ( 'NONE',  ( -54.81465365833931003, -58.90089894290925798, -10.71672277375973792 ) ) ;
#3014 = CARTESIAN_POINT ( 'NONE',  ( -40.27006527349054466, -8.812990896589020906, -8.063219611463159353 ) ) ;
#3015 = ORIENTED_EDGE ( 'NONE', *, *, #1193, .F. ) ;
#3016 = EDGE_LOOP ( 'NONE', ( #7164, #4022 ) ) ;
#3017 = VECTOR ( 'NONE', #6038, 1000.000000000000000 ) ;
#3018 = AXIS2_PLACEMENT_3D ( 'NONE', #3179, #7385, #6559 ) ;
#3019 = CARTESIAN_POINT ( 'NONE',  ( -54.77168180351621629, -56.09745459949871815, -8.968493760838997630 ) ) ;
#3020 = CARTESIAN_POINT ( 'NONE',  ( -51.53123164752749119, -2.258506430399188858, -10.52489478680572432 ) ) ;
#3021 = VERTEX_POINT ( 'NONE', #1103 ) ;
#3022 = DIRECTION ( 'NONE',  ( -0.000000000000000000, -0.000000000000000000, 1.000000000000000000 ) ) ;
#3023 = CARTESIAN_POINT ( 'NONE',  ( -2.104485657089750550, -24.31035545154559330, -7.514002050547856193 ) ) ;
#3024 = EDGE_CURVE ( 'NONE', #4562, #1133, #6733, .T. ) ;
#3025 = ADVANCED_FACE ( 'NONE', ( #6663 ), #3011, .F. ) ;
#3026 = CARTESIAN_POINT ( 'NONE',  ( -48.18515999990542298, -71.48596535551243392, 26.41188284895664040 ) ) ;
#3027 = CIRCLE ( 'NONE', #6975, 3.500000000000003109 ) ;
#3028 = EDGE_LOOP ( 'NONE', ( #5479, #8136, #5678, #7182, #4788, #7661, #906, #1121, #329, #982, #4438, #859, #7455, #8570, #4084 ) ) ;
#3029 = CARTESIAN_POINT ( 'NONE',  ( -60.75460652203669554, -3.999999999999999112, 162.2921154739354677 ) ) ;
#3030 = ORIENTED_EDGE ( 'NONE', *, *, #2357, .F. ) ;
#3031 = CARTESIAN_POINT ( 'NONE',  ( -42.93356296991329657, -121.6230729217454041, 2.411882848956650172 ) ) ;
#3032 = VERTEX_POINT ( 'NONE', #1602 ) ;
#3033 = DIRECTION ( 'NONE',  ( 0.8583439052881718379, 0.5130747901180198189, 0.000000000000000000 ) ) ;
#3034 = CARTESIAN_POINT ( 'NONE',  ( -61.67952075961641611, -78.26439332519895231, -6.025110896574340735 ) ) ;
#3035 = CARTESIAN_POINT ( 'NONE',  ( -26.32422522685841315, -5.407047045214284253, -11.21078533433356661 ) ) ;
#3036 = EDGE_CURVE ( 'NONE', #3175, #6395, #4391, .T. ) ;
#3037 = ORIENTED_EDGE ( 'NONE', *, *, #5749, .T. ) ;
#3038 = CARTESIAN_POINT ( 'NONE',  ( -53.46383838544757339, -72.71224148890173922, -9.453116501692882423 ) ) ;
#3039 = DIRECTION ( 'NONE',  ( 1.000000000000000000, 0.000000000000000000, 0.000000000000000000 ) ) ;
#3040 = ORIENTED_EDGE ( 'NONE', *, *, #6106, .T. ) ;
#3041 = CARTESIAN_POINT ( 'NONE',  ( -38.85800448670128304, 28.00000000000000000, 2.011882848956656478 ) ) ;
#3042 = CARTESIAN_POINT ( 'NONE',  ( -2.260965476433613564, -78.36097550805101264, 0.6120939499432278552 ) ) ;
#3043 = CARTESIAN_POINT ( 'NONE',  ( -53.77744520336761269, -72.68391509718237842, -9.646155066220792662 ) ) ;
#3044 = ADVANCED_FACE ( 'NONE', ( #7901 ), #4253, .T. ) ;
#3045 = CARTESIAN_POINT ( 'NONE',  ( -1.683850596014837775, -22.06917455773676195, -7.094819040823582945 ) ) ;
#3046 = CARTESIAN_POINT ( 'NONE',  ( -0.9529614713280428751, -38.24582905510436603, -6.736096329932905746 ) ) ;
#3047 = PLANE ( 'NONE',  #4091 ) ;
#3048 = VERTEX_POINT ( 'NONE', #5973 ) ;
#3049 = CARTESIAN_POINT ( 'NONE',  ( -40.22774741214985283, -5.035178413834500155, -10.70750984583431276 ) ) ;
#3050 = CARTESIAN_POINT ( 'NONE',  ( -68.04778971862720027, -8.713797043165339318, 14.56223809390424329 ) ) ;
#3051 = CARTESIAN_POINT ( 'NONE',  ( -15.39600457953715740, -4.864210003018819783, -4.363344688432309937 ) ) ;
#3052 = CARTESIAN_POINT ( 'NONE',  ( -28.13483616862058057, 19.46957616668779067, -8.359988182689898295 ) ) ;
#3053 = CARTESIAN_POINT ( 'NONE',  ( -41.18515999990541587, -71.48596535551243392, -1.487612087655021398 ) ) ;
#3054 = VERTEX_POINT ( 'NONE', #8222 ) ;
#3055 = DIRECTION ( 'NONE',  ( 0.000000000000000000, 0.000000000000000000, -1.000000000000000000 ) ) ;
#3056 = CARTESIAN_POINT ( 'NONE',  ( -3.125512519365008846, -36.85714226114405534, -5.696191823591132852 ) ) ;
#3057 = VERTEX_POINT ( 'NONE', #4068 ) ;
#3058 = DIRECTION ( 'NONE',  ( -1.000000000000000000, 0.000000000000000000, 0.000000000000000000 ) ) ;
#3059 = CARTESIAN_POINT ( 'NONE',  ( 2.377220685479912721, -14.11600705172761927, -0.3453532993167532927 ) ) ;
#3060 = CARTESIAN_POINT ( 'NONE',  ( 0.4756810109447593415, -13.83311594803764955, 1.886622454739337540 ) ) ;
#3061 = CARTESIAN_POINT ( 'NONE',  ( -51.62676637306716287, -63.45973459308714126, -9.719505789743763557 ) ) ;
#3062 = EDGE_LOOP ( 'NONE', ( #4375, #6621, #2672, #4633 ) ) ;
#3063 = FACE_OUTER_BOUND ( 'NONE', #5765, .T. ) ;
#3064 = DIRECTION ( 'NONE',  ( 1.000000000000000000, 0.000000000000000000, 0.000000000000000000 ) ) ;
#3065 = CARTESIAN_POINT ( 'NONE',  ( -9.347250283148916594, -71.92688237767937665, -10.70187276947610400 ) ) ;
#3066 = CYLINDRICAL_SURFACE ( 'NONE', #1369, 2.149999999999999023 ) ;
#3067 = ORIENTED_EDGE ( 'NONE', *, *, #2922, .F. ) ;
#3068 = ORIENTED_EDGE ( 'NONE', *, *, #4067, .F. ) ;
#3069 = CARTESIAN_POINT ( 'NONE',  ( -32.10800448670235596, 20.00000000000003553, 26.41188284895664395 ) ) ;
#3070 = EDGE_CURVE ( 'NONE', #342, #529, #2211, .T. ) ;
#3071 = VERTEX_POINT ( 'NONE', #136 ) ;
#3072 = CARTESIAN_POINT ( 'NONE',  ( -10.58608444655799907, -68.96955157293427874, -11.00153823100093042 ) ) ;
#3073 = CARTESIAN_POINT ( 'NONE',  ( -19.28244600348924465, -121.6230729217454041, 8.411882848956651060 ) ) ;
#3074 = ORIENTED_EDGE ( 'NONE', *, *, #1474, .F. ) ;
#3075 = CARTESIAN_POINT ( 'NONE',  ( -56.31099693075206147, -75.61480599017505710, -8.602198957376952393 ) ) ;
#3076 = ADVANCED_FACE ( 'NONE', ( #2107 ), #5567, .F. ) ;
#3077 = CARTESIAN_POINT ( 'NONE',  ( -43.87175594359519692, -7.744130984031370346, -7.012266808436920407 ) ) ;
#3078 = B_SPLINE_CURVE_WITH_KNOTS ( 'NONE', 3,
 ( #6187, #8969, #6919, #2721 ),
 .UNSPECIFIED., .F., .F.,
 ( 4, 4 ),
 ( 0.000000000000000000, 0.002970325153343068066 ),
 .UNSPECIFIED. ) ;
#3079 = EDGE_CURVE ( 'NONE', #2731, #8497, #7755, .T. ) ;
#3080 = VERTEX_POINT ( 'NONE', #6211 ) ;
#3081 = CARTESIAN_POINT ( 'NONE',  ( -61.28891414052949216, -48.35850808290084757, -8.017352836752245082 ) ) ;
#3082 = VECTOR ( 'NONE', #3782, 1000.000000000000000 ) ;
#3083 = DIRECTION ( 'NONE',  ( 0.000000000000000000, 0.000000000000000000, -1.000000000000000000 ) ) ;
#3084 = LINE ( 'NONE', #1727, #5908 ) ;
#3085 = CARTESIAN_POINT ( 'NONE',  ( 0.5909582255859630040, -16.58282988381709444, -3.712234594398275078 ) ) ;
#3086 = AXIS2_PLACEMENT_3D ( 'NONE', #1654, #6485, #5937 ) ;
#3087 = CARTESIAN_POINT ( 'NONE',  ( -54.83739990138139575, 4.500582035063172448, 4.890824984885350446 ) ) ;
#3088 = AXIS2_PLACEMENT_3D ( 'NONE', #8667, #1826, #5154 ) ;
#3089 = MANIFOLD_SOLID_BREP ( '<PR_Top>-<Chamfer4>', #1360 ) ;
#3090 = CARTESIAN_POINT ( 'NONE',  ( -9.529698068560051638, 3.900830762860211909, 4.387941370271792429 ) ) ;
#3091 = ORIENTED_EDGE ( 'NONE', *, *, #4477, .T. ) ;
#3092 = CARTESIAN_POINT ( 'NONE',  ( -46.85546922656386926, -2.287156232149833546, -7.569851058027087909 ) ) ;
#3093 = CYLINDRICAL_SURFACE ( 'NONE', #6064, 3.500000000000003109 ) ;
#3094 = DIRECTION ( 'NONE',  ( -1.000000000000000000, 0.000000000000000000, 0.000000000000000000 ) ) ;
#3095 = EDGE_CURVE ( 'NONE', #559, #6122, #2901, .T. ) ;
#3096 = CYLINDRICAL_SURFACE ( 'NONE', #2544, 1.649999999999998579 ) ;
#3097 = CIRCLE ( 'NONE', #1363, 1.825000000000000178 ) ;
#3098 = CARTESIAN_POINT ( 'NONE',  ( -53.61624444027481218, -72.91182121696176921, -9.415329053987681718 ) ) ;
#3099 = CARTESIAN_POINT ( 'NONE',  ( -51.49427351911083406, -65.45591833397311632, 108.4362694665913835 ) ) ;
#3100 = ORIENTED_EDGE ( 'NONE', *, *, #6383, .F. ) ;
#3101 = DIRECTION ( 'NONE',  ( 0.000000000000000000, 0.000000000000000000, -1.000000000000000000 ) ) ;
#3102 = CARTESIAN_POINT ( 'NONE',  ( -8.780679854881439539, -55.23549672650678133, -8.813074087890665709 ) ) ;
#3103 = ORIENTED_EDGE ( 'NONE', *, *, #3654, .T. ) ;
#3104 = AXIS2_PLACEMENT_3D ( 'NONE', #5068, #7857, #236 ) ;
#3105 = DIRECTION ( 'NONE',  ( -0.000000000000000000, -0.000000000000000000, 1.000000000000000000 ) ) ;
#3106 = DIRECTION ( 'NONE',  ( 1.000000000000000000, -1.780377182154265206E-15, -0.000000000000000000 ) ) ;
#3107 = EDGE_CURVE ( 'NONE', #3270, #5670, #3297, .T. ) ;
#3108 = DIRECTION ( 'NONE',  ( 0.000000000000000000, 0.000000000000000000, -1.000000000000000000 ) ) ;
#3109 = DIRECTION ( 'NONE',  ( -0.000000000000000000, -0.000000000000000000, 1.000000000000000000 ) ) ;
#3110 = ORIENTED_EDGE ( 'NONE', *, *, #5878, .F. ) ;
#3111 = CARTESIAN_POINT ( 'NONE',  ( -5.035025170025138053, -78.55593057175555316, -7.334715046820504902 ) ) ;
#3112 = CYLINDRICAL_SURFACE ( 'NONE', #1866, 3.499999999999999556 ) ;
#3113 = CARTESIAN_POINT ( 'NONE',  ( -10.80981053885482979, -68.06108375720528159, -11.04892279043175485 ) ) ;
#3114 = FACE_OUTER_BOUND ( 'NONE', #5699, .T. ) ;
#3115 = ORIENTED_EDGE ( 'NONE', *, *, #7012, .T. ) ;
#3116 = VECTOR ( 'NONE', #1015, 1000.000000000000000 ) ;
#3117 = DIRECTION ( 'NONE',  ( 0.000000000000000000, 0.000000000000000000, -1.000000000000000000 ) ) ;
#3118 = ORIENTED_EDGE ( 'NONE', *, *, #4233, .T. ) ;
#3119 = CARTESIAN_POINT ( 'NONE',  ( -47.10800448670129015, 28.00000000000000000, 14.41188284895664573 ) ) ;
#3120 = ORIENTED_EDGE ( 'NONE', *, *, #7351, .T. ) ;
#3121 = CARTESIAN_POINT ( 'NONE',  ( -33.75800448670126741, -94.85808688002525457, -1.588117151043349606 ) ) ;
#3122 = CARTESIAN_POINT ( 'NONE',  ( -61.53458866444134401, -78.22547913436629585, -6.114335549198663067 ) ) ;
#3123 = EDGE_CURVE ( 'NONE', #844, #884, #2157, .T. ) ;
#3124 = ORIENTED_EDGE ( 'NONE', *, *, #7774, .F. ) ;
#3125 = CARTESIAN_POINT ( 'NONE',  ( -32.10800448670126883, -94.85808688002525457, -1.588117151043349606 ) ) ;
#3126 = VECTOR ( 'NONE', #8614, 1000.000000000000000 ) ;
#3127 = CARTESIAN_POINT ( 'NONE',  ( -41.09358867808099092, -47.16380447682146837, -13.22822741526793955 ) ) ;
#3128 = ORIENTED_EDGE ( 'NONE', *, *, #415, .T. ) ;
#3129 = CARTESIAN_POINT ( 'NONE',  ( -62.94034197445962064, -42.00984840733136849, -6.963377173486709815 ) ) ;
#3130 = CARTESIAN_POINT ( 'NONE',  ( 0.1701261731008131828, -78.71846669116220596, 1.837904329141139437 ) ) ;
#3131 = CARTESIAN_POINT ( 'NONE',  ( -3.733413582268308772, -4.237404458977744426, 9.540919079853846796 ) ) ;
#3132 = CIRCLE ( 'NONE', #7679, 29.00000000000169820 ) ;
#3133 = VECTOR ( 'NONE', #4880, 1000.000000000000000 ) ;
#3134 = CARTESIAN_POINT ( 'NONE',  ( 2.156674276835125692, -14.37562067342464189, -0.8083747905313595217 ) ) ;
#3135 = EDGE_CURVE ( 'NONE', #6453, #3584, #4424, .T. ) ;
#3136 = CARTESIAN_POINT ( 'NONE',  ( -55.06329584076011230, 5.241044974531029688, 5.719402492965520501 ) ) ;
#3137 = ADVANCED_FACE ( 'NONE', ( #857 ), #5254, .F. ) ;
#3138 = CARTESIAN_POINT ( 'NONE',  ( -10.04584305466625338, 1.310271136297613381, 2.950604879664613822 ) ) ;
#3139 = EDGE_LOOP ( 'NONE', ( #1688, #7077, #3003, #6244 ) ) ;
#3140 = CARTESIAN_POINT ( 'NONE',  ( -46.26261695518007855, -2.652474001096988498, -7.990109683467082391 ) ) ;
#3141 = CARTESIAN_POINT ( 'NONE',  ( -67.26033599345916514, -8.057304365274701397, 15.15953609249783440 ) ) ;
#3142 = DIRECTION ( 'NONE',  ( -0.000000000000000000, -0.000000000000000000, -1.000000000000000000 ) ) ;
#3143 = CARTESIAN_POINT ( 'NONE',  ( -30.28300448670128020, -22.17822028544098245, 18.41188284895663685 ) ) ;
#3144 = CARTESIAN_POINT ( 'NONE',  ( -10.37326018059311572, -72.35749539778854000, -9.887806788372868638 ) ) ;
#3145 = CARTESIAN_POINT ( 'NONE',  ( -26.08182451917375033, -9.116851503118976296, -8.452112338653211765 ) ) ;
#3146 = VERTEX_POINT ( 'NONE', #3493 ) ;
#3147 = CYLINDRICAL_SURFACE ( 'NONE', #5205, 4.000000000020695445 ) ;
#3148 = EDGE_CURVE ( 'NONE', #1142, #4647, #1312, .T. ) ;
#3149 = DIRECTION ( 'NONE',  ( 1.000000000000000000, 0.000000000000000000, 0.000000000000000000 ) ) ;
#3150 = ORIENTED_EDGE ( 'NONE', *, *, #5815, .T. ) ;
#3151 = DIRECTION ( 'NONE',  ( -0.000000000000000000, -0.000000000000000000, 1.000000000000000000 ) ) ;
#3152 = LINE ( 'NONE', #1060, #6027 ) ;
#3153 = CARTESIAN_POINT ( 'NONE',  ( -65.45071511285787835, -15.44460151139228010, -2.485146321214978471 ) ) ;
#3154 = CARTESIAN_POINT ( 'NONE',  ( -52.11214158944650165, -61.19189643718313221, -9.627582224115071696 ) ) ;
#3155 = ORIENTED_EDGE ( 'NONE', *, *, #6326, .F. ) ;
#3156 = CARTESIAN_POINT ( 'NONE',  ( -19.28244600348924465, -78.75818478260570998, 26.41188284895662619 ) ) ;
#3157 = LINE ( 'NONE', #5945, #1137 ) ;
#3158 = CARTESIAN_POINT ( 'NONE',  ( -26.45115023720892466, -43.83507453493427874, 1.411882848956637293 ) ) ;
#3159 = EDGE_CURVE ( 'NONE', #6416, #4406, #4777, .T. ) ;
#3160 = CARTESIAN_POINT ( 'NONE',  ( -24.77289966375753139, -32.66811546249819997, -13.22822741526793955 ) ) ;
#3161 = CIRCLE ( 'NONE', #9002, 2.149999999999999023 ) ;
#3162 = VECTOR ( 'NONE', #5852, 1000.000000000000000 ) ;
#3163 = VERTEX_POINT ( 'NONE', #4141 ) ;
#3164 = CYLINDRICAL_SURFACE ( 'NONE', #477, 1.825000000000007283 ) ;
#3165 = ORIENTED_EDGE ( 'NONE', *, *, #6206, .T. ) ;
#3166 = CARTESIAN_POINT ( 'NONE',  ( -55.30142821522468211, -74.75818478260556788, -1.588117151043349606 ) ) ;
#3167 = ORIENTED_EDGE ( 'NONE', *, *, #7154, .F. ) ;
#3168 = LINE ( 'NONE', #4590, #4899 ) ;
#3169 = CIRCLE ( 'NONE', #6972, 1.650000000000002132 ) ;
#3170 = CARTESIAN_POINT ( 'NONE',  ( -74.13813534582835985, -76.75818478260556788, 24.41188284895663685 ) ) ;
#3171 = ORIENTED_EDGE ( 'NONE', *, *, #3695, .T. ) ;
#3172 = DIRECTION ( 'NONE',  ( -1.000000000000000000, 0.000000000000000000, 0.000000000000000000 ) ) ;
#3173 = CARTESIAN_POINT ( 'NONE',  ( -33.75800448670126741, -114.8580868800252404, 8.411882848956651060 ) ) ;
#3174 = CYLINDRICAL_SURFACE ( 'NONE', #8827, 1.824999999999993294 ) ;
#3175 = VERTEX_POINT ( 'NONE', #6276 ) ;
#3176 = CARTESIAN_POINT ( 'NONE',  ( -58.66118959618798812, -49.67575137775308747, -7.222875779256585638 ) ) ;
#3177 = DIRECTION ( 'NONE',  ( 0.000000000000000000, 0.000000000000000000, -1.000000000000000000 ) ) ;
#3178 = CARTESIAN_POINT ( 'NONE',  ( -4.389399654834944542, -26.56152329007726109, -6.540041218898281272 ) ) ;
#3179 = CARTESIAN_POINT ( 'NONE',  ( -42.93356296991329657, -121.6230729217454041, 8.411882848956651060 ) ) ;
#3180 = CARTESIAN_POINT ( 'NONE',  ( -28.92486931017197449, 2.563542661666263989, -11.07350696565460169 ) ) ;
#3181 = EDGE_LOOP ( 'NONE', ( #2898, #842 ) ) ;
#3182 = DIRECTION ( 'NONE',  ( 1.000000000000000000, 0.000000000000000000, 0.000000000000000000 ) ) ;
#3183 = CARTESIAN_POINT ( 'NONE',  ( -64.73211069791685190, -6.474981708521133861, 12.32571038428071120 ) ) ;
#3184 = DIRECTION ( 'NONE',  ( -0.000000000000000000, -0.000000000000000000, 1.000000000000000000 ) ) ;
#3185 = ADVANCED_FACE ( 'NONE', ( #577 ), #7516, .F. ) ;
#3186 = CARTESIAN_POINT ( 'NONE',  ( -61.10800448060128787, -37.99433049471596746, -5.628329777359366126 ) ) ;
#3187 = EDGE_CURVE ( 'NONE', #7585, #7424, #6781, .T. ) ;
#3188 = CYLINDRICAL_SURFACE ( 'NONE', #8498, 1.825000000000000178 ) ;
#3189 = CARTESIAN_POINT ( 'NONE',  ( -19.30823035705704172, -121.6101807449615251, 1.888290536557656329 ) ) ;
#3190 = ORIENTED_EDGE ( 'NONE', *, *, #8737, .T. ) ;
#3191 = B_SPLINE_CURVE_WITH_KNOTS ( 'NONE', 3,
 ( #3914, #3226, #7940, #5150, #276, #406, #6012, #3180, #5103, #7893, #5964, #8752, #1638, #2500, #5288, #4427, #7204, #955 ),
 .UNSPECIFIED., .F., .F.,
 ( 4, 2, 2, 2, 2, 2, 2, 2, 4 ),
 ( 0.007128626633920730031, 0.007918247459417932302, 0.008707868284915135440, 0.009497489110412336843, 0.01028710993590953998, 0.01107673076140674312, 0.01186635158690394452, 0.01265597241240114593, 0.01344559323789834906 ),
 .UNSPECIFIED. ) ;
#3192 = CARTESIAN_POINT ( 'NONE',  ( 2.259831036370090196, 27.99999999999999645, 15.31269238314865966 ) ) ;
#3193 = CARTESIAN_POINT ( 'NONE',  ( -3.432228062906852895, -42.36310546482982176, -5.922156463052259845 ) ) ;
#3194 = ORIENTED_EDGE ( 'NONE', *, *, #8737, .F. ) ;
#3195 = FACE_OUTER_BOUND ( 'NONE', #1562, .T. ) ;
#3196 = CARTESIAN_POINT ( 'NONE',  ( -17.93300448670127878, -38.17822028544185997, 18.41188284895663685 ) ) ;
#3197 = CARTESIAN_POINT ( 'NONE',  ( -60.94787043547491123, -20.31448737928485926, -5.393464266858562617 ) ) ;
#3198 = ADVANCED_FACE ( 'NONE', ( #6189 ), #1772, .T. ) ;
#3199 = B_SPLINE_CURVE_WITH_KNOTS ( 'NONE', 1,
 ( #8866, #2706 ),
 .UNSPECIFIED., .F., .F.,
 ( 2, 2 ),
 ( 0.000000000000000000, 1.000000000000000000 ),
 .UNSPECIFIED. ) ;
#3200 = CARTESIAN_POINT ( 'NONE',  ( -51.55288243238059209, -64.12074996141438987, -9.732750349237699439 ) ) ;
#3201 = EDGE_CURVE ( 'NONE', #7424, #7175, #4337, .T. ) ;
#3202 = ORIENTED_EDGE ( 'NONE', *, *, #6727, .T. ) ;
#3203 = CARTESIAN_POINT ( 'NONE',  ( -60.21130469118312334, -22.98770361327767731, -6.225469259383737075 ) ) ;
#3204 = CARTESIAN_POINT ( 'NONE',  ( 1.064121360582316100, -6.869193923645281252, 11.70948360971099689 ) ) ;
#3205 = CARTESIAN_POINT ( 'NONE',  ( -11.05583048829233839, -64.80894012818708916, -11.09849108478922730 ) ) ;
#3206 = CARTESIAN_POINT ( 'NONE',  ( -39.08047009497451540, -5.256007573719856829, -10.98732055738711111 ) ) ;
#3207 = AXIS2_PLACEMENT_3D ( 'NONE', #1032, #2451, #3172 ) ;
#3208 = ORIENTED_EDGE ( 'NONE', *, *, #1858, .F. ) ;
#3209 = ORIENTED_EDGE ( 'NONE', *, *, #7795, .F. ) ;
#3210 = CARTESIAN_POINT ( 'NONE',  ( -63.27905720419470015, -78.59971060781364827, 1.272797818459782127 ) ) ;
#3211 = EDGE_CURVE ( 'NONE', #7585, #3175, #5503, .T. ) ;
#3212 = ORIENTED_EDGE ( 'NONE', *, *, #5377, .T. ) ;
#3213 = CARTESIAN_POINT ( 'NONE',  ( -0.9935927269540039131, -78.44654095916074255, -6.765694148139687947 ) ) ;
#3214 = FACE_BOUND ( 'NONE', #6544, .T. ) ;
#3215 = FACE_OUTER_BOUND ( 'NONE', #3625, .T. ) ;
#3216 = VERTEX_POINT ( 'NONE', #1269 ) ;
#3217 = B_SPLINE_CURVE_WITH_KNOTS ( 'NONE', 3,
 ( #1646, #3878, #8037, #454 ),
 .UNSPECIFIED., .F., .F.,
 ( 4, 4 ),
 ( 0.9762595133108488143, 1.000000000000000000 ),
 .UNSPECIFIED. ) ;
#3218 = CARTESIAN_POINT ( 'NONE',  ( -15.82097568064169657, -79.39995314140861637, 25.88774333902368951 ) ) ;
#3219 = CARTESIAN_POINT ( 'NONE',  ( -7.652163719650803664, -73.76997490249540590, -10.18639296758493096 ) ) ;
#3220 = CARTESIAN_POINT ( 'NONE',  ( -59.83311755564425738, -26.90176488335029958, -6.477278458371734438 ) ) ;
#3221 = ORIENTED_EDGE ( 'NONE', *, *, #8399, .F. ) ;
#3222 = DIRECTION ( 'NONE',  ( -0.000000000000000000, -0.000000000000000000, -1.000000000000000000 ) ) ;
#3223 = DIRECTION ( 'NONE',  ( -0.000000000000000000, -0.000000000000000000, 1.000000000000000000 ) ) ;
#3224 = CARTESIAN_POINT ( 'NONE',  ( -4.188107605853433668, -24.11526406937159805, -6.421896420258782712 ) ) ;
#3225 = DIRECTION ( 'NONE',  ( 0.000000000000000000, 0.000000000000000000, -1.000000000000000000 ) ) ;
#3226 = CARTESIAN_POINT ( 'NONE',  ( -28.10800448671612628, 4.738083134312199185, -10.69508130556419268 ) ) ;
#3227 = ORIENTED_EDGE ( 'NONE', *, *, #2038, .T. ) ;
#3228 = DIRECTION ( 'NONE',  ( -0.000000000000000000, -0.000000000000000000, 1.000000000000000000 ) ) ;
#3229 = CARTESIAN_POINT ( 'NONE',  ( -29.29110826479519503, 7.844284633910787008, -10.65954251801020725 ) ) ;
#3230 = FACE_BOUND ( 'NONE', #3577, .T. ) ;
#3231 = DIRECTION ( 'NONE',  ( 1.000000000000000000, 0.000000000000000000, 0.000000000000000000 ) ) ;
#3232 = DIRECTION ( 'NONE',  ( 0.8583439052881718379, -0.5130747901180198189, 0.000000000000000000 ) ) ;
#3233 = CIRCLE ( 'NONE', #903, 1.825000000000000178 ) ;
#3234 = CARTESIAN_POINT ( 'NONE',  ( -12.33795855682295972, -68.83162165622407258, -9.759838604317254251 ) ) ;
#3235 = VERTEX_POINT ( 'NONE', #4823 ) ;
#3236 = LINE ( 'NONE', #6023, #5791 ) ;
#3237 = CARTESIAN_POINT ( 'NONE',  ( -3.616666748055694214, -43.43967362868651350, -6.054228045316065732 ) ) ;
#3238 = ORIENTED_EDGE ( 'NONE', *, *, #2102, .T. ) ;
#3239 = CARTESIAN_POINT ( 'NONE',  ( -61.05762179656965571, -79.43673314975467292, -6.224425254881029268 ) ) ;
#3240 = CARTESIAN_POINT ( 'NONE',  ( -9.157889672595398878, 5.552117149470562119, 5.656476885962653967 ) ) ;
#3241 = CARTESIAN_POINT ( 'NONE',  ( -11.03320727957222935, -10.60848040579045737, 34.66913390152973307 ) ) ;
#3242 =( BOUNDED_CURVE ( )  B_SPLINE_CURVE ( 3, ( #7270, #4534, #3892, #3204 ),
 .UNSPECIFIED., .F., .F. ) 
 B_SPLINE_CURVE_WITH_KNOTS ( ( 4, 4 ),
 ( 6.001705233948740670, 6.179058814643071607 ),
 .UNSPECIFIED. ) 
 CURVE ( )  GEOMETRIC_REPRESENTATION_ITEM ( )  RATIONAL_B_SPLINE_CURVE ( ( 1.000000000000000000, 0.9973805261617016971, 0.9973805261617016971, 1.000000000000000000 ) ) 
 REPRESENTATION_ITEM ( '' )  );
#3243 = VECTOR ( 'NONE', #8704, 1000.000000000000000 ) ;
#3244 = DIRECTION ( 'NONE',  ( -1.000000000000000000, 0.000000000000000000, 0.000000000000000000 ) ) ;
#3245 = CARTESIAN_POINT ( 'NONE',  ( -52.26213134999670729, -60.71525329670338778, -9.597449651980083374 ) ) ;
#3246 = ORIENTED_EDGE ( 'NONE', *, *, #4045, .T. ) ;
#3247 = CARTESIAN_POINT ( 'NONE',  ( -61.52158150727486685, -18.85302915707404381, -4.641115255560699815 ) ) ;
#3248 = CARTESIAN_POINT ( 'NONE',  ( -61.08923142056451638, -39.08422143715622354, -5.642277427449269744 ) ) ;
#3249 = CARTESIAN_POINT ( 'NONE',  ( 3.331759811455701215, -8.287975258947225754, 15.00890162736639333 ) ) ;
#3250 = CARTESIAN_POINT ( 'NONE',  ( -41.91471977430119011, -4.587257554172275320, -10.18102447500318775 ) ) ;
#3251 = AXIS2_PLACEMENT_3D ( 'NONE', #488, #2586, #3690 ) ;
#3252 = CIRCLE ( 'NONE', #1655, 0.6999999999999472200 ) ;
#3253 = ADVANCED_FACE ( 'NONE', ( #4047 ), #7449, .F. ) ;
#3254 = VERTEX_POINT ( 'NONE', #4991 ) ;
#3255 = EDGE_CURVE ( 'NONE', #2985, #3404, #3887, .T. ) ;
#3256 = ORIENTED_EDGE ( 'NONE', *, *, #1820, .F. ) ;
#3257 = CARTESIAN_POINT ( 'NONE',  ( -35.60800448670127594, -94.85808688002525457, 13.26290989078527360 ) ) ;
#3258 = ORIENTED_EDGE ( 'NONE', *, *, #1397, .T. ) ;
#3259 = CARTESIAN_POINT ( 'NONE',  ( -1.384514836618272904, -78.32565316968819502, -7.038764560267470216 ) ) ;
#3260 = VECTOR ( 'NONE', #1074, 1000.000000000000000 ) ;
#3261 = CARTESIAN_POINT ( 'NONE',  ( -54.42625362919253007, 4.879837447288262631, 3.578725095276162449 ) ) ;
#3262 = ORIENTED_EDGE ( 'NONE', *, *, #6289, .F. ) ;
#3263 = CARTESIAN_POINT ( 'NONE',  ( -63.83660679718129671, -77.24018968664056217, -6.316661977857529919 ) ) ;
#3264 = AXIS2_PLACEMENT_3D ( 'NONE', #6159, #4749, #8942 ) ;
#3265 = ORIENTED_EDGE ( 'NONE', *, *, #7729, .T. ) ;
#3266 = ADVANCED_FACE ( 'NONE', ( #1524, #2299 ), #7739, .T. ) ;
#3267 = DIRECTION ( 'NONE',  ( 0.000000000000000000, 0.000000000000000000, -1.000000000000000000 ) ) ;
#3268 = CARTESIAN_POINT ( 'NONE',  ( -8.353061096107404992, -73.10340609412050128, -10.41524480850758039 ) ) ;
#3269 = LINE ( 'NONE', #7524, #4312 ) ;
#3270 = VERTEX_POINT ( 'NONE', #3618 ) ;
#3271 = CIRCLE ( 'NONE', #506, 1.649999999999998579 ) ;
#3272 = FACE_OUTER_BOUND ( 'NONE', #7232, .T. ) ;
#3273 = CARTESIAN_POINT ( 'NONE',  ( -55.22071868417219065, 5.725116364231423560, 6.317519397215863641 ) ) ;
#3274 = CARTESIAN_POINT ( 'NONE',  ( -3.862529449777628354, -31.43227590607190791, -6.225820033737380577 ) ) ;
#3275 = CARTESIAN_POINT ( 'NONE',  ( -42.91858867808097955, -47.16380447682146837, 18.41188284895663685 ) ) ;
#3276 = EDGE_CURVE ( 'NONE', #3021, #4685, #7824, .T. ) ;
#3277 = CARTESIAN_POINT ( 'NONE',  ( -66.41322155275670980, -77.45818478260554230, -4.081932985784901824 ) ) ;
#3278 = EDGE_LOOP ( 'NONE', ( #5858, #5632, #7607, #6863 ) ) ;
#3279 = CARTESIAN_POINT ( 'NONE',  ( -49.89769554156703180, -3.944967893314286655, -3.497550030977373492 ) ) ;
#3280 = CARTESIAN_POINT ( 'NONE',  ( -28.29377660034050024, 6.245327024085195688, -10.57799405135670590 ) ) ;
#3281 = CARTESIAN_POINT ( 'NONE',  ( -2.242618300280705856, -28.29062006134253693, -7.601447968895574725 ) ) ;
#3282 = CARTESIAN_POINT ( 'NONE',  ( -74.13813534582835985, -22.21112135110119112, 5.305366401912616325 ) ) ;
#3283 = CARTESIAN_POINT ( 'NONE',  ( 9.371670453722510175, -22.30720292690092421, 8.978970773997984267 ) ) ;
#3284 = AXIS2_PLACEMENT_3D ( 'NONE', #2732, #6834, #5372 ) ;
#3285 = CARTESIAN_POINT ( 'NONE',  ( -57.03994095130970265, -74.90184372607694741, -10.01785292450598774 ) ) ;
#3286 = CARTESIAN_POINT ( 'NONE',  ( -21.69223075001066192, -122.8035034287026548, -0.02807631166531004974 ) ) ;
#3287 = ORIENTED_EDGE ( 'NONE', *, *, #749, .F. ) ;
#3288 = CARTESIAN_POINT ( 'NONE',  ( -19.53084897349712534, -71.48596535551243392, 26.41188284895664040 ) ) ;
#3289 = CARTESIAN_POINT ( 'NONE',  ( -68.03688653049790958, -11.85239281577233150, 4.771748147731130096 ) ) ;
#3290 = ORIENTED_EDGE ( 'NONE', *, *, #4783, .T. ) ;
#3291 = B_SPLINE_SURFACE_WITH_KNOTS ( 'NONE', 1, 3, ( 
 ( #8513, #8469, #5130, #7923, #124, #6365, #4274, #5766, #1669, #5042, #7233, #983, #2263, #2857, #6407, #6323 ),
 ( #8557, #5635, #7829, #4997, #7789, #8431, #2174, #5084, #7874, #2215, #1529, #4957, #1576, #1619, #885, #3668 ) ),
 .UNSPECIFIED., .F., .F., .F.,
 ( 2, 2 ),
 ( 4, 2, 2, 2, 2, 2, 2, 4 ),
 ( 0.000000000000000000, 1.000000000000000000 ),
 ( 0.000000000000000000, 0.001709207300843792500, 0.003418414601687585000, 0.004273018252109480816, 0.005127621902531377500, 0.005554923727742326275, 0.005982225552953274184, 0.006836829203375170000 ),
 .UNSPECIFIED. ) ;
#3292 = CIRCLE ( 'NONE', #5906, 1.825000000000007283 ) ;
#3293 = CARTESIAN_POINT ( 'NONE',  ( -60.65753535318616230, -79.27450219074221138, -6.457029667520659544 ) ) ;
#3294 = DIRECTION ( 'NONE',  ( 0.000000000000000000, 0.000000000000000000, 1.000000000000000000 ) ) ;
#3295 = CARTESIAN_POINT ( 'NONE',  ( -1.780414922433798397, -22.47743045199607792, -7.206950036328593434 ) ) ;
#3296 = DIRECTION ( 'NONE',  ( 0.000000000000000000, 0.000000000000000000, -1.000000000000000000 ) ) ;
#3297 = B_SPLINE_CURVE_WITH_KNOTS ( 'NONE', 3,
 ( #2872, #4933, #5647, #8444, #2186, #7757 ),
 .UNSPECIFIED., .F., .F.,
 ( 4, 2, 4 ),
 ( -0.001498584319262191190, 0.001305523494702252093, 0.004109631308666695376 ),
 .UNSPECIFIED. ) ;
#3298 = DIRECTION ( 'NONE',  ( 0.000000000000000000, 0.000000000000000000, -1.000000000000000000 ) ) ;
#3299 = ORIENTED_EDGE ( 'NONE', *, *, #414, .T. ) ;
#3300 = CARTESIAN_POINT ( 'NONE',  ( -60.02426681002150843, -24.14123902736936600, -6.365041804150706639 ) ) ;
#3301 = PRESENTATION_LAYER_ASSIGNMENT (  '', '', ( #1117 ) ) ;
#3302 = CARTESIAN_POINT ( 'NONE',  ( -61.07500697138796397, -36.59429644724042419, -5.652832370756313729 ) ) ;
#3303 = DIRECTION ( 'NONE',  ( -0.000000000000000000, -0.000000000000000000, 1.000000000000000000 ) ) ;
#3304 = CARTESIAN_POINT ( 'NONE',  ( -34.25800448670241138, 5.000000000000024869, 26.41188284895664395 ) ) ;
#3305 = VERTEX_POINT ( 'NONE', #4227 ) ;
#3306 = VERTEX_POINT ( 'NONE', #3575 ) ;
#3307 = CARTESIAN_POINT ( 'NONE',  ( -36.06114256924092842, 5.630699382133136588, -10.61024719271757988 ) ) ;
#3308 = VERTEX_POINT ( 'NONE', #1570 ) ;
#3309 = CARTESIAN_POINT ( 'NONE',  ( -5.875686677001151104, -75.93996137079233222, -9.503233017868208066 ) ) ;
#3310 = EDGE_CURVE ( 'NONE', #4462, #4685, #932, .T. ) ;
#3311 = CARTESIAN_POINT ( 'NONE',  ( -61.91670298854911891, -28.32883419986710294, -7.636975822246808931 ) ) ;
#3312 = ADVANCED_FACE ( 'NONE', ( #7086 ), #987, .T. ) ;
#3313 = EDGE_LOOP ( 'NONE', ( #3811, #542, #157, #3909 ) ) ;
#3314 = CARTESIAN_POINT ( 'NONE',  ( -11.28244600348922511, -76.75818478260568156, 26.41188284895664040 ) ) ;
#3315 = FACE_OUTER_BOUND ( 'NONE', #3062, .T. ) ;
#3316 = ORIENTED_EDGE ( 'NONE', *, *, #1522, .T. ) ;
#3317 = B_SPLINE_CURVE_WITH_KNOTS ( 'NONE', 3,
 ( #5875, #7250, #1821, #7433, #7343, #5332, #8121, #1773, #4606, #1867, #1093, #5921, #2499, #1184, #405, #7292, #8751, #2411, #3958, #5240, #6743, #5830, #3913, #6694, #5148, #8618, #2365, #7938, #4472, #3087, #999, #3778, #316, #5195, #1729, #1042, #3821, #6607, #359, #3136, #8708, #547, #4197, #6153, #2780, #3369, #8306, #4059, #5466, #6065, #3463, #2735, #635, #4836, #4009 ),
 .UNSPECIFIED., .F., .F.,
 ( 4, 2, 1, 1, 1, 1, 2, 2, 1, 1, 1, 2, 2, 1, 1, 1, 2, 2, 1, 1, 1, 2, 2, 1, 1, 1, 2, 2, 2, 1, 2, 2, 2, 2, 2, 4 ),
 ( 0.000000000000000000, 0.1250000000000114075, 0.1875000000000170974, 0.2187500000000197620, 0.2343750000000210110, 0.2421875000000215106, 0.2460937500000217881, 0.2500000000000220379, 0.3125000000000202061, 0.3437500000000192624, 0.3593750000000186517, 0.3671875000000183187, 0.3750000000000179301, 0.4375000000000142664, 0.4687500000000120459, 0.4843750000000108247, 0.4921875000000104916, 0.5000000000000101030, 0.5625000000000101030, 0.5937500000000099920, 0.6093750000000098810, 0.6171875000000102141, 0.6250000000000106581, 0.6875000000000127676, 0.7187500000000139888, 0.7343750000000144329, 0.7421875000000140998, 0.7500000000000137668, 0.8125000000000096589, 0.8437500000000078826, 0.8593750000000068834, 0.8750000000000059952, 0.9062500000000045519, 0.9375000000000031086, 0.9687500000000015543, 1.000000000000000000 ),
 .UNSPECIFIED. ) ;
#3318 = DIRECTION ( 'NONE',  ( -0.000000000000000000, -0.000000000000000000, 1.000000000000000000 ) ) ;
#3319 = CARTESIAN_POINT ( 'NONE',  ( -45.69472750439108921, 28.00000000000000000, 26.41188284895664040 ) ) ;
#3320 = VECTOR ( 'NONE', #6099, 1000.000000000000000 ) ;
#3321 = CARTESIAN_POINT ( 'NONE',  ( -16.10800448670127949, -38.17822028544185997, 1.411882848956637293 ) ) ;
#3322 = ORIENTED_EDGE ( 'NONE', *, *, #7340, .F. ) ;
#3323 = DIRECTION ( 'NONE',  ( -0.000000000000000000, -0.000000000000000000, 1.000000000000000000 ) ) ;
#3324 =( BOUNDED_CURVE ( )  B_SPLINE_CURVE ( 3, ( #8283, #3736, #4256, #7892 ),
 .UNSPECIFIED., .F., .F. ) 
 B_SPLINE_CURVE_WITH_KNOTS ( ( 4, 4 ),
 ( 1.570796326794896558, 4.712388980384689674 ),
 .UNSPECIFIED. ) 
 CURVE ( )  GEOMETRIC_REPRESENTATION_ITEM ( )  RATIONAL_B_SPLINE_CURVE ( ( 1.000000000000000000, 0.3333333333333333703, 0.3333333333333333703, 1.000000000000000000 ) ) 
 REPRESENTATION_ITEM ( '' )  );
#3325 = CARTESIAN_POINT ( 'NONE',  ( -32.10800448670241281, 5.000000000000024869, 26.41188284895664040 ) ) ;
#3326 = B_SPLINE_CURVE_WITH_KNOTS ( 'NONE', 3,
 ( #4556, #1590, #4377, #8658, #5192, #7982, #7150, #1631, #898, #7199, #2634, #6741, #8793, #6059, #1135, #5373, #1909, #4601, #493, #7527, #1278, #4693, #5464, #5418, #4056, #3367, #6876, #8934, #4007, #8072, #8210, #445, #7479, #632 ),
 .UNSPECIFIED., .F., .F.,
 ( 4, 2, 2, 2, 2, 2, 2, 2, 2, 2, 2, 2, 2, 2, 2, 2, 4 ),
 ( 0.000000000000000000, 0.1250000000000000000, 0.1875000000000000278, 0.2500000000000000000, 0.2812500000000000000, 0.3125000000000000000, 0.3437500000000000000, 0.3750000000000000555, 0.4375000000000000000, 0.5000000000000000000, 0.5625000000000000000, 0.5937500000000000000, 0.6250000000000000000, 0.6875000000000000000, 0.7500000000000001110, 0.8750000000000000000, 1.000000000000000000 ),
 .UNSPECIFIED. ) ;
#3327 = CARTESIAN_POINT ( 'NONE',  ( -3.425925709109966633, -33.58433237497833090, -5.917904056702354865 ) ) ;
#3328 = EDGE_CURVE ( 'NONE', #8980, #7596, #1614, .T. ) ;
#3329 = CARTESIAN_POINT ( 'NONE',  ( -66.47584000977293783, 27.99999999999999645, 11.31269238314866321 ) ) ;
#3330 = CARTESIAN_POINT ( 'NONE',  ( -10.14799952300119834, 0.6810730460595684210, 2.726617157244334511 ) ) ;
#3331 = CARTESIAN_POINT ( 'NONE',  ( -28.60800448670127238, -74.85808688002526878, -1.487612087655021398 ) ) ;
#3332 = FACE_OUTER_BOUND ( 'NONE', #5813, .T. ) ;
#3333 = CARTESIAN_POINT ( 'NONE',  ( -14.42280921147105488, -0.01050231899941587305, -4.848950763595652802 ) ) ;
#3334 = CARTESIAN_POINT ( 'NONE',  ( 9.853044934535251542, -22.22317945273186623, 12.22480944249455703 ) ) ;
#3335 = ADVANCED_FACE ( 'NONE', ( #7178 ), #5667, .F. ) ;
#3336 = CARTESIAN_POINT ( 'NONE',  ( -1.785847601268254037, -31.11471212521057694, -7.307647350000070929 ) ) ;
#3337 = CARTESIAN_POINT ( 'NONE',  ( -21.28244600348924820, -123.6230729217454041, 2.411882848956653724 ) ) ;
#3338 = CARTESIAN_POINT ( 'NONE',  ( 2.259831036370089752, 27.99999999999999645, 11.31269238314865966 ) ) ;
#3339 = CARTESIAN_POINT ( 'NONE',  ( -3.643477763022759497, -50.21931528210564011, -8.423498564356316720 ) ) ;
#3340 = EDGE_LOOP ( 'NONE', ( #5228, #2081 ) ) ;
#3341 = CARTESIAN_POINT ( 'NONE',  ( -61.32483708655551169, -79.53772802208158055, -6.063957405364843289 ) ) ;
#3342 = CARTESIAN_POINT ( 'NONE',  ( -26.59789966375754133, -32.66811546249819997, 18.41188284895663685 ) ) ;
#3343 = CYLINDRICAL_SURFACE ( 'NONE', #2301, 8.000000000000001776 ) ;
#3344 = CARTESIAN_POINT ( 'NONE',  ( 2.066246353834275684, -8.605140291910243988, 7.138425575252077770 ) ) ;
#3345 = CARTESIAN_POINT ( 'NONE',  ( -62.84254179885522262, -16.34670783165239172, -2.692895467129150511 ) ) ;
#3346 = CARTESIAN_POINT ( 'NONE',  ( -32.10800448670126883, -74.85808688002526878, 26.41188284895664040 ) ) ;
#3347 = CARTESIAN_POINT ( 'NONE',  ( -63.07419841514612102, -15.98256185825666265, -2.321998158485651942 ) ) ;
#3348 = CARTESIAN_POINT ( 'NONE',  ( -58.97320583671114491, -48.92842671440972424, -7.042190646273861709 ) ) ;
#3349 = CARTESIAN_POINT ( 'NONE',  ( -24.43300448670127878, -38.17822028544185997, -13.22822741526793955 ) ) ;
#3350 = CARTESIAN_POINT ( 'NONE',  ( -48.09632271720163743, -1.428649745294679585, -6.566042190886089536 ) ) ;
#3351 = ORIENTED_EDGE ( 'NONE', *, *, #1807, .T. ) ;
#3352 = ORIENTED_EDGE ( 'NONE', *, *, #1650, .F. ) ;
#3353 = CARTESIAN_POINT ( 'NONE',  ( -53.85532344079445721, -10.02152037603274337, 1.411882848956637293 ) ) ;
#3354 = VERTEX_POINT ( 'NONE', #794 ) ;
#3355 = CARTESIAN_POINT ( 'NONE',  ( -4.505949153844102995, -76.89129857576874372, -8.871384765950606877 ) ) ;
#3356 = CARTESIAN_POINT ( 'NONE',  ( -62.05708396376524405, -24.31985779060778086, -7.548601421004996759 ) ) ;
#3357 = ORIENTED_EDGE ( 'NONE', *, *, #5618, .F. ) ;
#3358 = CARTESIAN_POINT ( 'NONE',  ( -66.85861375730733869, -13.65611188033819623, 0.3433472010012478814 ) ) ;
#3359 = DIRECTION ( 'NONE',  ( -0.000000000000000000, -0.000000000000000000, 1.000000000000000000 ) ) ;
#3360 = ORIENTED_EDGE ( 'NONE', *, *, #7500, .T. ) ;
#3361 = CARTESIAN_POINT ( 'NONE',  ( -33.55437262421511946, -78.04525164055847597, 26.41188284895664040 ) ) ;
#3362 = EDGE_CURVE ( 'NONE', #4319, #8133, #1719, .T. ) ;
#3363 = CARTESIAN_POINT ( 'NONE',  ( 8.622126372425732654, -78.75818478260570998, 14.41188284895664573 ) ) ;
#3364 = CARTESIAN_POINT ( 'NONE',  ( -23.19195659016708788, 17.80085037806178860, 14.41188284895664573 ) ) ;
#3365 = EDGE_LOOP ( 'NONE', ( #3755, #6913, #2484, #1846 ) ) ;
#3366 = PLANE ( 'NONE',  #8670 ) ;
#3367 = CARTESIAN_POINT ( 'NONE',  ( -64.65793862731580077, -16.68489615164440565, -3.881689105463724143 ) ) ;
#3368 = CARTESIAN_POINT ( 'NONE',  ( -52.48789447787263640, -70.82704216547672615, -9.550544587014789144 ) ) ;
#3369 = CARTESIAN_POINT ( 'NONE',  ( -55.21121958177315037, 5.605697493990627223, 6.317447075291406478 ) ) ;
#3370 = CYLINDRICAL_SURFACE ( 'NONE', #6410, 1.825000000000000178 ) ;
#3371 = EDGE_CURVE ( 'NONE', #7741, #8497, #6661, .T. ) ;
#3372 = EDGE_CURVE ( 'NONE', #4710, #7088, #685, .T. ) ;
#3373 = CARTESIAN_POINT ( 'NONE',  ( -28.87099773745258702, 7.370940638662989208, -10.60363631749746638 ) ) ;
#3374 = DIRECTION ( 'NONE',  ( 0.000000000000000000, 0.000000000000000000, -1.000000000000000000 ) ) ;
#3375 = CARTESIAN_POINT ( 'NONE',  ( -18.41994958195761711, -2.923351671655515016, -8.299695463784589222 ) ) ;
#3376 = CARTESIAN_POINT ( 'NONE',  ( 0.9292302228970726885, -7.025632149220117029, 10.05511833746617789 ) ) ;
#3377 = CARTESIAN_POINT ( 'NONE',  ( -56.21734236327499445, -74.00936952814338099, -10.30182233804181102 ) ) ;
#3378 = CARTESIAN_POINT ( 'NONE',  ( -21.34641270509245814, -123.4951395185390339, 1.374752585226567847 ) ) ;
#3379 = CARTESIAN_POINT ( 'NONE',  ( -8.578467976416819241, -75.06179828698344636, -8.832776688942999499 ) ) ;
#3380 = CARTESIAN_POINT ( 'NONE',  ( -3.299736746119506403, -49.43538572233279638, -8.231801274453262707 ) ) ;
#3381 = AXIS2_PLACEMENT_3D ( 'NONE', #6121, #7632, #7540 ) ;
#3382 = ORIENTED_EDGE ( 'NONE', *, *, #4535, .F. ) ;
#3383 = ADVANCED_FACE ( 'NONE', ( #3532 ), #75, .T. ) ;
#3384 = CARTESIAN_POINT ( 'NONE',  ( -53.18221091307405857, -63.63207619245067548, -11.09415278722953069 ) ) ;
#3385 = CARTESIAN_POINT ( 'NONE',  ( -42.91611576210846124, -121.6056257139416203, -1.144165014693159899 ) ) ;
#3386 = CARTESIAN_POINT ( 'NONE',  ( -9.789755344210014698, 4.879837447288251084, 3.578725095276204193 ) ) ;
#3387 = CARTESIAN_POINT ( 'NONE',  ( -30.43036396082703376, -5.444666152247016555, -11.58810995249958964 ) ) ;
#3388 = CARTESIAN_POINT ( 'NONE',  ( -2.104485657089750550, -24.31035545154559330, -7.514002050547856193 ) ) ;
#3389 = DIRECTION ( 'NONE',  ( 1.000000000000000000, -1.780377182154265206E-15, -0.000000000000000000 ) ) ;
#3390 = FACE_OUTER_BOUND ( 'NONE', #2323, .T. ) ;
#3391 = CARTESIAN_POINT ( 'NONE',  ( 1.054781135829373273, -9.971676034244090658, 1.411882848956638181 ) ) ;
#3392 = CIRCLE ( 'NONE', #7174, 1.649999999999991696 ) ;
#3393 = CARTESIAN_POINT ( 'NONE',  ( -60.60327269666307615, -32.50603503516835957, -5.995690354010018375 ) ) ;
#3394 = CARTESIAN_POINT ( 'NONE',  ( -33.75800448670126741, -94.85808688002525457, 26.41188284895664040 ) ) ;
#3395 = CARTESIAN_POINT ( 'NONE',  ( -32.10800448670126883, -94.85808688002525457, 8.411882848956651060 ) ) ;
#3396 = B_SPLINE_CURVE_WITH_KNOTS ( 'NONE', 3,
 ( #4173, #1339, #4763, #6952, #516, #7546 ),
 .UNSPECIFIED., .F., .F.,
 ( 4, 2, 4 ),
 ( 0.000000000000000000, 0.08833795073156018585, 1.000000000000000000 ),
 .UNSPECIFIED. ) ;
#3397 = EDGE_LOOP ( 'NONE', ( #4264, #980, #8474, #6728, #4181, #6552, #4946, #5315 ) ) ;
#3398 = ADVANCED_FACE ( 'NONE', ( #5987 ), #8052, .T. ) ;
#3399 = CIRCLE ( 'NONE', #8213, 8.000000000000000000 ) ;
#3400 = EDGE_LOOP ( 'NONE', ( #5141, #7080, #2042, #5265 ) ) ;
#3401 = CARTESIAN_POINT ( 'NONE',  ( -21.59091914841803828, -29.48613494715874239, 1.411882848956637293 ) ) ;
#3402 = CARTESIAN_POINT ( 'NONE',  ( 0.9048935834190706684, -78.87438976711688099, -5.278012868690704629 ) ) ;
#3403 = CARTESIAN_POINT ( 'NONE',  ( -36.10800448668864959, 20.00000000000003553, -6.588117151043349828 ) ) ;
#3404 = VERTEX_POINT ( 'NONE', #1798 ) ;
#3405 = DIRECTION ( 'NONE',  ( 0.000000000000000000, 0.000000000000000000, -1.000000000000000000 ) ) ;
#3406 = DIRECTION ( 'NONE',  ( 0.000000000000000000, 0.000000000000000000, 1.000000000000000000 ) ) ;
#3407 = ORIENTED_EDGE ( 'NONE', *, *, #32, .T. ) ;
#3408 = FACE_OUTER_BOUND ( 'NONE', #619, .T. ) ;
#3409 = DIRECTION ( 'NONE',  ( -0.6533321769783418942, -0.7570713747888904166, -0.000000000000000000 ) ) ;
#3410 = CARTESIAN_POINT ( 'NONE',  ( -60.21495610472547355, -30.83688303321203250, -6.251489749388514205 ) ) ;
#3411 = EDGE_LOOP ( 'NONE', ( #3287, #3941, #3944, #8047 ) ) ;
#3412 = CARTESIAN_POINT ( 'NONE',  ( -69.11564605998610489, -14.84918042123907256, -1.176825657745233178 ) ) ;
#3413 = LINE ( 'NONE', #5328, #772 ) ;
#3414 = CARTESIAN_POINT ( 'NONE',  ( -52.31696664844522360, -70.35814263372674304, -9.586228600657610954 ) ) ;
#3415 = AXIS2_PLACEMENT_3D ( 'NONE', #95, #2870, #5645 ) ;
#3416 = CARTESIAN_POINT ( 'NONE',  ( -32.10800448670128304, 30.01824825240372263, -9.229531154199024812 ) ) ;
#3417 = CYLINDRICAL_SURFACE ( 'NONE', #8605, 3.999999999986288746 ) ;
#3418 = AXIS2_PLACEMENT_3D ( 'NONE', #3742, #7393, #8036 ) ;
#3419 = CARTESIAN_POINT ( 'NONE',  ( -32.10800448670235596, 20.00000000000003553, 23.41188284895664040 ) ) ;
#3420 = DIRECTION ( 'NONE',  ( -1.000000000000000000, 0.000000000000000000, 0.000000000000000000 ) ) ;
#3421 = CARTESIAN_POINT ( 'NONE',  ( 2.097093891126733389, -11.95424740068233582, 4.619096581676090274 ) ) ;
#3422 = CYLINDRICAL_SURFACE ( 'NONE', #2252, 8.000000000000000000 ) ;
#3423 = CARTESIAN_POINT ( 'NONE',  ( -55.12941402357115805, -72.52573217764572178, -10.63067176615691345 ) ) ;
#3424 = EDGE_CURVE ( 'NONE', #3354, #8123, #1432, .T. ) ;
#3425 = EDGE_CURVE ( 'NONE', #4328, #853, #4381, .T. ) ;
#3426 = CARTESIAN_POINT ( 'NONE',  ( -19.53084897349712534, -71.48596535551243392, -1.487612087655021398 ) ) ;
#3427 = CARTESIAN_POINT ( 'NONE',  ( -9.690366539410071312, -73.99017891930107282, -9.173888425634242338 ) ) ;
#3428 = CARTESIAN_POINT ( 'NONE',  ( -68.84242521823259153, -11.30564190846840056, 6.587664056172700455 ) ) ;
#3429 = VERTEX_POINT ( 'NONE', #9008 ) ;
#3430 = CARTESIAN_POINT ( 'NONE',  ( -54.38582182716304203, -59.70825128377504143, -10.82665346533800133 ) ) ;
#3431 = CARTESIAN_POINT ( 'NONE',  ( -44.93356296991328946, -121.6230729217454041, 2.411882848956653724 ) ) ;
#3432 = CARTESIAN_POINT ( 'NONE',  ( -11.69747377613024142, -1.114434116073174108, -0.3763680163895981035 ) ) ;
#3433 = CARTESIAN_POINT ( 'NONE',  ( 0.4756810109447593415, -13.83311594803764955, 0.4097513094876714668 ) ) ;
#3434 = LINE ( 'NONE', #6218, #8777 ) ;
#3435 = VECTOR ( 'NONE', #1341, 1000.000000000000000 ) ;
#3436 = DIRECTION ( 'NONE',  ( 0.000000000000000000, 0.000000000000000000, -1.000000000000000000 ) ) ;
#3437 = CARTESIAN_POINT ( 'NONE',  ( -64.69519070849985098, -7.547569973033553481, 7.189660626734403870 ) ) ;
#3438 = VERTEX_POINT ( 'NONE', #1211 ) ;
#3439 = CARTESIAN_POINT ( 'NONE',  ( -48.13813534582836695, 28.00000000000000000, 14.41188284895664573 ) ) ;
#3440 = EDGE_CURVE ( 'NONE', #6962, #2697, #6003, .T. ) ;
#3441 = CARTESIAN_POINT ( 'NONE',  ( -59.87877289704834993, -46.36256781396912885, -6.483230199538825289 ) ) ;
#3442 = AXIS2_PLACEMENT_3D ( 'NONE', #8254, #4738, #4053 ) ;
#3443 = CARTESIAN_POINT ( 'NONE',  ( 4.802718156983279307, -11.26165115270365469, 7.078900987542719569 ) ) ;
#3444 = CARTESIAN_POINT ( 'NONE',  ( -1.093158006437537466, -40.85762321149287146, -6.835688583148876063 ) ) ;
#3445 = AXIS2_PLACEMENT_3D ( 'NONE', #8843, #2268, #6328 ) ;
#3446 = ORIENTED_EDGE ( 'NONE', *, *, #3276, .T. ) ;
#3447 = EDGE_LOOP ( 'NONE', ( #614, #8923, #299, #4132, #7922, #6188 ) ) ;
#3448 = CARTESIAN_POINT ( 'NONE',  ( -34.69766719922253628, 8.064543016871802195, -10.69336903038242959 ) ) ;
#3449 = CIRCLE ( 'NONE', #4183, 3.500000000000003109 ) ;
#3450 = CARTESIAN_POINT ( 'NONE',  ( -12.64301572101357962, -63.88341233250316265, -9.816612166646942583 ) ) ;
#3451 = FACE_OUTER_BOUND ( 'NONE', #2076, .T. ) ;
#3452 = EDGE_CURVE ( 'NONE', #6709, #2141, #6910, .T. ) ;
#3453 = CARTESIAN_POINT ( 'NONE',  ( -19.53084897349712534, -71.48596535551243392, 26.41188284895664040 ) ) ;
#3454 = CARTESIAN_POINT ( 'NONE',  ( -58.44327395602620356, -75.17689087352120225, -9.459131753162381528 ) ) ;
#3455 = ORIENTED_EDGE ( 'NONE', *, *, #3187, .T. ) ;
#3456 = CARTESIAN_POINT ( 'NONE',  ( -3.125881052406425109, -76.49150565690450776, -8.133002568806309895 ) ) ;
#3457 = ORIENTED_EDGE ( 'NONE', *, *, #593, .T. ) ;
#3458 = DIRECTION ( 'NONE',  ( 0.000000000000000000, 0.000000000000000000, 1.000000000000000000 ) ) ;
#3459 = ORIENTED_EDGE ( 'NONE', *, *, #3159, .F. ) ;
#3460 = DIRECTION ( 'NONE',  ( 0.3922749854591616181, -0.9198479960205461214, 0.000000000000000000 ) ) ;
#3461 = CARTESIAN_POINT ( 'NONE',  ( -53.89793713419548027, -73.26792490446791817, -9.343803042726277042 ) ) ;
#3462 = CARTESIAN_POINT ( 'NONE',  ( 2.259831036370090196, 27.99999999999999645, 13.31269238314865966 ) ) ;
#3463 = CARTESIAN_POINT ( 'NONE',  ( -55.33020638049693218, 5.824125210302854683, 6.830692832384193558 ) ) ;
#3464 = CARTESIAN_POINT ( 'NONE',  ( -4.272056801143168769, -4.707518683843385787, 7.189660626734410975 ) ) ;
#3465 = AXIS2_PLACEMENT_3D ( 'NONE', #3158, #5221, #2391 ) ;
#3466 = CARTESIAN_POINT ( 'NONE',  ( 3.997390622997865961, -8.979291148111954612, 12.31803366949159262 ) ) ;
#3467 = DIRECTION ( 'NONE',  ( -0.000000000000000000, -0.000000000000000000, 1.000000000000000000 ) ) ;
#3468 = LINE ( 'NONE', #2786, #354 ) ;
#3469 = DIRECTION ( 'NONE',  ( -0.000000000000000000, -0.000000000000000000, 1.000000000000000000 ) ) ;
#3470 = CARTESIAN_POINT ( 'NONE',  ( -63.06190033242581450, -78.49020212239994976, -6.879092511004615496 ) ) ;
#3471 = VECTOR ( 'NONE', #1210, 1000.000000000000000 ) ;
#3472 = CARTESIAN_POINT ( 'NONE',  ( -10.93823471776920364, -58.35383117877394454, -9.457020655351888294 ) ) ;
#3473 = AXIS2_PLACEMENT_3D ( 'NONE', #696, #5574, #8322 ) ;
#3474 = FACE_OUTER_BOUND ( 'NONE', #3278, .T. ) ;
#3475 = CARTESIAN_POINT ( 'NONE',  ( -17.93300448670127878, -38.17822028544185997, 1.411882848956637293 ) ) ;
#3476 = ORIENTED_EDGE ( 'NONE', *, *, #1259, .F. ) ;
#3477 = CARTESIAN_POINT ( 'NONE',  ( -51.50179960332871332, -65.95946449595385275, -9.741795181210576970 ) ) ;
#3478 = DIRECTION ( 'NONE',  ( 0.000000000000000000, 0.000000000000000000, -1.000000000000000000 ) ) ;
#3479 = CARTESIAN_POINT ( 'NONE',  ( -3.862529449777628354, -31.43227590607190791, -6.225820033737380577 ) ) ;
#3480 = EDGE_CURVE ( 'NONE', #8778, #6258, #7506, .T. ) ;
#3481 = CARTESIAN_POINT ( 'NONE',  ( -32.10800448670127594, -28.67822028544097890, 18.41188284895663685 ) ) ;
#3482 = EDGE_CURVE ( 'NONE', #868, #774, #6514, .T. ) ;
#3483 = DIRECTION ( 'NONE',  ( -0.000000000000000000, -0.000000000000000000, 1.000000000000000000 ) ) ;
#3484 = DIRECTION ( 'NONE',  ( 1.000000000000000000, 0.000000000000000000, 0.000000000000000000 ) ) ;
#3485 = CARTESIAN_POINT ( 'NONE',  ( -39.71595144485596052, -27.99566464342863625, -13.22822741526793955 ) ) ;
#3486 = CARTESIAN_POINT ( 'NONE',  ( -53.07584744109676933, -64.69252623096514299, -11.11494721860240631 ) ) ;
#3487 = CARTESIAN_POINT ( 'NONE',  ( -7.944091458679065632, -56.97170306023298281, -10.28308804855532266 ) ) ;
#3488 = EDGE_LOOP ( 'NONE', ( #1763, #6995, #1073, #4996, #5403, #2580 ) ) ;
#3489 = EDGE_CURVE ( 'NONE', #1478, #2202, #8820, .T. ) ;
#3490 = CARTESIAN_POINT ( 'NONE',  ( -60.95218907291754817, -41.01915457047218894, -5.743242828722178395 ) ) ;
#3491 = EDGE_CURVE ( 'NONE', #5358, #508, #2881, .T. ) ;
#3492 = CARTESIAN_POINT ( 'NONE',  ( -12.28911708298917027, -61.86305466422457044, -9.750563283205163856 ) ) ;
#3493 = CARTESIAN_POINT ( 'NONE',  ( -21.18084897349712747, -71.48596535551243392, 8.411882848956651060 ) ) ;
#3494 = CARTESIAN_POINT ( 'NONE',  ( -55.25946979959572758, -72.44374742723971394, -10.59410230018332122 ) ) ;
#3495 = ORIENTED_EDGE ( 'NONE', *, *, #3748, .T. ) ;
#3496 = CARTESIAN_POINT ( 'NONE',  ( -11.39756511241409243, -71.77015370415253415, -9.602474075423081956 ) ) ;
#3497 = VERTEX_POINT ( 'NONE', #3443 ) ;
#3498 = LINE ( 'NONE', #626, #5874 ) ;
#3499 = EDGE_CURVE ( 'NONE', #5409, #4404, #1983, .T. ) ;
#3500 = ORIENTED_EDGE ( 'NONE', *, *, #5008, .T. ) ;
#3501 = CARTESIAN_POINT ( 'NONE',  ( -57.27695103813407229, -16.15077601643550764, -7.632205808191671714 ) ) ;
#3502 = CARTESIAN_POINT ( 'NONE',  ( -64.56472473748686980, -9.442840888187710391, 1.411882848957443537 ) ) ;
#3503 = CARTESIAN_POINT ( 'NONE',  ( -28.69030434926390427, -5.501181742548359566, -11.49693961631827932 ) ) ;
#3504 = ORIENTED_EDGE ( 'NONE', *, *, #2781, .F. ) ;
#3505 = CARTESIAN_POINT ( 'NONE',  ( -61.67952075961641611, -78.26439332519895231, -6.025110896574340735 ) ) ;
#3506 = AXIS2_PLACEMENT_3D ( 'NONE', #5876, #5241, #6560 ) ;
#3507 = CYLINDRICAL_SURFACE ( 'NONE', #6596, 1.649999999999991696 ) ;
#3508 = CARTESIAN_POINT ( 'NONE',  ( -29.45589063382860218, 23.00577017597177232, -7.949184381808612088 ) ) ;
#3509 = CYLINDRICAL_SURFACE ( 'NONE', #7197, 1.825000000000007283 ) ;
#3510 = CARTESIAN_POINT ( 'NONE',  ( 1.318278204706923251, -23.71291515840124120, -5.034381873899559601 ) ) ;
#3511 = CARTESIAN_POINT ( 'NONE',  ( -53.84874522143053355, -69.93490645614079426, -10.95328344957054512 ) ) ;
#3512 = CARTESIAN_POINT ( 'NONE',  ( -12.50045620506645427, -62.86628529505635044, -9.790540274920358499 ) ) ;
#3513 = CARTESIAN_POINT ( 'NONE',  ( -8.869814835835654776, 5.847672361420188203, 6.902047612166274604 ) ) ;
#3514 = ORIENTED_EDGE ( 'NONE', *, *, #2149, .F. ) ;
#3515 = DIRECTION ( 'NONE',  ( 1.000000000000000000, -0.000000000000000000, 0.000000000000000000 ) ) ;
#3516 = CARTESIAN_POINT ( 'NONE',  ( -51.69757512142861344, -67.93940476681925134, -9.706680825386293066 ) ) ;
#3517 = CARTESIAN_POINT ( 'NONE',  ( -44.40488936137643350, -121.3587361174772496, 0.4072801454218472617 ) ) ;
#3518 = DIRECTION ( 'NONE',  ( -0.000000000000000000, -0.000000000000000000, 1.000000000000000000 ) ) ;
#3519 = CARTESIAN_POINT ( 'NONE',  ( -24.75639080434266148, -5.191542944638278811, -10.90250720110380733 ) ) ;
#3520 =( NAMED_UNIT ( * ) PLANE_ANGLE_UNIT ( ) SI_UNIT ( $, .RADIAN. ) );
#3521 = CARTESIAN_POINT ( 'NONE',  ( -36.07937960030485414, 28.00000000000000711, -5.863561615741649469 ) ) ;
#3522 = CARTESIAN_POINT ( 'NONE',  ( -32.10800448670241281, 5.000000000000024869, 26.41188284895664395 ) ) ;
#3523 = CARTESIAN_POINT ( 'NONE',  ( -53.44190802939106533, -62.29208359810580475, -11.04149933020983099 ) ) ;
#3524 = DIRECTION ( 'NONE',  ( 0.000000000000000000, 0.000000000000000000, -1.000000000000000000 ) ) ;
#3525 = VERTEX_POINT ( 'NONE', #5399 ) ;
#3526 = CARTESIAN_POINT ( 'NONE',  ( -54.06800945040136241, 0.6810730460595836311, 2.726617157244324297 ) ) ;
#3527 = AXIS2_PLACEMENT_3D ( 'NONE', #5537, #8415, #109 ) ;
#3528 = CARTESIAN_POINT ( 'NONE',  ( -12.00596739927084577, -60.87441217633084278, -9.694328159261596412 ) ) ;
#3529 = AXIS2_PLACEMENT_3D ( 'NONE', #6622, #5117, #6573 ) ;
#3530 = ADVANCED_FACE ( 'NONE', ( #8329 ), #661, .F. ) ;
#3531 = EDGE_CURVE ( 'NONE', #8967, #1583, #6287, .T. ) ;
#3532 = FACE_OUTER_BOUND ( 'NONE', #1473, .T. ) ;
#3533 = AXIS2_PLACEMENT_3D ( 'NONE', #1691, #2505, #7298 ) ;
#3534 = CARTESIAN_POINT ( 'NONE',  ( -58.98428917966602114, -75.50145629878427656, -9.218258255607583607 ) ) ;
#3535 = ORIENTED_EDGE ( 'NONE', *, *, #7838, .F. ) ;
#3536 = CARTESIAN_POINT ( 'NONE',  ( -10.58885573442478112, -72.92763339650980470, -9.412829122536185977 ) ) ;
#3537 = EDGE_LOOP ( 'NONE', ( #3990, #29 ) ) ;
#3538 = CARTESIAN_POINT ( 'NONE',  ( -5.591025987999211466, -75.28945165821689045, -9.379875448456461484 ) ) ;
#3539 = VERTEX_POINT ( 'NONE', #7078 ) ;
#3540 = CARTESIAN_POINT ( 'NONE',  ( -61.92429345009310993, -24.34303625299036611, -7.632205808191684149 ) ) ;
#3541 = AXIS2_PLACEMENT_3D ( 'NONE', #6160, #1288, #3231 ) ;
#3542 = CARTESIAN_POINT ( 'NONE',  ( -54.95037796123830987, -74.42762016212765275, -9.049671183109857964 ) ) ;
#3543 = PLANE ( 'NONE',  #8959 ) ;
#3544 = B_SPLINE_CURVE_WITH_KNOTS ( 'NONE', 3,
 ( #2621, #3448, #7598, #527, #1263, #5585, #8241, #3991, #2033, #572, #3307, #4816, #6862, #1988 ),
 .UNSPECIFIED., .F., .F.,
 ( 4, 2, 2, 2, 2, 2, 4 ),
 ( 0.02126108368001711907, 0.02220503778317210394, 0.02267701483474958771, 0.02314899188632707147, 0.02409294598948204247, 0.02456492304105952623, 0.02503690009263700653 ),
 .UNSPECIFIED. ) ;
#3545 = EDGE_CURVE ( 'NONE', #130, #7881, #7731, .T. ) ;
#3546 = ORIENTED_EDGE ( 'NONE', *, *, #606, .F. ) ;
#3547 = VECTOR ( 'NONE', #5384, 1000.000000000000000 ) ;
#3548 = CARTESIAN_POINT ( 'NONE',  ( -60.80352058202061727, -78.00499697325179227, -6.545889275419616737 ) ) ;
#3549 = CARTESIAN_POINT ( 'NONE',  ( 4.029134890396676383, -8.890542982085522183, 14.26224316007785298 ) ) ;
#3550 = CARTESIAN_POINT ( 'NONE',  ( -28.13240042098446381, 20.51187581772837731, -8.113404917213948409 ) ) ;
#3551 = FACE_BOUND ( 'NONE', #8808, .T. ) ;
#3552 = CARTESIAN_POINT ( 'NONE',  ( -34.09572182924462425, -9.067429837037419560, -8.830925432338688097 ) ) ;
#3553 = EDGE_CURVE ( 'NONE', #9012, #7175, #951, .T. ) ;
#3554 = CARTESIAN_POINT ( 'NONE',  ( 1.157472594550126965, -6.760931055914121579, 14.98146614425238177 ) ) ;
#3555 = AXIS2_PLACEMENT_3D ( 'NONE', #4204, #175, #2828 ) ;
#3556 = CARTESIAN_POINT ( 'NONE',  ( -9.257592143599435275, 4.924212380069601380, 5.321819708351404721 ) ) ;
#3557 = ORIENTED_EDGE ( 'NONE', *, *, #1384, .F. ) ;
#3558 = CARTESIAN_POINT ( 'NONE',  ( -51.79074113903471499, -68.42806057773042028, -9.689401015726810229 ) ) ;
#3559 = DIRECTION ( 'NONE',  ( -0.000000000000000000, -0.000000000000000000, 1.000000000000000000 ) ) ;
#3560 = CARTESIAN_POINT ( 'NONE',  ( -11.28244600348923043, -78.75818478260566735, 26.41188284895662619 ) ) ;
#3561 = CARTESIAN_POINT ( 'NONE',  ( -22.31564462785595993, -8.422216183421621594, -7.657832025973064560 ) ) ;
#3562 = DIRECTION ( 'NONE',  ( 0.000000000000000000, 0.000000000000000000, 1.000000000000000000 ) ) ;
#3563 = CARTESIAN_POINT ( 'NONE',  ( -33.18048378240998630, 16.13690926944382653, -9.832830609324064497 ) ) ;
#3564 = DIRECTION ( 'NONE',  ( -0.000000000000000000, -0.000000000000000000, 1.000000000000000000 ) ) ;
#3565 = CARTESIAN_POINT ( 'NONE',  ( -53.74671347187532433, -69.64534470547596356, -10.97603926084184423 ) ) ;
#3566 = CARTESIAN_POINT ( 'NONE',  ( -46.01837298987280889, -6.725932269277715037, -6.077150405430958635 ) ) ;
#3567 = EDGE_LOOP ( 'NONE', ( #3853, #7471, #4143, #4725 ) ) ;
#3568 = AXIS2_PLACEMENT_3D ( 'NONE', #6590, #5229, #4544 ) ;
#3569 = FACE_BOUND ( 'NONE', #6679, .T. ) ;
#3570 = FACE_OUTER_BOUND ( 'NONE', #6185, .T. ) ;
#3571 = EDGE_LOOP ( 'NONE', ( #1025, #7722, #8111, #8407 ) ) ;
#3572 = CARTESIAN_POINT ( 'NONE',  ( -7.022754951606443363, -77.22526958519451057, -8.212557351639048875 ) ) ;
#3573 = AXIS2_PLACEMENT_3D ( 'NONE', #6647, #5233, #5189 ) ;
#3574 = AXIS2_PLACEMENT_3D ( 'NONE', #3462, #2050, #4694 ) ;
#3575 = CARTESIAN_POINT ( 'NONE',  ( -37.10800448670125462, -38.17822028544185997, 1.411882848956637293 ) ) ;
#3576 = CARTESIAN_POINT ( 'NONE',  ( 2.986926530225565202, -12.28110893692107908, 3.689585450722059345 ) ) ;
#3577 = EDGE_LOOP ( 'NONE', ( #939, #1054 ) ) ;
#3578 = CARTESIAN_POINT ( 'NONE',  ( -0.3632357952573392335, -77.24293669574029764, -6.304376048064503024 ) ) ;
#3579 = ORIENTED_EDGE ( 'NONE', *, *, #5648, .T. ) ;
#3580 = DIRECTION ( 'NONE',  ( 0.000000000000000000, 0.000000000000000000, -1.000000000000000000 ) ) ;
#3581 = CARTESIAN_POINT ( 'NONE',  ( -60.26991503098392400, -50.70911158521410300, -8.586036274701548621 ) ) ;
#3582 = EDGE_CURVE ( 'NONE', #342, #6091, #7125, .T. ) ;
#3583 = EDGE_CURVE ( 'NONE', #8975, #3803, #6604, .T. ) ;
#3584 = VERTEX_POINT ( 'NONE', #2468 ) ;
#3585 = DIRECTION ( 'NONE',  ( 0.3922749854591616736, -0.9198479960205461214, 0.000000000000000000 ) ) ;
#3586 = FACE_OUTER_BOUND ( 'NONE', #3897, .T. ) ;
#3587 = DIRECTION ( 'NONE',  ( -1.000000000000000000, 0.000000000000000000, 0.000000000000000000 ) ) ;
#3588 = ORIENTED_EDGE ( 'NONE', *, *, #1820, .T. ) ;
#3589 = CARTESIAN_POINT ( 'NONE',  ( -61.53458866444134401, -78.22547913436629585, -6.114335549198663067 ) ) ;
#3590 = CARTESIAN_POINT ( 'NONE',  ( -35.08494420206545783, -9.154198561699690373, -8.769200534723752938 ) ) ;
#3591 = ADVANCED_FACE ( 'NONE', ( #8720, #966, #5934, #3702, #4484, #5298, #2425, #3881 ), #3746, .T. ) ;
#3592 = CARTESIAN_POINT ( 'NONE',  ( -25.24091914841804751, -29.48613494715874239, -13.22822741526793955 ) ) ;
#3593 = CARTESIAN_POINT ( 'NONE',  ( -33.75800448670126741, -104.8580868800252546, 8.411882848956651060 ) ) ;
#3594 = CARTESIAN_POINT ( 'NONE',  ( -42.91858867808181088, -29.19263609406135629, -13.22822741526793955 ) ) ;
#3595 = CARTESIAN_POINT ( 'NONE',  ( -12.70574903119918986, -64.74227283104326602, -9.827845766184244880 ) ) ;
#3596 = AXIS2_PLACEMENT_3D ( 'NONE', #4267, #1480, #6318 ) ;
#3597 = AXIS2_PLACEMENT_3D ( 'NONE', #5080, #7869, #1615 ) ;
#3598 = CARTESIAN_POINT ( 'NONE',  ( -62.65031982270483013, -43.70056520304806469, -7.161521492928240917 ) ) ;
#3599 = ORIENTED_EDGE ( 'NONE', *, *, #2933, .F. ) ;
#3600 = CARTESIAN_POINT ( 'NONE',  ( -56.66088611547913700, -76.78418867099168210, -8.331954134604966811 ) ) ;
#3601 = DIRECTION ( 'NONE',  ( 1.000000000000000000, 0.000000000000000000, 0.000000000000000000 ) ) ;
#3602 = CARTESIAN_POINT ( 'NONE',  ( -35.60800448670127594, -87.85808688002525457, 18.97988941962054099 ) ) ;
#3603 = CARTESIAN_POINT ( 'NONE',  ( -17.86975868176395466, -6.541649840869346200, -5.908873142989345517 ) ) ;
#3604 = EDGE_CURVE ( 'NONE', #7873, #4361, #5743, .T. ) ;
#3605 = CIRCLE ( 'NONE', #9010, 1.649999999999998579 ) ;
#3606 = DIRECTION ( 'NONE',  ( -0.000000000000000000, -0.000000000000000000, 1.000000000000000000 ) ) ;
#3607 = CARTESIAN_POINT ( 'NONE',  ( -19.28244600348924465, -78.75818478260570998, 8.411882848956651060 ) ) ;
#3608 =( BOUNDED_CURVE ( )  B_SPLINE_CURVE ( 3, ( #1641, #862, #5106, #7069 ),
 .UNSPECIFIED., .F., .F. ) 
 B_SPLINE_CURVE_WITH_KNOTS ( ( 4, 4 ),
 ( 4.712388980384688786, 5.479272217326817795 ),
 .UNSPECIFIED. ) 
 CURVE ( )  GEOMETRIC_REPRESENTATION_ITEM ( )  RATIONAL_B_SPLINE_CURVE ( ( 1.000000000000000000, 0.9515883809791330084, 0.9515883809791330084, 1.000000000000000000 ) ) 
 REPRESENTATION_ITEM ( '' )  );
#3609 = CARTESIAN_POINT ( 'NONE',  ( -8.620182923869469604, -55.01606375513447489, -8.751307907759176885 ) ) ;
#3610 = ORIENTED_EDGE ( 'NONE', *, *, #755, .F. ) ;
#3611 = CARTESIAN_POINT ( 'NONE',  ( -1.366891688319124665, -16.32893982861559579, -2.789495059359307305 ) ) ;
#3612 = PLANE ( 'NONE',  #3963 ) ;
#3613 = ORIENTED_EDGE ( 'NONE', *, *, #4282, .T. ) ;
#3614 = DIRECTION ( 'NONE',  ( 0.000000000000000000, 0.000000000000000000, 1.000000000000000000 ) ) ;
#3615 = FACE_OUTER_BOUND ( 'NONE', #3365, .T. ) ;
#3616 = ORIENTED_EDGE ( 'NONE', *, *, #4998, .F. ) ;
#3617 = CARTESIAN_POINT ( 'NONE',  ( -6.239440603775634031, -77.80398235430075715, -7.887621159609545352 ) ) ;
#3618 = CARTESIAN_POINT ( 'NONE',  ( -68.95480391512354856, -11.18590230114061157, 7.079884893669476931 ) ) ;
#3619 = CARTESIAN_POINT ( 'NONE',  ( -57.57939395488256906, -74.58723215218626024, -9.813466420867918316 ) ) ;
#3620 = ORIENTED_EDGE ( 'NONE', *, *, #1856, .T. ) ;
#3621 = B_SPLINE_CURVE_WITH_KNOTS ( 'NONE', 3,
 ( #1471, #7648, #7732, #7036, #1635, #4221, #6516, #3046, #2321, #3001, #745, #4813, #784, #3444, #1438, #275, #6959, #2121, #6268, #7595, #6308, #4426, #7202, #69, #3687, #1344, #228, #4905, #5782, #8576, #4130, #706, #6911, #8330, #663, #7696, #9009, #2760, #2074, #5539, #4861, #1395, #4180, #3487 ),
 .UNSPECIFIED., .F., .F.,
 ( 4, 2, 2, 2, 2, 2, 2, 2, 2, 2, 2, 2, 2, 2, 2, 2, 2, 2, 2, 2, 2, 4 ),
 ( 0.000000000000000000, 0.1249999999999999167, 0.1874999999999999445, 0.2499999999999999722, 0.2812500000000000555, 0.3125000000000000000, 0.3437499999999999445, 0.3750000000000000000, 0.4375000000000000555, 0.5000000000000000000, 0.5625000000000000000, 0.5937499999999998890, 0.6250000000000000000, 0.6562500000000001110, 0.6875000000000000000, 0.7500000000000000000, 0.8124999999999998890, 0.8750000000000000000, 0.9062500000000000000, 0.9375000000000000000, 0.9687500000000000000, 1.000000000000000000 ),
 .UNSPECIFIED. ) ;
#3622 = CARTESIAN_POINT ( 'NONE',  ( -3.681001911168029661, -76.27167127788402468, -8.444593778124438899 ) ) ;
#3623 = ORIENTED_EDGE ( 'NONE', *, *, #6825, .F. ) ;
#3624 = DIRECTION ( 'NONE',  ( -1.000000000000000000, 0.000000000000000000, 0.000000000000000000 ) ) ;
#3625 = EDGE_LOOP ( 'NONE', ( #301, #7095, #1840, #7049, #3110 ) ) ;
#3626 = FACE_BOUND ( 'NONE', #3537, .T. ) ;
#3627 = CARTESIAN_POINT ( 'NONE',  ( -56.51584144436269952, -75.77075492684937785, -8.528407752777379613 ) ) ;
#3628 = DIRECTION ( 'NONE',  ( 0.000000000000000000, 0.000000000000000000, -1.000000000000000000 ) ) ;
#3629 = B_SPLINE_CURVE_WITH_KNOTS ( 'NONE', 1,
 ( #4744, #5517 ),
 .UNSPECIFIED., .F., .F.,
 ( 2, 2 ),
 ( 0.000000000000000000, 1.000000000000000000 ),
 .UNSPECIFIED. ) ;
#3630 = EDGE_LOOP ( 'NONE', ( #4625, #5625, #1169, #171 ) ) ;
#3631 = CARTESIAN_POINT ( 'NONE',  ( -61.96763106344118910, -78.33721805943332583, -5.843996740022193492 ) ) ;
#3632 = DIRECTION ( 'NONE',  ( -0.3922749854591616736, 0.9198479960205461214, 0.000000000000000000 ) ) ;
#3633 = B_SPLINE_CURVE_WITH_KNOTS ( 'NONE', 3,
 ( #4505, #7836, #2447, #7282, #889, #3671, #5183, #6546, #5769, #4545, #6458, #3855, #3808, #2943, #5722, #305 ),
 .UNSPECIFIED., .F., .F.,
 ( 4, 2, 2, 2, 2, 2, 2, 4 ),
 ( 1.084202172485504434E-19, 0.0003931920339628199143, 0.0007863840679256397202, 0.001572768135851284645, 0.001965960169814109492, 0.002359152203776934340, 0.002752344237739759187, 0.003145536271702584468 ),
 .UNSPECIFIED. ) ;
#3634 = ORIENTED_EDGE ( 'NONE', *, *, #189, .T. ) ;
#3635 = CARTESIAN_POINT ( 'NONE',  ( 1.283458269007758279, -63.75818478260569577, -1.588117151043349606 ) ) ;
#3636 = CARTESIAN_POINT ( 'NONE',  ( -34.64213081907679737, -9.115357512064433010, -8.792177366502478719 ) ) ;
#3637 = CARTESIAN_POINT ( 'NONE',  ( -44.68515999990541587, -71.48596535551243392, 8.411882848956651060 ) ) ;
#3638 = CARTESIAN_POINT ( 'NONE',  ( -1.428852077679973354, -21.13719061345403460, -6.776438828345501264 ) ) ;
#3639 = CIRCLE ( 'NONE', #303, 1.649999999999998579 ) ;
#3640 = ADVANCED_FACE ( 'NONE', ( #7996 ), #3147, .F. ) ;
#3641 = EDGE_CURVE ( 'NONE', #1356, #5151, #2438, .T. ) ;
#3642 = B_SPLINE_CURVE_WITH_KNOTS ( 'NONE', 3,
 ( #1254, #2571, #4673, #5441, #5397, #4031, #3347, #6856, #8911, #3984, #8048, #2615, #426, #7456, #610, #3934, #5352, #3247, #1796, #6765, #7411, #7549, #1208, #6719, #4580, #8187, #1116, #1932, #8234, #519, #469, #3203, #5985, #3300 ),
 .UNSPECIFIED., .F., .F.,
 ( 4, 2, 2, 2, 2, 2, 2, 2, 2, 2, 2, 2, 2, 2, 2, 2, 4 ),
 ( 0.000000000000000000, 0.1249999999999999722, 0.2499999999999999445, 0.3125000000000000000, 0.3750000000000000555, 0.4062500000000000000, 0.4375000000000000000, 0.5000000000000000000, 0.5625000000000000000, 0.6250000000000000000, 0.6562499999999998890, 0.6875000000000000000, 0.7187500000000000000, 0.7500000000000001110, 0.8125000000000000000, 0.8750000000000000000, 1.000000000000000000 ),
 .UNSPECIFIED. ) ;
#3643 = CARTESIAN_POINT ( 'NONE',  ( -62.38251891618518385, -31.13878796980499786, -7.338922577522364321 ) ) ;
#3644 = ORIENTED_EDGE ( 'NONE', *, *, #7847, .T. ) ;
#3645 = CARTESIAN_POINT ( 'NONE',  ( -57.14772133105986285, -77.18907214796672633, -8.143578834665543553 ) ) ;
#3646 = CARTESIAN_POINT ( 'NONE',  ( -41.90150333979774899, -38.17822028544185997, 1.411882848956637293 ) ) ;
#3647 = CARTESIAN_POINT ( 'NONE',  ( -28.60800448670127238, -94.85808688002525457, 13.26290989078527360 ) ) ;
#3648 = CARTESIAN_POINT ( 'NONE',  ( -27.50890963510671483, -5.488507511776287373, -11.37902689481929563 ) ) ;
#3649 = CARTESIAN_POINT ( 'NONE',  ( -35.97859622720753947, 18.95769268580375311, -8.520042168933196436 ) ) ;
#3650 = CARTESIAN_POINT ( 'NONE',  ( -68.72526448389811549, -11.45634118619160446, 5.997268753344270564 ) ) ;
#3651 = CARTESIAN_POINT ( 'NONE',  ( -9.274432819820168206, -55.88464128429193778, -8.994395003822807766 ) ) ;
#3652 = ORIENTED_EDGE ( 'NONE', *, *, #3135, .T. ) ;
#3653 = CARTESIAN_POINT ( 'NONE',  ( 0.01885410408965907184, -14.37629089847903252, -0.4548266204867985052 ) ) ;
#3654 = EDGE_CURVE ( 'NONE', #2697, #5364, #2333, .T. ) ;
#3655 = DIRECTION ( 'NONE',  ( -0.000000000000000000, -0.000000000000000000, 1.000000000000000000 ) ) ;
#3656 = ORIENTED_EDGE ( 'NONE', *, *, #464, .F. ) ;
#3657 = CARTESIAN_POINT ( 'NONE',  ( -59.63115227846510180, -47.14198139463118054, -6.641586488573691049 ) ) ;
#3658 = CARTESIAN_POINT ( 'NONE',  ( -29.95800448670241067, 5.000000000000024869, 23.41188284895664040 ) ) ;
#3659 = ORIENTED_EDGE ( 'NONE', *, *, #7379, .F. ) ;
#3660 = CARTESIAN_POINT ( 'NONE',  ( 0.08636689635479233296, -80.29490700216608445, -4.091931020478972947 ) ) ;
#3661 = CARTESIAN_POINT ( 'NONE',  ( -2.022853567091130955, -29.99437893754755891, -7.461782126632242829 ) ) ;
#3662 = ADVANCED_FACE ( 'NONE', ( #371 ), #1740, .F. ) ;
#3663 = LINE ( 'NONE', #2437, #3832 ) ;
#3664 = VERTEX_POINT ( 'NONE', #1787 ) ;
#3665 = CARTESIAN_POINT ( 'NONE',  ( -4.830742934637799912, -77.45908240517316301, -7.301769946770422237 ) ) ;
#3666 = ORIENTED_EDGE ( 'NONE', *, *, #4508, .F. ) ;
#3667 = CIRCLE ( 'NONE', #5129, 1.650000000000002132 ) ;
#3668 = CARTESIAN_POINT ( 'NONE',  ( -60.02426681002151554, -24.14123902736935889, -6.365041804150734173 ) ) ;
#3669 = ORIENTED_EDGE ( 'NONE', *, *, #7838, .T. ) ;
#3670 = FACE_BOUND ( 'NONE', #5915, .T. ) ;
#3671 = CARTESIAN_POINT ( 'NONE',  ( 0.2472960123097155682, -6.236291216367710000, 13.44644788734392193 ) ) ;
#3672 = DIRECTION ( 'NONE',  ( 0.000000000000000000, 0.000000000000000000, 1.000000000000000000 ) ) ;
#3673 = CIRCLE ( 'NONE', #6884, 1.825000000000000178 ) ;
#3674 = AXIS2_PLACEMENT_3D ( 'NONE', #3739, #5690, #2325 ) ;
#3675 = ORIENTED_EDGE ( 'NONE', *, *, #3583, .F. ) ;
#3676 = VECTOR ( 'NONE', #8723, 1000.000000000000114 ) ;
#3677 = CARTESIAN_POINT ( 'NONE',  ( -57.00181452087436895, -74.14328707167165078, -10.03199346783785906 ) ) ;
#3678 = VECTOR ( 'NONE', #2197, 1000.000000000000000 ) ;
#3679 = CARTESIAN_POINT ( 'NONE',  ( -45.32560885246188320, -7.088910275912648551, -6.409039566769064500 ) ) ;
#3680 = EDGE_LOOP ( 'NONE', ( #8920, #7515, #8015, #5159 ) ) ;
#3681 = CARTESIAN_POINT ( 'NONE',  ( -29.73478355573170617, 35.40891975365315858, 1.411882848956637293 ) ) ;
#3682 = FACE_BOUND ( 'NONE', #4092, .T. ) ;
#3683 = CARTESIAN_POINT ( 'NONE',  ( 0.4756810109447593415, -13.83311594803764955, -13.22822741526793777 ) ) ;
#3684 = CARTESIAN_POINT ( 'NONE',  ( -2.370851058929277944, -18.15627884163624728, -4.274530799939604719 ) ) ;
#3685 = AXIS2_PLACEMENT_3D ( 'NONE', #2324, #540, #5105 ) ;
#3686 = AXIS2_PLACEMENT_3D ( 'NONE', #3917, #8125, #1285 ) ;
#3687 = CARTESIAN_POINT ( 'NONE',  ( -2.670650981670158242, -47.83456829950484490, -7.865009228502301220 ) ) ;
#3688 = FACE_OUTER_BOUND ( 'NONE', #6501, .T. ) ;
#3689 = EDGE_LOOP ( 'NONE', ( #4954, #1579 ) ) ;
#3690 = DIRECTION ( 'NONE',  ( 1.000000000000000000, 0.000000000000000000, 0.000000000000000000 ) ) ;
#3691 = CARTESIAN_POINT ( 'NONE',  ( -19.53084897349712534, -71.48596535551243392, -1.588117151043349606 ) ) ;
#3692 = CARTESIAN_POINT ( 'NONE',  ( -32.10800448670126883, -94.85808688002525457, -1.487612087655021398 ) ) ;
#3693 = CARTESIAN_POINT ( 'NONE',  ( -21.52142580717916331, -8.176660512422426308, -7.419413487110916527 ) ) ;
#3694 = VECTOR ( 'NONE', #2530, 1000.000000000000227 ) ;
#3695 = EDGE_CURVE ( 'NONE', #1831, #7525, #7951, .T. ) ;
#3696 = CARTESIAN_POINT ( 'NONE',  ( -31.52550904839367263, 28.00000000000000711, -6.734588541241344650 ) ) ;
#3697 = ADVANCED_FACE ( 'NONE', ( #8587 ), #1699, .F. ) ;
#3698 = CARTESIAN_POINT ( 'NONE',  ( -66.85861375730733869, -13.65611188033819623, 0.3433472010012478814 ) ) ;
#3699 = CIRCLE ( 'NONE', #7347, 1.825000000000003730 ) ;
#3700 = CARTESIAN_POINT ( 'NONE',  ( -28.10800448671606588, 20.00000000000003553, -6.588117151043349828 ) ) ;
#3701 = VERTEX_POINT ( 'NONE', #5797 ) ;
#3702 = FACE_BOUND ( 'NONE', #1573, .T. ) ;
#3703 = CARTESIAN_POINT ( 'NONE',  ( -36.08660816274147010, -43.98182396148199302, -13.22822741526793955 ) ) ;
#3704 = ORIENTED_EDGE ( 'NONE', *, *, #5931, .T. ) ;
#3705 = CARTESIAN_POINT ( 'NONE',  ( -35.60800448670127594, -84.85808688002525457, -1.487612087655021398 ) ) ;
#3706 = FACE_BOUND ( 'NONE', #4687, .T. ) ;
#3707 = AXIS2_PLACEMENT_3D ( 'NONE', #4389, #7161, #1468 ) ;
#3708 = CARTESIAN_POINT ( 'NONE',  ( 9.922126372425791985, -12.00000000000001421, 14.41188284895664573 ) ) ;
#3709 = EDGE_CURVE ( 'NONE', #130, #757, #4572, .T. ) ;
#3710 = EDGE_LOOP ( 'NONE', ( #5541, #8603, #4408, #3476 ) ) ;
#3711 = CARTESIAN_POINT ( 'NONE',  ( -48.40150333979774899, -38.17822028544185997, 1.411882848956637293 ) ) ;
#3712 = DIRECTION ( 'NONE',  ( 0.000000000000000000, 0.000000000000000000, -1.000000000000000000 ) ) ;
#3713 = CARTESIAN_POINT ( 'NONE',  ( -32.10800448670127594, -47.67822028544098600, 18.41188284895663685 ) ) ;
#3714 = LINE ( 'NONE', #5808, #988 ) ;
#3715 = ORIENTED_EDGE ( 'NONE', *, *, #4820, .T. ) ;
#3716 = CARTESIAN_POINT ( 'NONE',  ( -60.35347952362491242, -31.43227590607191502, -6.166663595417412935 ) ) ;
#3717 = ORIENTED_EDGE ( 'NONE', *, *, #6179, .F. ) ;
#3718 = DIRECTION ( 'NONE',  ( 0.000000000000000000, 1.000000000000000000, 0.000000000000000000 ) ) ;
#3719 = ADVANCED_FACE ( 'NONE', ( #7904 ), #3895, .T. ) ;
#3720 = VERTEX_POINT ( 'NONE', #7215 ) ;
#3721 = AXIS2_PLACEMENT_3D ( 'NONE', #6058, #4148, #4648 ) ;
#3722 = CARTESIAN_POINT ( 'NONE',  ( -9.992961728434394786, -60.27553724174580196, -10.86613496801612833 ) ) ;
#3723 = CARTESIAN_POINT ( 'NONE',  ( -62.38251891618518385, -31.13878796980499786, -7.338922577522364321 ) ) ;
#3724 = CARTESIAN_POINT ( 'NONE',  ( -22.50185603008405621, -4.651445939741029711, -10.25442670766140729 ) ) ;
#3725 = VERTEX_POINT ( 'NONE', #4069 ) ;
#3726 = CIRCLE ( 'NONE', #960, 2.149999999999999023 ) ;
#3727 = LINE ( 'NONE', #945, #8325 ) ;
#3728 = B_SPLINE_CURVE_WITH_KNOTS ( 'NONE', 3,
 ( #8091, #7359, #7957, #8635, #8001, #378, #971, #7406, #1111, #1791, #6670, #2385 ),
 .UNSPECIFIED., .F., .F.,
 ( 4, 2, 2, 2, 2, 4 ),
 ( 0.000000000000000000, 0.0006954187840910178641, 0.001390837568182035728, 0.002086256352273053484, 0.002433965744318581335, 0.002781675136364109187 ),
 .UNSPECIFIED. ) ;
#3729 = CARTESIAN_POINT ( 'NONE',  ( -32.10800448670126883, -114.8580868800252404, -1.588117151043349606 ) ) ;
#3730 = VERTEX_POINT ( 'NONE', #1292 ) ;
#3731 = LINE ( 'NONE', #3041, #3126 ) ;
#3732 = CARTESIAN_POINT ( 'NONE',  ( -52.93356296991329657, -86.75818478260559630, -1.588117151043349606 ) ) ;
#3733 = AXIS2_PLACEMENT_3D ( 'NONE', #6531, #5802, #2340 ) ;
#3734 = DIRECTION ( 'NONE',  ( -0.000000000000000000, -0.000000000000000000, 1.000000000000000000 ) ) ;
#3735 = CARTESIAN_POINT ( 'NONE',  ( -1.309599320083412621, -20.74923089882721072, -6.619998265615508082 ) ) ;
#3736 = CARTESIAN_POINT ( 'NONE',  ( -35.60800448670127594, -101.8580868800252546, 7.545930361950008880 ) ) ;
#3737 = CARTESIAN_POINT ( 'NONE',  ( -8.806692875869622128, 5.925776957490993091, 7.189660582010716006 ) ) ;
#3738 = EDGE_LOOP ( 'NONE', ( #2393, #7743, #214, #5887 ) ) ;
#3739 = CARTESIAN_POINT ( 'NONE',  ( -32.10800448670126883, -84.85808688002525457, 8.411882848956651060 ) ) ;
#3740 = FACE_OUTER_BOUND ( 'NONE', #7124, .T. ) ;
#3741 = DIRECTION ( 'NONE',  ( 0.000000000000000000, 0.000000000000000000, -1.000000000000000000 ) ) ;
#3742 = CARTESIAN_POINT ( 'NONE',  ( -32.10800448670235596, 20.00000000000003553, 23.41188284895664040 ) ) ;
#3743 = CARTESIAN_POINT ( 'NONE',  ( -36.10800448672304697, 20.00000000000003553, 23.41188284895664040 ) ) ;
#3744 = CARTESIAN_POINT ( 'NONE',  ( -22.75875283262546844, -119.8849195071804985, -1.588117151043349162 ) ) ;
#3745 = ORIENTED_EDGE ( 'NONE', *, *, #850, .F. ) ;
#3746 = PLANE ( 'NONE',  #260 ) ;
#3747 = CARTESIAN_POINT ( 'NONE',  ( -3.967674143699631006, -45.03420245109225561, -6.298496871064093838 ) ) ;
#3748 = EDGE_CURVE ( 'NONE', #7156, #7665, #3161, .T. ) ;
#3749 = ORIENTED_EDGE ( 'NONE', *, *, #7511, .F. ) ;
#3750 = DIRECTION ( 'NONE',  ( -0.000000000000000000, -0.000000000000000000, 1.000000000000000000 ) ) ;
#3751 = AXIS2_PLACEMENT_3D ( 'NONE', #1832, #285, #1056 ) ;
#3752 = DIRECTION ( 'NONE',  ( -0.000000000000000000, -0.000000000000000000, 1.000000000000000000 ) ) ;
#3753 = DIRECTION ( 'NONE',  ( 0.8583439052881717268, -0.5130747901180198189, -0.000000000000000000 ) ) ;
#3754 = CARTESIAN_POINT ( 'NONE',  ( -33.75800448670126741, -114.8580868800252404, 26.41188284895664040 ) ) ;
#3755 = ORIENTED_EDGE ( 'NONE', *, *, #3582, .T. ) ;
#3756 = CARTESIAN_POINT ( 'NONE',  ( -30.45800448670127381, -104.8580868800252546, -1.588117151043349606 ) ) ;
#3757 = CARTESIAN_POINT ( 'NONE',  ( -30.66163634918742531, -78.04525164055847597, 26.41188284895664040 ) ) ;
#3758 = CARTESIAN_POINT ( 'NONE',  ( -9.303107632081655254, -72.00381860522337263, -10.69000431617514479 ) ) ;
#3759 = DIRECTION ( 'NONE',  ( 0.000000000000000000, 0.000000000000000000, 1.000000000000000000 ) ) ;
#3760 = EDGE_CURVE ( 'NONE', #1031, #4814, #6846, .T. ) ;
#3761 = ORIENTED_EDGE ( 'NONE', *, *, #1328, .F. ) ;
#3762 = EDGE_CURVE ( 'NONE', #3701, #7067, #1569, .T. ) ;
#3763 = CARTESIAN_POINT ( 'NONE',  ( -74.13813534582835985, -22.21112135110120533, 25.11188284895660061 ) ) ;
#3764 = ORIENTED_EDGE ( 'NONE', *, *, #7963, .F. ) ;
#3765 = CARTESIAN_POINT ( 'NONE',  ( -30.43036396082703376, -5.444666152247016555, -11.58810995249958964 ) ) ;
#3766 = VERTEX_POINT ( 'NONE', #8949 ) ;
#3767 = CARTESIAN_POINT ( 'NONE',  ( -9.589892013896340828, -59.42922635860136182, -10.76572351634447067 ) ) ;
#3768 = CARTESIAN_POINT ( 'NONE',  ( -65.49946724241027596, -78.75818478260556788, -3.157242194047845008 ) ) ;
#3769 = ORIENTED_EDGE ( 'NONE', *, *, #5055, .T. ) ;
#3770 = EDGE_CURVE ( 'NONE', #5636, #5116, #6720, .T. ) ;
#3771 = CARTESIAN_POINT ( 'NONE',  ( -36.10800448672304697, 20.00000000000003553, 23.41188284895664040 ) ) ;
#3772 = DIRECTION ( 'NONE',  ( 0.000000000000000000, 0.000000000000000000, -1.000000000000000000 ) ) ;
#3773 = ORIENTED_EDGE ( 'NONE', *, *, #1692, .T. ) ;
#3774 = CARTESIAN_POINT ( 'NONE',  ( -63.21594089136216610, -38.26200010135438134, -6.769707737522572266 ) ) ;
#3775 = DIRECTION ( 'NONE',  ( 1.000000000000000000, 0.000000000000000000, 0.000000000000000000 ) ) ;
#3776 = CARTESIAN_POINT ( 'NONE',  ( -51.79074113903471499, -68.42806057773042028, -9.689401015726810229 ) ) ;
#3777 = CARTESIAN_POINT ( 'NONE',  ( 1.485348723992817144, -15.24327629873712198, -2.117910283930686255 ) ) ;
#3778 = CARTESIAN_POINT ( 'NONE',  ( -54.84750493414306760, 4.537809472307209546, 4.925906342553317607 ) ) ;
#3779 = EDGE_CURVE ( 'NONE', #4404, #6987, #3605, .T. ) ;
#3780 = DIRECTION ( 'NONE',  ( -0.3922749854591615626, 0.9198479960205460104, 0.000000000000000000 ) ) ;
#3781 = ORIENTED_EDGE ( 'NONE', *, *, #7223, .F. ) ;
#3782 = DIRECTION ( 'NONE',  ( -0.000000000000000000, -1.000000000000000000, 0.000000000000000000 ) ) ;
#3783 = CARTESIAN_POINT ( 'NONE',  ( -66.80015462802296611, -7.707358443525302860, 15.29270193174741443 ) ) ;
#3784 = DIRECTION ( 'NONE',  ( -1.000000000000000000, 0.000000000000000000, 0.000000000000000000 ) ) ;
#3785 = CYLINDRICAL_SURFACE ( 'NONE', #8519, 28.99999999999831246 ) ;
#3786 = DIRECTION ( 'NONE',  ( -0.000000000000000000, -0.000000000000000000, 1.000000000000000000 ) ) ;
#3787 = CARTESIAN_POINT ( 'NONE',  ( -29.57387815432574030, -9.115357512064429457, -8.792177366502397007 ) ) ;
#3788 = ORIENTED_EDGE ( 'NONE', *, *, #7895, .F. ) ;
#3789 = CARTESIAN_POINT ( 'NONE',  ( -27.82620482165286191, 10.80813710916765658, 108.4362694665913835 ) ) ;
#3790 = ORIENTED_EDGE ( 'NONE', *, *, #7119, .F. ) ;
#3791 = B_SPLINE_SURFACE_WITH_KNOTS ( 'NONE', 1, 3, ( 
 ( #5935, #3926, #5251, #3102, #8721, #4573, #2469, #7447, #7356, #3836, #5889, #8088, #5842, #1833, #8631, #458, #2512, #3882, #1881, #1057, #7304, #8677, #2560, #2426, #3747, #419, #3237, #3193, #8762, #5976, #4618, #6527, #6708, #7400, #6024, #8810, #4485, #5210, #3056, #7997, #286, #2379, #1700, #5162 ),
 ( #7952, #7261, #2696, #8993, #7494, #1293, #510, #8364, #8317, #1381, #2606, #3973, #8224, #5569, #3339, #3380, #2791, #6945, #5478, #1198, #4070, #6847, #16, #4166, #651, #4114, #4846, #2747, #2109, #692, #6166, #8902, #8269, #2062, #8179, #4892, #1970, #7584, #2649, #4709, #4756, #6077, #599, #8950 ) ),
 .UNSPECIFIED., .F., .F., .F.,
 ( 2, 2 ),
 ( 4, 2, 2, 2, 2, 2, 2, 2, 2, 2, 2, 2, 2, 2, 2, 2, 2, 2, 2, 2, 2, 4 ),
 ( 0.000000000000000000, 1.000000000000000000 ),
 ( 0.000000000000000000, 0.0008631077907698729785, 0.001726215581539745957, 0.002589323372309619044, 0.003452431163079491914, 0.005178646744619238088, 0.006904862326158983828, 0.008631077907698729568, 0.009494185698468602871, 0.01035729348923847618, 0.01122040128000834948, 0.01208350907077822278, 0.01380972465231796766, 0.01553594023385771253, 0.01726215581539745914, 0.01812526360616733417, 0.01898837139693720574, 0.01985147918770707731, 0.02071458697847695235, 0.02244080256001669896, 0.02416701814155644557, 0.02761944930463593531 ),
 .UNSPECIFIED. ) ;
#3792 = DIRECTION ( 'NONE',  ( 0.000000000000000000, 0.7745151679801486333, 0.6325553371592734786 ) ) ;
#3793 = CARTESIAN_POINT ( 'NONE',  ( -30.47845639140171770, 8.676875217094867310, -10.84275786561333277 ) ) ;
#3794 = CARTESIAN_POINT ( 'NONE',  ( -63.38965262667932166, -19.24028773351527377, -5.890187898653526766 ) ) ;
#3795 = DIRECTION ( 'NONE',  ( 0.000000000000000000, 0.000000000000000000, 1.000000000000000000 ) ) ;
#3796 = ORIENTED_EDGE ( 'NONE', *, *, #4717, .T. ) ;
#3797 = DIRECTION ( 'NONE',  ( -0.000000000000000000, -0.000000000000000000, 1.000000000000000000 ) ) ;
#3798 = DIRECTION ( 'NONE',  ( -0.000000000000000000, -1.000000000000000000, 0.000000000000000000 ) ) ;
#3799 = CARTESIAN_POINT ( 'NONE',  ( -9.798578910979824030, -59.84815772817372448, -10.81856477570568131 ) ) ;
#3800 = DIRECTION ( 'NONE',  ( 1.000000000000000000, 0.000000000000000000, 0.000000000000000000 ) ) ;
#3801 = ORIENTED_EDGE ( 'NONE', *, *, #2271, .F. ) ;
#3802 = CARTESIAN_POINT ( 'NONE',  ( -32.10800448670126883, -104.8580868800252546, 8.411882848956651060 ) ) ;
#3803 = VERTEX_POINT ( 'NONE', #6707 ) ;
#3804 = CARTESIAN_POINT ( 'NONE',  ( -32.10800448670241281, 5.000000000000024869, -6.588117151043349828 ) ) ;
#3805 = EDGE_LOOP ( 'NONE', ( #6820, #2531, #2173, #5081 ) ) ;
#3806 = CARTESIAN_POINT ( 'NONE',  ( -10.91262786212614522, -63.41416985713110677, -11.06991541416915048 ) ) ;
#3807 = EDGE_CURVE ( 'NONE', #757, #287, #3236, .T. ) ;
#3808 = CARTESIAN_POINT ( 'NONE',  ( 0.7219408478145380448, -6.627948261125921725, 12.02862628750253648 ) ) ;
#3809 = ADVANCED_FACE ( 'NONE', ( #3474 ), #4845, .F. ) ;
#3810 = AXIS2_PLACEMENT_3D ( 'NONE', #3426, #732, #1459 ) ;
#3811 = ORIENTED_EDGE ( 'NONE', *, *, #1019, .T. ) ;
#3812 = CARTESIAN_POINT ( 'NONE',  ( -42.93356296991329657, -123.6230729217454041, 8.411882848956651060 ) ) ;
#3813 = CARTESIAN_POINT ( 'NONE',  ( -47.49144919508374585, -5.828825163245478613, -5.255858637470682382 ) ) ;
#3814 = ORIENTED_EDGE ( 'NONE', *, *, #3135, .F. ) ;
#3815 = CARTESIAN_POINT ( 'NONE',  ( -57.21941399112774462, -52.54979622663734062, -7.980627068222926113 ) ) ;
#3816 = VECTOR ( 'NONE', #5082, 1000.000000000000114 ) ;
#3817 = FACE_OUTER_BOUND ( 'NONE', #7445, .T. ) ;
#3818 = CARTESIAN_POINT ( 'NONE',  ( -2.104485657089750550, -24.31035545154559330, -7.514002050547856193 ) ) ;
#3819 = ADVANCED_FACE ( 'NONE', ( #1378 ), #7631, .F. ) ;
#3820 = CARTESIAN_POINT ( 'NONE',  ( -2.023310974836487031, -23.73382440081631017, -7.454720946128345460 ) ) ;
#3821 = CARTESIAN_POINT ( 'NONE',  ( -55.01635024050229106, 5.102256486975154992, 5.540038817731091747 ) ) ;
#3822 = CIRCLE ( 'NONE', #5867, 1.825000000000000178 ) ;
#3823 = CARTESIAN_POINT ( 'NONE',  ( -9.856412302443848361, 2.346568594263667151, 3.433170965877876846 ) ) ;
#3824 = ORIENTED_EDGE ( 'NONE', *, *, #7002, .F. ) ;
#3825 = CARTESIAN_POINT ( 'NONE',  ( -47.28482945709191654, -2.007241196586422305, -7.245507763449817951 ) ) ;
#3826 = CARTESIAN_POINT ( 'NONE',  ( -19.53084897349712534, -71.48596535551243392, 8.411882848956651060 ) ) ;
#3827 = CARTESIAN_POINT ( 'NONE',  ( -15.97752266922247699, -5.305303579186459118, -4.773007568697484437 ) ) ;
#3828 = CARTESIAN_POINT ( 'NONE',  ( -31.02892839609796738, 16.13879479351635382, -9.831734827024448009 ) ) ;
#3829 = ADVANCED_FACE ( 'NONE', ( #6944 ), #3112, .F. ) ;
#3830 = AXIS2_PLACEMENT_3D ( 'NONE', #2309, #8652, #5089 ) ;
#3831 = CARTESIAN_POINT ( 'NONE',  ( -25.70833916827073296, 28.00000000000000000, -4.263986648895969012 ) ) ;
#3832 = VECTOR ( 'NONE', #8690, 1000.000000000000114 ) ;
#3833 = LINE ( 'NONE', #3099, #2650 ) ;
#3834 = VERTEX_POINT ( 'NONE', #1118 ) ;
#3835 = CARTESIAN_POINT ( 'NONE',  ( -54.96945264020164501, -58.63883304355903903, -10.67520519539916179 ) ) ;
#3836 = CARTESIAN_POINT ( 'NONE',  ( -7.275424703474518751, -52.99218255497466146, -8.180045456331326292 ) ) ;
#3837 = VERTEX_POINT ( 'NONE', #6493 ) ;
#3838 = AXIS2_PLACEMENT_3D ( 'NONE', #8584, #4090, #866 ) ;
#3839 = DIRECTION ( 'NONE',  ( -0.000000000000000000, -0.000000000000000000, 1.000000000000000000 ) ) ;
#3840 = CARTESIAN_POINT ( 'NONE',  ( -31.68851586599392434, 8.983341540715306550, -10.92898624233225924 ) ) ;
#3841 = CARTESIAN_POINT ( 'NONE',  ( -60.99282347306426288, -20.18698653248361907, -5.336964629986209019 ) ) ;
#3842 = CARTESIAN_POINT ( 'NONE',  ( -52.31575849227812824, -60.55717220419178659, -9.586484413646511271 ) ) ;
#3843 = ORIENTED_EDGE ( 'NONE', *, *, #4449, .F. ) ;
#3844 = CARTESIAN_POINT ( 'NONE',  ( -72.83813534582833427, -78.75818478260555366, 14.41188284895664573 ) ) ;
#3845 = LINE ( 'NONE', #6629, #4786 ) ;
#3846 = CARTESIAN_POINT ( 'NONE',  ( -11.07201346837167222, -65.43653416590629490, -11.10166976164529018 ) ) ;
#3847 = DIRECTION ( 'NONE',  ( -1.000000000000000000, 0.000000000000000000, 0.000000000000000000 ) ) ;
#3848 = ORIENTED_EDGE ( 'NONE', *, *, #2781, .T. ) ;
#3849 = AXIS2_PLACEMENT_3D ( 'NONE', #7879, #890, #3672 ) ;
#3850 = CARTESIAN_POINT ( 'NONE',  ( -74.13813534582835985, -12.00000000000000178, 162.2921154739354677 ) ) ;
#3851 = ORIENTED_EDGE ( 'NONE', *, *, #825, .T. ) ;
#3852 = DIRECTION ( 'NONE',  ( 1.000000000000000000, 0.000000000000000000, 0.000000000000000000 ) ) ;
#3853 = ORIENTED_EDGE ( 'NONE', *, *, #5717, .T. ) ;
#3854 = CARTESIAN_POINT ( 'NONE',  ( -10.99597632097996858, -64.03031261339489788, -11.08666862054586488 ) ) ;
#3855 = CARTESIAN_POINT ( 'NONE',  ( 0.6478542215824418804, -6.573722947229158287, 12.12251171034951192 ) ) ;
#3856 = ORIENTED_EDGE ( 'NONE', *, *, #4769, .T. ) ;
#3857 = CARTESIAN_POINT ( 'NONE',  ( 1.390743335995473950, -12.77275566447147348, 2.548553423765729242 ) ) ;
#3858 = EDGE_CURVE ( 'NONE', #5017, #7663, #3242, .T. ) ;
#3859 = DIRECTION ( 'NONE',  ( 0.000000000000000000, 0.000000000000000000, -1.000000000000000000 ) ) ;
#3860 = EDGE_CURVE ( 'NONE', #573, #8578, #3169, .T. ) ;
#3861 = CARTESIAN_POINT ( 'NONE',  ( -50.64367354473215954, -3.238101835969903419, -2.820991170295832351 ) ) ;
#3862 = VERTEX_POINT ( 'NONE', #1613 ) ;
#3863 = CARTESIAN_POINT ( 'NONE',  ( -57.65977018692147027, -55.09574119046674667, -9.791583298631218568 ) ) ;
#3864 = DIRECTION ( 'NONE',  ( 0.000000000000000000, 0.000000000000000000, -1.000000000000000000 ) ) ;
#3865 = B_SPLINE_CURVE_WITH_KNOTS ( 'NONE', 3,
 ( #5294, #3144, #6019, #8805 ),
 .UNSPECIFIED., .F., .F.,
 ( 4, 4 ),
 ( 0.000000000000000000, 1.000000000000000000 ),
 .UNSPECIFIED. ) ;
#3866 = CARTESIAN_POINT ( 'NONE',  ( -3.461402451365890975, -3.999999999999996447, 11.96430067872517000 ) ) ;
#3867 = B_SPLINE_SURFACE_WITH_KNOTS ( 'NONE', 1, 3, ( 
 ( #1704, #8815, #332, #1014, #6575, #7958, #5257, #5894, #6714, #6671, #2567, #4623, #8725, #4492, #7266, #3794, #8045, #3931, #1793, #1887, #5349, #4577, #1838, #1746, #8683, #2430, #7360, #7453, #8141, #3153, #8092, #4670, #1203, #3888 ),
 ( #8003, #290, #3981, #7308, #5215, #423, #4530, #5982, #7407, #3197, #3841, #6625, #379, #2517, #8766, #5304, #6219, #2069, #5533, #5394, #1299, #1929, #1978, #9001, #4123, #6173, #3345, #698, #8372, #564, #6811, #8185, #2754, #6128 ) ),
 .UNSPECIFIED., .F., .F., .F.,
 ( 2, 2 ),
 ( 4, 2, 2, 2, 2, 2, 2, 2, 2, 2, 2, 2, 2, 2, 2, 2, 4 ),
 ( 0.000000000000000000, 1.000000000000000000 ),
 ( 0.000000000000000000, 0.001631860214135779589, 0.002447790321203669600, 0.003263720428271559178, 0.003671685481805503967, 0.004079650535339448755, 0.004487615588873393978, 0.004895580642407339200, 0.005711510749475228778, 0.006527440856543118355, 0.007343370963611007933, 0.007751336017144953155, 0.008159301070678897511, 0.008975231177746787956, 0.009791161284814678401, 0.01142302149895045756, 0.01305488171308623671 ),
 .UNSPECIFIED. ) ;
#3868 = CIRCLE ( 'NONE', #5034, 1.825000000000000178 ) ;
#3869 = LINE ( 'NONE', #6652, #4631 ) ;
#3870 = CARTESIAN_POINT ( 'NONE',  ( -9.726778918914270378, 3.004597662507639821, 3.790395953437061927 ) ) ;
#3871 = EDGE_CURVE ( 'NONE', #3837, #7931, #8284, .T. ) ;
#3872 = ORIENTED_EDGE ( 'NONE', *, *, #1578, .T. ) ;
#3873 = EDGE_CURVE ( 'NONE', #4276, #2110, #8367, .T. ) ;
#3874 = CARTESIAN_POINT ( 'NONE',  ( -40.60633146123249304, -4.948065224695406883, -10.60219105799111539 ) ) ;
#3875 = CARTESIAN_POINT ( 'NONE',  ( -32.10800448670127594, -47.67822028544098600, 18.41188284895663685 ) ) ;
#3876 = LINE ( 'NONE', #7255, #4177 ) ;
#3877 = CARTESIAN_POINT ( 'NONE',  ( -34.64213081907679737, -9.115357512064429457, -8.792177366502409441 ) ) ;
#3878 = CARTESIAN_POINT ( 'NONE',  ( -11.01087946719284716, -72.35243614709624183, -9.501354132028259514 ) ) ;
#3879 = CARTESIAN_POINT ( 'NONE',  ( -15.11711585122187529, -4.638669894025618134, -4.152514618527603396 ) ) ;
#3880 = ORIENTED_EDGE ( 'NONE', *, *, #1809, .T. ) ;
#3881 = FACE_OUTER_BOUND ( 'NONE', #5449, .T. ) ;
#3882 = CARTESIAN_POINT ( 'NONE',  ( -4.939637894293753106, -48.15102023413740540, -6.926388369351911045 ) ) ;
#3883 = EDGE_LOOP ( 'NONE', ( #7317, #6413, #4982, #3504 ) ) ;
#3884 = EDGE_CURVE ( 'NONE', #1811, #7518, #5213, .T. ) ;
#3885 = DIRECTION ( 'NONE',  ( -0.000000000000000000, -0.000000000000000000, 1.000000000000000000 ) ) ;
#3886 = CARTESIAN_POINT ( 'NONE',  ( -32.93458320241079917, 8.919168445017044533, -10.91045887232912825 ) ) ;
#3887 =( BOUNDED_CURVE ( )  B_SPLINE_CURVE ( 3, ( #8552, #838, #2168, #7783 ),
 .UNSPECIFIED., .F., .F. ) 
 B_SPLINE_CURVE_WITH_KNOTS ( ( 4, 4 ),
 ( 3.141592653589793116, 4.712388980384689674 ),
 .UNSPECIFIED. ) 
 CURVE ( )  GEOMETRIC_REPRESENTATION_ITEM ( )  RATIONAL_B_SPLINE_CURVE ( ( 1.000000000000000000, 0.8047378541243649375, 0.8047378541243649375, 1.000000000000000000 ) ) 
 REPRESENTATION_ITEM ( '' )  );
#3888 = CARTESIAN_POINT ( 'NONE',  ( -66.57937556913876165, -13.98527112699967923, -0.2501661401582742084 ) ) ;
#3889 = CARTESIAN_POINT ( 'NONE',  ( -65.37348156795270882, -6.760931055914114474, 25.11188284895660061 ) ) ;
#3890 = VERTEX_POINT ( 'NONE', #1066 ) ;
#3891 = CARTESIAN_POINT ( 'NONE',  ( -33.46811862277517235, -39.36827241839609570, 18.41188284895663685 ) ) ;
#3892 = CARTESIAN_POINT ( 'NONE',  ( 0.9580777118982275464, -6.992176652670317516, 10.17873741598455517 ) ) ;
#3893 = CARTESIAN_POINT ( 'NONE',  ( -10.33713375976948079, -61.15414141250462166, -10.94648739690139294 ) ) ;
#3894 = CARTESIAN_POINT ( 'NONE',  ( -41.35718613827163637, -4.752485536125702126, -10.37173486721773408 ) ) ;
#3895 = CONICAL_SURFACE ( 'NONE', #4778, 16.69999999999997797, 0.7853981633974482790 ) ;
#3896 = AXIS2_PLACEMENT_3D ( 'NONE', #1960, #6111, #683 ) ;
#3897 = EDGE_LOOP ( 'NONE', ( #8768, #4830, #6322, #6525, #1526, #5131 ) ) ;
#3898 = VERTEX_POINT ( 'NONE', #8687 ) ;
#3899 = CARTESIAN_POINT ( 'NONE',  ( -55.67306895538181521, -75.10273085280688576, -1.588117151043349384 ) ) ;
#3900 = ORIENTED_EDGE ( 'NONE', *, *, #351, .F. ) ;
#3901 = CARTESIAN_POINT ( 'NONE',  ( -7.871774664146661493, -74.02685132364010201, -10.25938810300690918 ) ) ;
#3902 = CIRCLE ( 'NONE', #5066, 2.149999999999999023 ) ;
#3903 = FACE_OUTER_BOUND ( 'NONE', #5583, .T. ) ;
#3904 = AXIS2_PLACEMENT_3D ( 'NONE', #5302, #8138, #1297 ) ;
#3905 = ORIENTED_EDGE ( 'NONE', *, *, #7772, .F. ) ;
#3906 = DIRECTION ( 'NONE',  ( 0.000000000000000000, 0.000000000000000000, -1.000000000000000000 ) ) ;
#3907 = CARTESIAN_POINT ( 'NONE',  ( -7.890607113443637743, -73.55342753719983762, -10.26660271517915923 ) ) ;
#3908 = CYLINDRICAL_SURFACE ( 'NONE', #8404, 26.00000000000000000 ) ;
#3909 = ORIENTED_EDGE ( 'NONE', *, *, #1990, .T. ) ;
#3910 = CARTESIAN_POINT ( 'NONE',  ( -63.12625665901136784, -35.67051925774638477, -6.833307381338513231 ) ) ;
#3911 = DIRECTION ( 'NONE',  ( -1.000000000000000000, 0.000000000000000000, 0.000000000000000000 ) ) ;
#3912 = CARTESIAN_POINT ( 'NONE',  ( -51.50831941676128167, -66.12585814420535257, -9.740646875560228679 ) ) ;
#3913 = CARTESIAN_POINT ( 'NONE',  ( -54.66588442865918296, 3.813721538997410399, 4.323015452502425582 ) ) ;
#3914 = CARTESIAN_POINT ( 'NONE',  ( -28.10800448671612273, 5.000000000000023981, -10.66697983548711370 ) ) ;
#3915 = EDGE_LOOP ( 'NONE', ( #3761, #7605 ) ) ;
#3916 = CARTESIAN_POINT ( 'NONE',  ( -49.09492586637506406, -0.6274505598985797850, -5.604670056377438314 ) ) ;
#3917 = CARTESIAN_POINT ( 'NONE',  ( -21.28244600348924820, -121.6230729217454041, 8.411882848956651060 ) ) ;
#3918 = CARTESIAN_POINT ( 'NONE',  ( -4.329248848847781161, -28.39541054902466399, -6.504986747933093838 ) ) ;
#3919 = DIRECTION ( 'NONE',  ( 0.3922749854591616736, -0.9198479960205461214, 0.000000000000000000 ) ) ;
#3920 = DIRECTION ( 'NONE',  ( 1.826024711554534160E-16, 0.000000000000000000, -1.000000000000000000 ) ) ;
#3921 = EDGE_CURVE ( 'NONE', #7995, #1405, #5220, .T. ) ;
#3922 = EDGE_CURVE ( 'NONE', #7518, #1811, #1290, .T. ) ;
#3923 = CARTESIAN_POINT ( 'NONE',  ( -20.82425911330531321, -120.8521663668367268, -0.7867845103517979721 ) ) ;
#3924 = VERTEX_POINT ( 'NONE', #249 ) ;
#3925 = DIRECTION ( 'NONE',  ( 1.000000000000000000, 0.000000000000000000, 0.000000000000000000 ) ) ;
#3926 = CARTESIAN_POINT ( 'NONE',  ( -9.274432819820168206, -55.88464128429193778, -8.994395003822807766 ) ) ;
#3927 = EDGE_LOOP ( 'NONE', ( #3843, #708 ) ) ;
#3928 = CARTESIAN_POINT ( 'NONE',  ( -63.28785114061585659, -80.11148417201137306, -4.750825648562593706 ) ) ;
#3929 = CARTESIAN_POINT ( 'NONE',  ( -13.58656058013545476, 0.8401891360741891024, -3.770384594529937239 ) ) ;
#3930 = CARTESIAN_POINT ( 'NONE',  ( -31.89545815432006393, 8.999822155970139903, -10.93383460664255935 ) ) ;
#3931 = CARTESIAN_POINT ( 'NONE',  ( -63.68684581335207184, -18.55155845648915047, -5.444791625143574620 ) ) ;
#3932 = DIRECTION ( 'NONE',  ( 0.000000000000000000, -1.000000000000000000, 0.000000000000000000 ) ) ;
#3933 = VERTEX_POINT ( 'NONE', #6675 ) ;
#3934 = CARTESIAN_POINT ( 'NONE',  ( -61.83367883071007753, -18.17746161885786549, -4.206174143655379005 ) ) ;
#3935 = EDGE_CURVE ( 'NONE', #7509, #3438, #2744, .T. ) ;
#3936 = CYLINDRICAL_SURFACE ( 'NONE', #7405, 2.000000000000001776 ) ;
#3937 = CARTESIAN_POINT ( 'NONE',  ( -10.07169617684451524, -70.45082985954147148, -10.88495170614975827 ) ) ;
#3938 = CARTESIAN_POINT ( 'NONE',  ( -46.26261695518007855, -2.652474001096988498, -7.990109683467082391 ) ) ;
#3939 = AXIS2_PLACEMENT_3D ( 'NONE', #7618, #8261, #4105 ) ;
#3940 = B_SPLINE_CURVE_WITH_KNOTS ( 'NONE', 1,
 ( #4853, #7501 ),
 .UNSPECIFIED., .F., .F.,
 ( 2, 2 ),
 ( 0.000000000000000000, 1.000000000000000000 ),
 .UNSPECIFIED. ) ;
#3941 = ORIENTED_EDGE ( 'NONE', *, *, #7907, .T. ) ;
#3942 = ORIENTED_EDGE ( 'NONE', *, *, #7718, .T. ) ;
#3943 = LINE ( 'NONE', #7321, #3260 ) ;
#3944 = ORIENTED_EDGE ( 'NONE', *, *, #4818, .T. ) ;
#3945 = CARTESIAN_POINT ( 'NONE',  ( -0.6062640460346747640, -78.55483392974186074, -6.484403679690085909 ) ) ;
#3946 = CARTESIAN_POINT ( 'NONE',  ( -51.21596294218026912, 1.464217064765711118, -2.968745489953914518 ) ) ;
#3947 = EDGE_CURVE ( 'NONE', #8833, #4710, #8899, .T. ) ;
#3948 = EDGE_LOOP ( 'NONE', ( #1115, #1588, #425, #8729 ) ) ;
#3949 = DIRECTION ( 'NONE',  ( -1.000000000000000000, 0.000000000000000000, 0.000000000000000000 ) ) ;
#3950 = ORIENTED_EDGE ( 'NONE', *, *, #4702, .T. ) ;
#3951 = CARTESIAN_POINT ( 'NONE',  ( -7.890607113443637743, -73.55342753719983762, -10.26660271517915923 ) ) ;
#3952 = CARTESIAN_POINT ( 'NONE',  ( -53.98556364048863543, -57.15152591409762550, -9.193460144057858940 ) ) ;
#3953 = DIRECTION ( 'NONE',  ( -0.000000000000000000, -0.000000000000000000, 1.000000000000000000 ) ) ;
#3954 = ORIENTED_EDGE ( 'NONE', *, *, #1599, .F. ) ;
#3955 = CARTESIAN_POINT ( 'NONE',  ( -71.41189733917161675, -22.68698369499823286, 2.769986484939717553 ) ) ;
#3956 = CARTESIAN_POINT ( 'NONE',  ( -16.10800448670127949, -38.17822028544185997, -13.22822741526793955 ) ) ;
#3957 = CARTESIAN_POINT ( 'NONE',  ( -51.49553758619167354, -65.68060837833318999, -9.742897709497535530 ) ) ;
#3958 = CARTESIAN_POINT ( 'NONE',  ( -54.54281115112743095, 3.261130302173056883, 3.946154611396597733 ) ) ;
#3959 = CARTESIAN_POINT ( 'NONE',  ( -11.77468889787189532, -1.203909822966741094, 1.606314681351255214 ) ) ;
#3960 = ORIENTED_EDGE ( 'NONE', *, *, #5546, .F. ) ;
#3961 = CARTESIAN_POINT ( 'NONE',  ( -48.35459040315112844, -1.231286385250947468, -6.331583296018101770 ) ) ;
#3962 = DIRECTION ( 'NONE',  ( 0.7081488522065609859, -0.7060631721868307897, 0.000000000000000000 ) ) ;
#3963 = AXIS2_PLACEMENT_3D ( 'NONE', #5026, #5798, #4353 ) ;
#3964 = CYLINDRICAL_SURFACE ( 'NONE', #5033, 3.999999999986288746 ) ;
#3965 = CARTESIAN_POINT ( 'NONE',  ( -17.81427693487231068, -2.571876326018861292, -7.898013904093521553 ) ) ;
#3966 = CARTESIAN_POINT ( 'NONE',  ( 9.822087000716438254, -12.05675078691241531, 11.73988566182380744 ) ) ;
#3967 = VECTOR ( 'NONE', #288, 1000.000000000000000 ) ;
#3968 = CARTESIAN_POINT ( 'NONE',  ( -58.87601699721063397, -76.44029260154060523, -9.267564186202552179 ) ) ;
#3969 = CIRCLE ( 'NONE', #1353, 15.00000000000000000 ) ;
#3970 = CARTESIAN_POINT ( 'NONE',  ( -12.71924093779039566, -65.77924135714580700, -9.830248767777236552 ) ) ;
#3971 = ORIENTED_EDGE ( 'NONE', *, *, #5036, .F. ) ;
#3972 = CARTESIAN_POINT ( 'NONE',  ( -8.449039299340714848, -75.17342264261657192, -8.789974296232212936 ) ) ;
#3973 = CARTESIAN_POINT ( 'NONE',  ( -4.675725836517250045, -52.24733293957550728, -8.956724742579369902 ) ) ;
#3974 = EDGE_LOOP ( 'NONE', ( #4455, #101, #609, #1652 ) ) ;
#3975 = CARTESIAN_POINT ( 'NONE',  ( -53.44190802939106533, -62.29208359810580475, -11.04149933020983099 ) ) ;
#3976 = CARTESIAN_POINT ( 'NONE',  ( -10.81957744986701719, -0.09714122577022014926, 1.227270459790473778 ) ) ;
#3977 = EDGE_CURVE ( 'NONE', #6895, #8249, #2446, .T. ) ;
#3978 = CARTESIAN_POINT ( 'NONE',  ( -44.93356296991329657, -121.6230729217454041, 8.411882848956651060 ) ) ;
#3979 = EDGE_CURVE ( 'NONE', #7972, #8835, #3902, .T. ) ;
#3980 = CIRCLE ( 'NONE', #4133, 12.00000000000000355 ) ;
#3981 = CARTESIAN_POINT ( 'NONE',  ( -60.21130469118312334, -22.98770361327767731, -6.225469259383737075 ) ) ;
#3982 = LINE ( 'NONE', #6763, #8806 ) ;
#3983 = VERTEX_POINT ( 'NONE', #5308 ) ;
#3984 = CARTESIAN_POINT ( 'NONE',  ( -62.55491157788803491, -16.82621042232302955, -3.140141777539357193 ) ) ;
#3985 = CARTESIAN_POINT ( 'NONE',  ( -40.93356296991329657, -86.75818478260562472, -1.588117151043349606 ) ) ;
#3986 = CARTESIAN_POINT ( 'NONE',  ( -32.10800448670235596, 20.00000000000003553, 14.91188284895665639 ) ) ;
#3987 = CARTESIAN_POINT ( 'NONE',  ( -50.22648242511002081, 0.4114706440550216504, -4.321135150655591062 ) ) ;
#3988 = VECTOR ( 'NONE', #324, 1000.000000000000000 ) ;
#3989 = ORIENTED_EDGE ( 'NONE', *, *, #2648, .F. ) ;
#3990 = ORIENTED_EDGE ( 'NONE', *, *, #5389, .F. ) ;
#3991 = CARTESIAN_POINT ( 'NONE',  ( -35.81131193406530855, 6.544724994266855944, -10.57351378051596313 ) ) ;
#3992 = EDGE_CURVE ( 'NONE', #5756, #508, #3845, .T. ) ;
#3993 = ORIENTED_EDGE ( 'NONE', *, *, #4233, .F. ) ;
#3994 = CARTESIAN_POINT ( 'NONE',  ( -11.65630440643215771, -59.90097392721720837, -9.621062458552794183 ) ) ;
#3995 = CARTESIAN_POINT ( 'NONE',  ( -32.10800448670126883, -94.85808688002525457, 8.411882848956651060 ) ) ;
#3996 = ORIENTED_EDGE ( 'NONE', *, *, #7884, .T. ) ;
#3997 = CARTESIAN_POINT ( 'NONE',  ( -4.147103439671801617, -23.82362458847989117, -6.397591608822354559 ) ) ;
#3998 = CARTESIAN_POINT ( 'NONE',  ( -62.18015763811946783, -76.85543682357332784, -7.470745983336477103 ) ) ;
#3999 = ORIENTED_EDGE ( 'NONE', *, *, #3211, .F. ) ;
#4000 = DIRECTION ( 'NONE',  ( -1.000000000000000000, 0.000000000000000000, 0.000000000000000000 ) ) ;
#4001 = CARTESIAN_POINT ( 'NONE',  ( -54.77168180351621629, -56.09745459949871815, -8.968493760839081119 ) ) ;
#4002 = EDGE_CURVE ( 'NONE', #5959, #2731, #3157, .T. ) ;
#4003 = CARTESIAN_POINT ( 'NONE',  ( -59.84023748931925724, -27.51428652311267697, -6.473141493789095868 ) ) ;
#4004 = ORIENTED_EDGE ( 'NONE', *, *, #5485, .T. ) ;
#4005 = VECTOR ( 'NONE', #865, 1000.000000000000000 ) ;
#4006 = CARTESIAN_POINT ( 'NONE',  ( -44.93356296991329657, -121.6230729217454041, 2.411882848956650172 ) ) ;
#4007 = CARTESIAN_POINT ( 'NONE',  ( -65.10986821160119575, -15.95645198063911430, -3.098057062880181345 ) ) ;
#4008 = CARTESIAN_POINT ( 'NONE',  ( -28.10800448671612273, 5.000000000000024869, -6.588117151043349828 ) ) ;
#4009 = CARTESIAN_POINT ( 'NONE',  ( -55.40931610942860175, 5.925776962563991113, 7.189660626734410087 ) ) ;
#4010 = AXIS2_PLACEMENT_3D ( 'NONE', #1545, #2071, #225 ) ;
#4011 = FACE_OUTER_BOUND ( 'NONE', #7555, .T. ) ;
#4012 = CARTESIAN_POINT ( 'NONE',  ( -64.48987404713827232, -6.274381700127587003, 13.04343353512694392 ) ) ;
#4013 = CARTESIAN_POINT ( 'NONE',  ( -3.862529449777632795, -31.43227590607190791, -6.225820033737464065 ) ) ;
#4014 = FACE_OUTER_BOUND ( 'NONE', #3313, .T. ) ;
#4015 = DIRECTION ( 'NONE',  ( -1.000000000000000000, 0.000000000000000000, 0.000000000000000000 ) ) ;
#4016 = VECTOR ( 'NONE', #7610, 1000.000000000000000 ) ;
#4017 = VECTOR ( 'NONE', #6877, 1000.000000000000000 ) ;
#4018 = CARTESIAN_POINT ( 'NONE',  ( -59.24551016932800707, -76.69267558373225313, -9.096523002964953974 ) ) ;
#4019 = CARTESIAN_POINT ( 'NONE',  ( -21.29989321129353641, -121.6056257139416346, -1.144165014692796634 ) ) ;
#4020 = DIRECTION ( 'NONE',  ( -0.000000000000000000, -1.000000000000000000, 0.000000000000000000 ) ) ;
#4021 = CARTESIAN_POINT ( 'NONE',  ( -67.89892671092403020, -11.92659241198349029, 4.564190347528308322 ) ) ;
#4022 = ORIENTED_EDGE ( 'NONE', *, *, #4974, .T. ) ;
#4023 = AXIS2_PLACEMENT_3D ( 'NONE', #3321, #8884, #5277 ) ;
#4024 = CARTESIAN_POINT ( 'NONE',  ( -60.92413758435134952, -79.38410407748618525, -6.303029808934788925 ) ) ;
#4025 = DIRECTION ( 'NONE',  ( 0.000000000000000000, 0.000000000000000000, -1.000000000000000000 ) ) ;
#4026 = AXIS2_PLACEMENT_3D ( 'NONE', #6386, #5019, #7029 ) ;
#4027 = FACE_OUTER_BOUND ( 'NONE', #253, .T. ) ;
#4028 = CARTESIAN_POINT ( 'NONE',  ( 9.922126372425774221, -77.45818478260565598, 14.41188284895664573 ) ) ;
#4029 = CARTESIAN_POINT ( 'NONE',  ( -41.90150333979774899, -38.17822028544185997, 1.411882848956637293 ) ) ;
#4030 = DIRECTION ( 'NONE',  ( 0.000000000000000000, 0.000000000000000000, -1.000000000000000000 ) ) ;
#4031 = CARTESIAN_POINT ( 'NONE',  ( -63.19040659714522690, -15.80639328207658956, -2.132527544819978527 ) ) ;
#4032 = AXIS2_PLACEMENT_3D ( 'NONE', #7691, #6762, #7641 ) ;
#4033 = DIRECTION ( 'NONE',  ( 1.000000000000000000, 0.000000000000000000, 0.000000000000000000 ) ) ;
#4034 = EDGE_CURVE ( 'NONE', #4210, #1603, #793, .T. ) ;
#4035 = DIRECTION ( 'NONE',  ( 1.000000000000000000, 0.000000000000000000, 0.000000000000000000 ) ) ;
#4036 = CARTESIAN_POINT ( 'NONE',  ( -48.85389401924830821, -0.8306885718124075169, -5.850897637866193435 ) ) ;
#4037 = VERTEX_POINT ( 'NONE', #4582 ) ;
#4038 = VERTEX_POINT ( 'NONE', #6767 ) ;
#4039 = CARTESIAN_POINT ( 'NONE',  ( -60.85867840594450229, -41.83862706574710444, -5.811358199254418544 ) ) ;
#4040 = ORIENTED_EDGE ( 'NONE', *, *, #6447, .T. ) ;
#4041 = CARTESIAN_POINT ( 'NONE',  ( -1.778940602217996991, -78.19154288380092055, -7.303670100755767614 ) ) ;
#4042 = CARTESIAN_POINT ( 'NONE',  ( -55.38645989797829117, 2.208873341392610712, 6.578148630472261615 ) ) ;
#4043 = VECTOR ( 'NONE', #2199, 1000.000000000000000 ) ;
#4044 = ORIENTED_EDGE ( 'NONE', *, *, #5252, .T. ) ;
#4045 = EDGE_CURVE ( 'NONE', #2165, #8693, #6242, .T. ) ;
#4046 = ADVANCED_FACE ( 'NONE', ( #4674 ), #3936, .T. ) ;
#4047 = FACE_OUTER_BOUND ( 'NONE', #8240, .T. ) ;
#4048 = CARTESIAN_POINT ( 'NONE',  ( -65.41547957740127117, -77.43440372828445106, -5.029228390286912820 ) ) ;
#4049 = ORIENTED_EDGE ( 'NONE', *, *, #5429, .T. ) ;
#4050 = CARTESIAN_POINT ( 'NONE',  ( -16.50368212702742809, -80.62282383842570255, 24.88901094741525455 ) ) ;
#4051 = CARTESIAN_POINT ( 'NONE',  ( -2.008649393801200222, -76.86277350337307723, -7.452789190076686943 ) ) ;
#4052 = VECTOR ( 'NONE', #4020, 1000.000000000000000 ) ;
#4053 = DIRECTION ( 'NONE',  ( 1.000000000000000000, -9.810160346903893688E-15, 0.000000000000000000 ) ) ;
#4054 = ORIENTED_EDGE ( 'NONE', *, *, #2051, .T. ) ;
#4055 = FACE_OUTER_BOUND ( 'NONE', #4499, .T. ) ;
#4056 = CARTESIAN_POINT ( 'NONE',  ( -64.49024260276289056, -16.97663034829965056, -4.162407833653086975 ) ) ;
#4057 = CARTESIAN_POINT ( 'NONE',  ( -53.08288365767948846, -72.17414890345321510, -9.417836651967640194 ) ) ;
#4058 = EDGE_CURVE ( 'NONE', #3898, #1503, #6131, .T. ) ;
#4059 = CARTESIAN_POINT ( 'NONE',  ( -55.25133621408726725, 5.687778612822671498, 6.486957853692885578 ) ) ;
#4060 = CARTESIAN_POINT ( 'NONE',  ( -53.85532344079445721, -10.02152037603274337, 1.411882848956637293 ) ) ;
#4061 = B_SPLINE_CURVE_WITH_KNOTS ( 'NONE', 3,
 ( #743, #3651, #8328, #827, #3609, #1393, #6391, #25, #2883, #2198, #6351, #4859, #6306, #4176, #5023, #4219, #2072, #4942, #5658, #7769, #67, #5580, #2842, #6957, #5621, #7730, #7646, #1469, #7076, #147, #4254, #7034, #8493, #782, #7123, #704, #2244, #2923 ),
 .UNSPECIFIED., .F., .F.,
 ( 4, 2, 2, 2, 2, 2, 2, 2, 2, 2, 2, 2, 2, 2, 2, 2, 2, 2, 4 ),
 ( 0.000000000000000000, 0.03125000000000000694, 0.06250000000000001388, 0.09375000000000002776, 0.1250000000000000278, 0.1875000000000000555, 0.2500000000000000555, 0.3125000000000000555, 0.3437500000000000555, 0.3750000000000001110, 0.4062500000000001110, 0.4375000000000001110, 0.5000000000000001110, 0.5625000000000001110, 0.6250000000000001110, 0.6562500000000002220, 0.6875000000000001110, 0.7187500000000001110, 0.7482770248669037283 ),
 .UNSPECIFIED. ) ;
#4062 = CARTESIAN_POINT ( 'NONE',  ( -25.24091914841804751, -29.48613494715874239, 18.41188284895663685 ) ) ;
#4063 = CARTESIAN_POINT ( 'NONE',  ( -28.10800448668165785, 20.00000000000003553, 23.41188284895664040 ) ) ;
#4064 = CARTESIAN_POINT ( 'NONE',  ( -21.41748475151017317, -4.292113711493104944, -9.845008649666924683 ) ) ;
#4065 = CARTESIAN_POINT ( 'NONE',  ( -32.10800448670127594, -54.17822028544186708, 18.41188284895663685 ) ) ;
#4066 = CARTESIAN_POINT ( 'NONE',  ( -62.16078874173010149, -78.18160665297952505, -7.483056906201873026 ) ) ;
#4067 = EDGE_CURVE ( 'NONE', #2332, #7785, #2153, .T. ) ;
#4068 = CARTESIAN_POINT ( 'NONE',  ( 0.4756810109447593415, -13.83311594803764955, 1.886622454739337540 ) ) ;
#4069 = CARTESIAN_POINT ( 'NONE',  ( -37.10800448670125462, -38.17822028544185997, 18.41188284895663685 ) ) ;
#4070 = CARTESIAN_POINT ( 'NONE',  ( -2.574686456596360529, -47.56352947646578855, -7.806927531922046803 ) ) ;
#4071 = VERTEX_POINT ( 'NONE', #1981 ) ;
#4072 = CARTESIAN_POINT ( 'NONE',  ( -53.34056322199244704, -68.17145907490815659, -11.06233309171205725 ) ) ;
#4073 = CARTESIAN_POINT ( 'NONE',  ( -44.93356296991328946, -123.6230729217453899, 2.411882848956655501 ) ) ;
#4074 = DIRECTION ( 'NONE',  ( 0.000000000000000000, 0.000000000000000000, -1.000000000000000000 ) ) ;
#4075 = CARTESIAN_POINT ( 'NONE',  ( -29.08295747158944167, -5.484395752076604680, -11.52223254349466330 ) ) ;
#4076 = DIRECTION ( 'NONE',  ( 0.000000000000000000, 0.000000000000000000, 1.000000000000000000 ) ) ;
#4077 = CYLINDRICAL_SURFACE ( 'NONE', #6191, 2.149999999999999023 ) ;
#4078 = EDGE_LOOP ( 'NONE', ( #4874, #3557, #8738, #4229, #9024, #6583, #1768 ) ) ;
#4079 = CARTESIAN_POINT ( 'NONE',  ( -79.83311748012511089, -26.89975948760450564, 1.411882848956630410 ) ) ;
#4080 = DIRECTION ( 'NONE',  ( -0.000000000000000000, -0.000000000000000000, 1.000000000000000000 ) ) ;
#4081 = CARTESIAN_POINT ( 'NONE',  ( -2.684772664245010709, -18.83109159572134317, -4.708080193820633141 ) ) ;
#4082 = CARTESIAN_POINT ( 'NONE',  ( -36.73056645739259807, -5.490688910292670144, -11.37839028324478363 ) ) ;
#4083 = VERTEX_POINT ( 'NONE', #3985 ) ;
#4084 = ORIENTED_EDGE ( 'NONE', *, *, #94, .F. ) ;
#4085 = CARTESIAN_POINT ( 'NONE',  ( -44.08141433722291680, 28.00000000000000000, 0.7019004230698968616 ) ) ;
#4086 = B_SPLINE_CURVE_WITH_KNOTS ( 'NONE', 1,
 ( #2317, #8615 ),
 .UNSPECIFIED., .F., .F.,
 ( 2, 2 ),
 ( 0.000000000000000000, 1.000000000000000000 ),
 .UNSPECIFIED. ) ;
#4087 = EDGE_CURVE ( 'NONE', #4447, #6724, #8567, .T. ) ;
#4088 = EDGE_LOOP ( 'NONE', ( #3634, #148, #4619, #511 ) ) ;
#4089 = CARTESIAN_POINT ( 'NONE',  ( -9.444327169886342688, -56.09745459949872526, -9.053057111121795231 ) ) ;
#4090 = DIRECTION ( 'NONE',  ( -0.000000000000000000, -0.000000000000000000, 1.000000000000000000 ) ) ;
#4091 = AXIS2_PLACEMENT_3D ( 'NONE', #5831, #8619, #3780 ) ;
#4092 = EDGE_LOOP ( 'NONE', ( #1665, #6973 ) ) ;
#4093 = DIRECTION ( 'NONE',  ( 0.000000000000000000, 0.000000000000000000, -1.000000000000000000 ) ) ;
#4094 = CARTESIAN_POINT ( 'NONE',  ( -12.68477732587505180, -2.258506430399183529, -1.856357737921005002 ) ) ;
#4095 = ORIENTED_EDGE ( 'NONE', *, *, #1424, .F. ) ;
#4096 = DIRECTION ( 'NONE',  ( -0.000000000000000000, -0.000000000000000000, 1.000000000000000000 ) ) ;
#4097 = CARTESIAN_POINT ( 'NONE',  ( -2.078750212227213456, -76.84228572316935413, -7.497736921478966643 ) ) ;
#4098 = EDGE_CURVE ( 'NONE', #4908, #1603, #5184, .T. ) ;
#4099 = FACE_OUTER_BOUND ( 'NONE', #6648, .T. ) ;
#4100 = ADVANCED_FACE ( 'NONE', ( #2616 ), #7954, .F. ) ;
#4101 = ORIENTED_EDGE ( 'NONE', *, *, #6179, .T. ) ;
#4102 = CARTESIAN_POINT ( 'NONE',  ( -55.40931610942860175, 5.925776962563991113, 7.189660626734410087 ) ) ;
#4103 = CARTESIAN_POINT ( 'NONE',  ( -17.88084897349712321, -71.48596535551243392, 26.41188284895664040 ) ) ;
#4104 = CARTESIAN_POINT ( 'NONE',  ( -29.57387815432574030, -9.115357512064429457, -8.792177366502478719 ) ) ;
#4105 = DIRECTION ( 'NONE',  ( 0.000000000000000000, 0.000000000000000000, 1.000000000000000000 ) ) ;
#4106 = CARTESIAN_POINT ( 'NONE',  ( -44.68515999990541587, -71.48596535551243392, 26.41188284895664040 ) ) ;
#4107 = LINE ( 'NONE', #686, #374 ) ;
#4108 = EDGE_CURVE ( 'NONE', #774, #868, #2015, .T. ) ;
#4109 = CARTESIAN_POINT ( 'NONE',  ( -15.12334095028874614, -0.6294004196362281700, -5.607046022122237794 ) ) ;
#4110 = DIRECTION ( 'NONE',  ( 0.000000000000000000, 0.000000000000000000, 1.000000000000000000 ) ) ;
#4111 = CARTESIAN_POINT ( 'NONE',  ( -55.38201064744941959, -72.90825649954219045, -10.55879363139366589 ) ) ;
#4112 = CARTESIAN_POINT ( 'NONE',  ( -19.48674158877118856, -121.5209251291047536, 1.123020206717390890 ) ) ;
#4113 = CARTESIAN_POINT ( 'NONE',  ( -10.94775171055004748, -72.44135674263323210, -9.499869633791059087 ) ) ;
#4114 = CARTESIAN_POINT ( 'NONE',  ( -1.632807228038441139, -44.26226313446382932, -7.206766748653822496 ) ) ;
#4115 = VECTOR ( 'NONE', #7852, 1000.000000000000000 ) ;
#4116 = ORIENTED_EDGE ( 'NONE', *, *, #2090, .F. ) ;
#4117 = CARTESIAN_POINT ( 'NONE',  ( -54.19401265032431070, -60.12515621978131719, -10.87310641588897475 ) ) ;
#4118 = FACE_OUTER_BOUND ( 'NONE', #3680, .T. ) ;
#4119 = DIRECTION ( 'NONE',  ( -0.000000000000000000, -0.000000000000000000, 1.000000000000000000 ) ) ;
#4120 = DIRECTION ( 'NONE',  ( 1.000000000000000000, 0.000000000000000000, 0.000000000000000000 ) ) ;
#4121 = CARTESIAN_POINT ( 'NONE',  ( -1.226201406085800638, -20.49671726709102870, -6.507547790040650426 ) ) ;
#4122 = ADVANCED_FACE ( 'NONE', ( #2360, #4600 ), #1725, .T. ) ;
#4123 = CARTESIAN_POINT ( 'NONE',  ( -62.55491157788803491, -16.82621042232302955, -3.140141777539357193 ) ) ;
#4124 = CARTESIAN_POINT ( 'NONE',  ( -68.06678475794207372, -8.873106738660316850, 12.08663189308709995 ) ) ;
#4125 = ORIENTED_EDGE ( 'NONE', *, *, #5252, .F. ) ;
#4126 = VECTOR ( 'NONE', #8814, 1000.000000000000000 ) ;
#4127 = DIRECTION ( 'NONE',  ( -0.8583439052881717268, 0.5130747901180197079, -0.000000000000000000 ) ) ;
#4128 = CARTESIAN_POINT ( 'NONE',  ( -59.63115227846510180, -47.14198139463118054, -6.641586488573691049 ) ) ;
#4129 = CARTESIAN_POINT ( 'NONE',  ( -2.042834076966583812, -17.51143948855732901, -3.805383190660861725 ) ) ;
#4130 = CARTESIAN_POINT ( 'NONE',  ( -3.887134123264108343, -50.73391810908030664, -8.554837575240336278 ) ) ;
#4131 = VECTOR ( 'NONE', #3792, 1000.000000000000114 ) ;
#4132 = ORIENTED_EDGE ( 'NONE', *, *, #5929, .F. ) ;
#4133 = AXIS2_PLACEMENT_3D ( 'NONE', #3732, #5098, #7888 ) ;
#4134 = EDGE_LOOP ( 'NONE', ( #3535, #6866, #8290, #840 ) ) ;
#4135 = CARTESIAN_POINT ( 'NONE',  ( -33.47186724673989744, -39.36458724273368404, 18.41188284895663685 ) ) ;
#4136 = VERTEX_POINT ( 'NONE', #401 ) ;
#4137 = CARTESIAN_POINT ( 'NONE',  ( -12.01965898240778507, -69.99454991975414941, -9.697115272567717881 ) ) ;
#4138 = DIRECTION ( 'NONE',  ( 0.000000000000000000, 0.000000000000000000, -1.000000000000000000 ) ) ;
#4139 = AXIS2_PLACEMENT_3D ( 'NONE', #5458, #758, #3409 ) ;
#4140 = VERTEX_POINT ( 'NONE', #1134 ) ;
#4141 = CARTESIAN_POINT ( 'NONE',  ( -66.41322155275670980, -77.45818478260558493, -4.081932985784904488 ) ) ;
#4142 = CARTESIAN_POINT ( 'NONE',  ( -63.56607214184688104, -77.19116953902026523, -6.518771356279400742 ) ) ;
#4143 = ORIENTED_EDGE ( 'NONE', *, *, #5095, .T. ) ;
#4144 = CARTESIAN_POINT ( 'NONE',  ( -6.396961012757603982, -76.64374949963381312, -8.017097596197741538 ) ) ;
#4145 = ORIENTED_EDGE ( 'NONE', *, *, #8689, .T. ) ;
#4146 = CARTESIAN_POINT ( 'NONE',  ( -32.10800448670127594, -54.17822028544186708, 18.41188284895663685 ) ) ;
#4147 = EDGE_LOOP ( 'NONE', ( #7875, #2680, #4322, #6320 ) ) ;
#4148 = DIRECTION ( 'NONE',  ( 0.000000000000000000, 0.000000000000000000, -1.000000000000000000 ) ) ;
#4149 = CARTESIAN_POINT ( 'NONE',  ( -65.50913482260531850, -8.043647801444780754, 7.161332895250591690 ) ) ;
#4150 = LINE ( 'NONE', #5557, #3133 ) ;
#4151 = AXIS2_PLACEMENT_3D ( 'NONE', #7837, #2138, #5090 ) ;
#4152 = EDGE_CURVE ( 'NONE', #4685, #3163, #5752, .T. ) ;
#4153 = CARTESIAN_POINT ( 'NONE',  ( -32.10800448670128304, 28.31240956509812534, -9.460522109477237152 ) ) ;
#4154 = EDGE_CURVE ( 'NONE', #7401, #3308, #3731, .T. ) ;
#4155 = DIRECTION ( 'NONE',  ( 1.000000000000000000, -0.000000000000000000, -0.000000000000000000 ) ) ;
#4156 = AXIS2_PLACEMENT_3D ( 'NONE', #6389, #24, #7121 ) ;
#4157 = FACE_OUTER_BOUND ( 'NONE', #721, .T. ) ;
#4158 = CARTESIAN_POINT ( 'NONE',  ( -28.92073046823676563, 22.43135244673924689, -7.936076847340328477 ) ) ;
#4159 = CARTESIAN_POINT ( 'NONE',  ( 2.929333162847244321, -13.46614224469488619, 0.8696223143230072949 ) ) ;
#4160 = CARTESIAN_POINT ( 'NONE',  ( -2.250515334627436026, -18.90535120191297480, -7.819125799074368999 ) ) ;
#4161 = CARTESIAN_POINT ( 'NONE',  ( -62.28969597379223444, -78.22969196592279673, -7.399974635766349174 ) ) ;
#4162 = CARTESIAN_POINT ( 'NONE',  ( -12.64301572101357962, -63.88341233250316265, -9.816612166646942583 ) ) ;
#4163 = EDGE_CURVE ( 'NONE', #334, #2848, #4306, .T. ) ;
#4164 = DIRECTION ( 'NONE',  ( -0.000000000000000000, -0.000000000000000000, 1.000000000000000000 ) ) ;
#4165 = EDGE_CURVE ( 'NONE', #5724, #4140, #5324, .T. ) ;
#4166 = CARTESIAN_POINT ( 'NONE',  ( -2.052685295160536327, -45.92554573194100698, -7.481794926890564135 ) ) ;
#4167 = ORIENTED_EDGE ( 'NONE', *, *, #7786, .F. ) ;
#4168 = CARTESIAN_POINT ( 'NONE',  ( -52.31696664844522360, -70.35814263372674304, -9.586228600657610954 ) ) ;
#4169 = CARTESIAN_POINT ( 'NONE',  ( -44.11399347687051886, -121.2132881752237239, -0.02807631166537046669 ) ) ;
#4170 = CARTESIAN_POINT ( 'NONE',  ( -34.55620604617016056, 1.825922309466886828, -11.25011548460053135 ) ) ;
#4171 = CARTESIAN_POINT ( 'NONE',  ( -1.925089188023648257, -23.16885048242604128, -7.363023638635316281 ) ) ;
#4172 = VECTOR ( 'NONE', #1017, 1000.000000000000000 ) ;
#4173 = CARTESIAN_POINT ( 'NONE',  ( -65.50317409934316970, -12.89278051652616952, 2.456362943299636115 ) ) ;
#4174 = CARTESIAN_POINT ( 'NONE',  ( -32.10800448670127594, -22.17822028544098245, 1.411882848956637293 ) ) ;
#4175 = DIRECTION ( 'NONE',  ( 0.000000000000000000, 0.000000000000000000, -1.000000000000000000 ) ) ;
#4176 = CARTESIAN_POINT ( 'NONE',  ( -5.767123777210601432, -50.14718448268713757, -7.410889004886242581 ) ) ;
#4177 = VECTOR ( 'NONE', #1004, 1000.000000000000114 ) ;
#4178 = DIRECTION ( 'NONE',  ( -0.000000000000000000, -0.000000000000000000, 1.000000000000000000 ) ) ;
#4179 = ADVANCED_FACE ( 'NONE', ( #4055 ), #6108, .F. ) ;
#4180 = CARTESIAN_POINT ( 'NONE',  ( -7.756651696407730334, -56.74860668495230698, -10.22135087662989150 ) ) ;
#4181 = ORIENTED_EDGE ( 'NONE', *, *, #850, .T. ) ;
#4182 = CARTESIAN_POINT ( 'NONE',  ( -61.10800447810921554, -38.00442471284925006, -5.628329776127968032 ) ) ;
#4183 = AXIS2_PLACEMENT_3D ( 'NONE', #8909, #6263, #2116 ) ;
#4184 = ORIENTED_EDGE ( 'NONE', *, *, #3148, .F. ) ;
#4185 = CARTESIAN_POINT ( 'NONE',  ( -11.83971787577964641, -60.38518398052269731, -9.660042295717676808 ) ) ;
#4186 = CARTESIAN_POINT ( 'NONE',  ( -3.994729028466334153, -22.96793239856432578, -6.273033800180086494 ) ) ;
#4187 = DIRECTION ( 'NONE',  ( -1.000000000000000000, -0.000000000000000000, -0.000000000000000000 ) ) ;
#4188 = ORIENTED_EDGE ( 'NONE', *, *, #2149, .T. ) ;
#4189 = CARTESIAN_POINT ( 'NONE',  ( -2.847413208181438282, -76.59341159141892774, -7.970719479510160355 ) ) ;
#4190 = ORIENTED_EDGE ( 'NONE', *, *, #3491, .F. ) ;
#4191 = DIRECTION ( 'NONE',  ( 0.7071067811865445751, 0.7071067811865503483, 0.000000000000000000 ) ) ;
#4192 =( BOUNDED_SURFACE ( )  B_SPLINE_SURFACE ( 3, 2, ( 
 ( #4750, #453, #7488 ),
 ( #6750, #504, #1917 ),
 ( #3334, #3966, #8312 ),
 ( #1327, #8943, #3376 ),
 ( #3283, #7536, #6889 ),
 ( #2058, #8128, #4841 ),
 ( #1876, #4659, #7625 ),
 ( #7439, #6254, #2229 ),
 ( #8441, #8403, #6938 ),
 ( #2829, #7678, #1543 ),
 ( #5053, #4333, #1421 ),
 ( #813, #7756, #2910 ),
 ( #2787, #12, #6294 ),
 ( #3510, #8359, #4206 ),
 ( #2146, #4160, #2185 ),
 ( #6336, #6983, #7800 ) ),
 .UNSPECIFIED., .F., .F., .F. ) 
 B_SPLINE_SURFACE_WITH_KNOTS ( ( 4, 2, 2, 2, 2, 2, 2, 4 ),
 ( 3, 3 ),
 ( 6.283185307179586232, 6.409362885246628672, 6.535540463313671111, 6.661718041380713551, 6.787895619447755990, 6.914073197514798430, 7.040250775581840870, 7.292605931715926637 ),
 ( 0.000000000000000000, 1.000000000000000000 ),
 .UNSPECIFIED. ) 
 GEOMETRIC_REPRESENTATION_ITEM ( )  RATIONAL_B_SPLINE_SURFACE ( (
 ( 1.000000000000000000, 0.8697915813912026062, 1.000000000000000000),
 ( 1.000000000000000000, 0.8697897759101735904, 1.000000000000000000),
 ( 1.000000000000000000, 0.8705391408405567244, 1.000000000000000000),
 ( 1.000000000000000000, 0.8734711610576300078, 1.000000000000000000),
 ( 1.000000000000000000, 0.8756551490881641087, 1.000000000000000000),
 ( 1.000000000000000000, 0.8812916484240826964, 1.000000000000000000),
 ( 1.000000000000000000, 0.8847433341940696971, 1.000000000000000000),
 ( 1.000000000000000000, 0.8926567295139832270, 1.000000000000000000),
 ( 1.000000000000000000, 0.8971174452746808470, 1.000000000000000000),
 ( 1.000000000000000000, 0.9067283181843812656, 1.000000000000000000),
 ( 1.000000000000000000, 0.9118774899182369165, 1.000000000000000000),
 ( 1.000000000000000000, 0.9225129560859230970, 1.000000000000000000),
 ( 1.000000000000000000, 0.9279983934434286041, 1.000000000000000000),
 ( 1.000000000000000000, 0.9444263830130555926, 1.000000000000000000),
 ( 1.000000000000000000, 0.9553293322317275571, 1.000000000000000000),
 ( 1.000000000000000000, 0.9648850793330513431, 1.000000000000000000) ) ) 
 REPRESENTATION_ITEM ( '' )  SURFACE ( )  );
#4193 = EDGE_LOOP ( 'NONE', ( #5211, #7410 ) ) ;
#4194 = DIRECTION ( 'NONE',  ( 0.000000000000000000, 0.000000000000000000, -1.000000000000000000 ) ) ;
#4195 = FACE_OUTER_BOUND ( 'NONE', #7464, .T. ) ;
#4196 = CARTESIAN_POINT ( 'NONE',  ( -73.99076653270489601, 1.043443661987518478, -13.22822741526793955 ) ) ;
#4197 = CARTESIAN_POINT ( 'NONE',  ( -55.16570878298389857, 5.504427365173989450, 6.128635415188288249 ) ) ;
#4198 = CARTESIAN_POINT ( 'NONE',  ( -56.27129010348988913, -73.50293576256935069, -10.28448981637644621 ) ) ;
#4199 = AXIS2_PLACEMENT_3D ( 'NONE', #8008, #7413, #2524 ) ;
#4200 = CIRCLE ( 'NONE', #3896, 1.825000000000000178 ) ;
#4201 = CARTESIAN_POINT ( 'NONE',  ( -35.60800448670127594, -77.85808688002525457, 27.14700303224234190 ) ) ;
#4202 = PRODUCT_DEFINITION_CONTEXT ( 'detailed design', #465, 'design' ) ;
#4203 = CARTESIAN_POINT ( 'NONE',  ( -31.84218540130648378, 23.99987527468019977, -8.036736700190463267 ) ) ;
#4204 = CARTESIAN_POINT ( 'NONE',  ( -26.45115023720892466, -43.83507453493427874, 18.41188284895663685 ) ) ;
#4205 = EDGE_CURVE ( 'NONE', #2141, #8593, #8099, .T. ) ;
#4206 = CARTESIAN_POINT ( 'NONE',  ( -4.546000559803123231, -13.37545915022264786, -5.034381873901478954 ) ) ;
#4207 = CARTESIAN_POINT ( 'NONE',  ( -55.04825033284481606, -72.39660032982665427, -10.65317234545547720 ) ) ;
#4208 = VECTOR ( 'NONE', #3518, 1000.000000000000000 ) ;
#4209 = CARTESIAN_POINT ( 'NONE',  ( -9.057180319386000988, 5.489401174843901998, 6.099949817535715191 ) ) ;
#4210 = VERTEX_POINT ( 'NONE', #4006 ) ;
#4211 = CARTESIAN_POINT ( 'NONE',  ( -23.03084897349712534, -71.48596535551243392, -1.487612087655021398 ) ) ;
#4212 = CARTESIAN_POINT ( 'NONE',  ( -52.16085863053229588, -69.88099473824961194, -9.617885591383441124 ) ) ;
#4213 = CARTESIAN_POINT ( 'NONE',  ( -42.92067079312942468, -123.5972885681776035, 1.888290536557699406 ) ) ;
#4214 = CARTESIAN_POINT ( 'NONE',  ( -33.40495923700537872, 1.207084051547698378, -11.42889046946396370 ) ) ;
#4215 = CARTESIAN_POINT ( 'NONE',  ( -15.36525796554864165, -0.8333233348686868158, -5.854086178552556419 ) ) ;
#4216 = ADVANCED_FACE ( 'NONE', ( #7613, #3272 ), #3366, .T. ) ;
#4217 = CARTESIAN_POINT ( 'NONE',  ( -36.10800448668866380, 19.73544886802826781, -8.286644396433786142 ) ) ;
#4218 = EDGE_CURVE ( 'NONE', #1748, #807, #8886, .T. ) ;
#4219 = CARTESIAN_POINT ( 'NONE',  ( -5.234710086479731572, -48.90850464407693465, -7.103942807850605057 ) ) ;
#4220 = CARTESIAN_POINT ( 'NONE',  ( -16.12996166874654236, -78.27339786784766318, 26.40205967592688197 ) ) ;
#4221 = CARTESIAN_POINT ( 'NONE',  ( -0.9727170988549221908, -36.80170600067815201, -6.750256056507830671 ) ) ;
#4222 = EDGE_LOOP ( 'NONE', ( #4772, #1516, #3790, #5896 ) ) ;
#4223 = CARTESIAN_POINT ( 'NONE',  ( -32.10800448670129725, -3.106444489211872106, -11.58811715104334361 ) ) ;
#4224 = ADVANCED_FACE ( 'NONE', ( #8162 ), #7326, .T. ) ;
#4225 = ORIENTED_EDGE ( 'NONE', *, *, #8550, .T. ) ;
#4226 = CARTESIAN_POINT ( 'NONE',  ( -11.95248109974642681, -60.71086861346695684, -9.683413224643725670 ) ) ;
#4227 = CARTESIAN_POINT ( 'NONE',  ( -44.93356296991329657, -100.7977949236744166, 8.411882848956651060 ) ) ;
#4228 = DIRECTION ( 'NONE',  ( -0.000000000000000000, -0.000000000000000000, 1.000000000000000000 ) ) ;
#4229 = ORIENTED_EDGE ( 'NONE', *, *, #3947, .F. ) ;
#4230 = CARTESIAN_POINT ( 'NONE',  ( -7.652163719650803664, -73.76997490249540590, -10.18639296758493096 ) ) ;
#4231 = ORIENTED_EDGE ( 'NONE', *, *, #6269, .F. ) ;
#4232 = LINE ( 'NONE', #3363, #7782 ) ;
#4233 = EDGE_CURVE ( 'NONE', #4328, #529, #6061, .T. ) ;
#4234 = ORIENTED_EDGE ( 'NONE', *, *, #8970, .F. ) ;
#4235 = CYLINDRICAL_SURFACE ( 'NONE', #2986, 25.99999999999999645 ) ;
#4236 = CARTESIAN_POINT ( 'NONE',  ( -3.108004484486201147, -38.00442471284928558, -5.683036223250713448 ) ) ;
#4237 = DIRECTION ( 'NONE',  ( 0.000000000000000000, 0.000000000000000000, -1.000000000000000000 ) ) ;
#4238 = VERTEX_POINT ( 'NONE', #85 ) ;
#4239 = CARTESIAN_POINT ( 'NONE',  ( -54.25948194280631753, -71.13415278569159739, -10.85742040113757589 ) ) ;
#4240 = AXIS2_PLACEMENT_3D ( 'NONE', #4339, #8482, #6986 ) ;
#4241 = CARTESIAN_POINT ( 'NONE',  ( 4.256808767396856652, -9.121417147415744608, 13.53842246668498106 ) ) ;
#4242 = CARTESIAN_POINT ( 'NONE',  ( -33.14664653101626612, 23.87163607138708343, -8.021173072111666968 ) ) ;
#4243 = CARTESIAN_POINT ( 'NONE',  ( -37.91160816274148004, -43.98182396148199302, 18.41188284895663685 ) ) ;
#4244 = PLANE ( 'NONE',  #5139 ) ;
#4245 =( LENGTH_UNIT ( ) NAMED_UNIT ( * ) SI_UNIT ( .MILLI., .METRE. ) );
#4246 = CARTESIAN_POINT ( 'NONE',  ( -63.18194199709085979, -39.42396609922147377, -6.793878891776923723 ) ) ;
#4247 = EDGE_LOOP ( 'NONE', ( #5043, #203, #8070, #4234, #5175, #2501 ) ) ;
#4248 = CARTESIAN_POINT ( 'NONE',  ( -55.62146897328592132, -75.79442420356073740, -8.701213074653450619 ) ) ;
#4249 = DIRECTION ( 'NONE',  ( 0.7071067811865456854, -0.000000000000000000, 0.7071067811865493491 ) ) ;
#4250 = CARTESIAN_POINT ( 'NONE',  ( -46.57650333979775326, -38.17822028544185997, -13.22822741526793955 ) ) ;
#4251 = CARTESIAN_POINT ( 'NONE',  ( -27.11435935094900529, -5.469335941981937843, -11.32897524560372915 ) ) ;
#4252 = CARTESIAN_POINT ( 'NONE',  ( -35.30656956753911402, 17.58457434479092285, -9.072691978440614591 ) ) ;
#4253 =( BOUNDED_SURFACE ( )  B_SPLINE_SURFACE ( 3, 2, ( 
 ( #4437, #7213, #963 ),
 ( #3744, #6524, #283 ),
 ( #2016, #1878, #7582 ),
 ( #4754, #7538, #5296 ),
 ( #3923, #4019, #6119 ),
 ( #8759, #7444, #8085 ),
 ( #8132, #416, #3286 ),
 ( #2645, #4661, #2694 ),
 ( #1968, #6074, #4800 ),
 ( #4112, #5430, #6803 ),
 ( #8900, #1291, #3378 ),
 ( #3189, #507, #2508 ),
 ( #8807, #5476, #2604 ),
 ( #5385, #8857, #3337 ) ),
 .UNSPECIFIED., .F., .F., .T. ) 
 B_SPLINE_SURFACE_WITH_KNOTS ( ( 4, 2, 2, 2, 2, 2, 4 ),
 ( 3, 3 ),
 ( 1.570796326794896558, 1.963495408493620697, 2.356194490192344837, 2.552544031041707129, 2.748893571891068976, 2.945243112740430824, 3.141592653589793116 ),
 ( 0.000000000000000000, 1.000000000000000000 ),
 .UNSPECIFIED. ) 
 GEOMETRIC_REPRESENTATION_ITEM ( )  RATIONAL_B_SPLINE_SURFACE ( (
 ( 1.000000000000000000, 1.000000000000000000, 1.000000000000000000),
 ( 1.000000000000000000, 1.000158582174050403, 1.000000000000000000),
 ( 1.000000000000000000, 0.9867291873849484141, 1.000000000000000000),
 ( 1.000000000000000000, 0.9386556523773645910, 1.000000000000000000),
 ( 1.000000000000000000, 0.9038128866906217640, 1.000000000000000000),
 ( 1.000000000000000000, 0.8471316623313472904, 1.000000000000000000),
 ( 1.000000000000000000, 0.8275942669551894504, 1.000000000000000000),
 ( 1.000000000000000000, 0.7902180112881528329, 1.000000000000000000),
 ( 1.000000000000000000, 0.7723968187713190492, 1.000000000000000000),
 ( 1.000000000000000000, 0.7418334209258892198, 1.000000000000000000),
 ( 1.000000000000000000, 0.7291288917604151765, 1.000000000000000000),
 ( 1.000000000000000000, 0.7117460047828970682, 1.000000000000000000),
 ( 1.000000000000000000, 0.7070717266846718863, 1.000000000000000000),
 ( 1.000000000000000000, 0.7071067811865475727, 1.000000000000000000) ) ) 
 REPRESENTATION_ITEM ( '' )  SURFACE ( )  );
#4254 = CARTESIAN_POINT ( 'NONE',  ( -3.234679483018642721, -40.72611228251697213, -5.777369044515530128 ) ) ;
#4255 = CARTESIAN_POINT ( 'NONE',  ( -53.56280498154016101, -69.05864074303271138, -11.01594993635144704 ) ) ;
#4256 = CARTESIAN_POINT ( 'NONE',  ( -28.60800448670127238, -101.8580868800252546, 7.545930361950008880 ) ) ;
#4257 = DIRECTION ( 'NONE',  ( 0.000000000000000000, 0.000000000000000000, -1.000000000000000000 ) ) ;
#4258 = EDGE_CURVE ( 'NONE', #4682, #4526, #2665, .T. ) ;
#4259 = EDGE_LOOP ( 'NONE', ( #340, #2304 ) ) ;
#4260 = ADVANCED_FACE ( 'NONE', ( #1488 ), #6779, .F. ) ;
#4261 = CARTESIAN_POINT ( 'NONE',  ( -56.07626770155425788, -54.36513230605931568, -8.487138243209670918 ) ) ;
#4262 = PLANE ( 'NONE',  #538 ) ;
#4263 = AXIS2_PLACEMENT_3D ( 'NONE', #8135, #4665, #372 ) ;
#4264 = ORIENTED_EDGE ( 'NONE', *, *, #764, .F. ) ;
#4265 = CARTESIAN_POINT ( 'NONE',  ( -10.80097180751315022, -72.80769410580386136, -9.423472784499615784 ) ) ;
#4266 = VECTOR ( 'NONE', #5212, 1000.000000000000000 ) ;
#4267 = CARTESIAN_POINT ( 'NONE',  ( -26.45115023720892466, -43.83507453493427874, -13.22822741526793955 ) ) ;
#4268 = VECTOR ( 'NONE', #3741, 1000.000000000000000 ) ;
#4269 = CARTESIAN_POINT ( 'NONE',  ( -13.58656058013544055, 0.8401891360741717829, -3.770384594529933686 ) ) ;
#4270 = EDGE_LOOP ( 'NONE', ( #2259, #5527, #1196, #1058 ) ) ;
#4271 = ADVANCED_FACE ( 'NONE', ( #2266, #760, #2860, #5637, #3670, #2218, #1580, #2176, #6284, #7791, #4323, #3626, #126, #5675, #5719, #4367 ), #8471, .T. ) ;
#4272 = CARTESIAN_POINT ( 'NONE',  ( -10.26108494474648758, -73.33700260328903653, -9.328919122402121289 ) ) ;
#4273 = ORIENTED_EDGE ( 'NONE', *, *, #825, .F. ) ;
#4274 = CARTESIAN_POINT ( 'NONE',  ( -61.86817381099741908, -27.18893071996048505, -7.667203290628481938 ) ) ;
#4275 = CARTESIAN_POINT ( 'NONE',  ( -57.65977018692147027, -55.09574119046674667, -9.791583298631218568 ) ) ;
#4276 = VERTEX_POINT ( 'NONE', #42 ) ;
#4277 = DIRECTION ( 'NONE',  ( 0.000000000000000000, 0.000000000000000000, -1.000000000000000000 ) ) ;
#4278 = VECTOR ( 'NONE', #8304, 1000.000000000000000 ) ;
#4279 = CARTESIAN_POINT ( 'NONE',  ( -51.21596294218026912, 1.464217064765711118, -2.968745489953914518 ) ) ;
#4280 = CARTESIAN_POINT ( 'NONE',  ( -28.29696673888723524, -5.505921828378104621, -11.46396227292941106 ) ) ;
#4281 = EDGE_LOOP ( 'NONE', ( #3644, #7564, #2131, #41 ) ) ;
#4282 = EDGE_CURVE ( 'NONE', #6915, #5869, #7705, .T. ) ;
#4283 = VECTOR ( 'NONE', #5156, 1000.000000000000000 ) ;
#4284 = CARTESIAN_POINT ( 'NONE',  ( -60.21902578657689276, -77.79888808064674777, -6.869540197454576003 ) ) ;
#4285 = CARTESIAN_POINT ( 'NONE',  ( 4.041934168089315271, -9.011079385165269073, 12.39991842559967594 ) ) ;
#4286 = B_SPLINE_CURVE_WITH_KNOTS ( 'NONE', 3,
 ( #7753, #5562, #3550, #5727, #51, #1456, #8401, #4158, #2869, #3508, #6292, #2101, #8476, #5009, #6415, #8357, #4203, #6981, #2144, #4242, #7021, #769, #6334, #4928, #2908, #2785, #728, #1540, #93, #6376, #5644, #2827, #7060, #5680 ),
 .UNSPECIFIED., .F., .F.,
 ( 4, 2, 2, 2, 2, 2, 2, 2, 2, 2, 2, 2, 2, 2, 2, 2, 4 ),
 ( 0.008639954137686315511, 0.009422265019163076488, 0.01020457590063983747, 0.01098688678211659844, 0.01176919766359335942, 0.01255150854507012040, 0.01333381942654688138, 0.01411613030802364235, 0.01489844118950040333, 0.01568075207097716431, 0.01646306295245392529, 0.01724537383393068626, 0.01802768471540744724, 0.01880999559688420822, 0.01959230647836096920, 0.02037461735983773017, 0.02115692824131449115 ),
 .UNSPECIFIED. ) ;
#4287 = CARTESIAN_POINT ( 'NONE',  ( -28.60800448670127238, -84.85808688002525457, -1.487612087655021398 ) ) ;
#4288 = DIRECTION ( 'NONE',  ( -0.000000000000000000, -0.000000000000000000, 1.000000000000000000 ) ) ;
#4289 = CARTESIAN_POINT ( 'NONE',  ( -48.08604730465567201, -78.27339786784770581, 26.40205967592687131 ) ) ;
#4290 =( NAMED_UNIT ( * ) PLANE_ANGLE_UNIT ( ) SI_UNIT ( $, .RADIAN. ) );
#4291 = CIRCLE ( 'NONE', #4881, 4.000000000000003553 ) ;
#4292 = CARTESIAN_POINT ( 'NONE',  ( -66.49427351911083406, -65.45591833397311632, 108.4362694665913835 ) ) ;
#4293 = ORIENTED_EDGE ( 'NONE', *, *, #1577, .T. ) ;
#4294 = B_SPLINE_CURVE_WITH_KNOTS ( 'NONE', 3,
 ( #6980, #8438, #7752, #6291, #2181, #5561, #1455, #8400, #50, #3466, #4285, #640, #2826, #6251, #2143, #6333, #5520, #4241, #8309, #4838, #3549, #92 ),
 .UNSPECIFIED., .F., .F.,
 ( 4, 2, 2, 2, 2, 2, 2, 2, 2, 2, 4 ),
 ( 0.001520616372012633831, 0.002106841044779234930, 0.002693065717545836679, 0.003279290390312437561, 0.003865515063079039311, 0.004158627399462338017, 0.004451739735845636724, 0.004744852072228934563, 0.005037964408612233269, 0.005624189081378830682, 0.006210413754145428095 ),
 .UNSPECIFIED. ) ;
#4295 = CARTESIAN_POINT ( 'NONE',  ( -54.18040731882097560, -74.02306317834967331, -9.138473362964761648 ) ) ;
#4296 = CYLINDRICAL_SURFACE ( 'NONE', #1209, 1.825000000000000178 ) ;
#4297 = CARTESIAN_POINT ( 'NONE',  ( -1.785847601268254037, -31.11471212521057694, -7.307647350000070929 ) ) ;
#4298 = CARTESIAN_POINT ( 'NONE',  ( -25.86408334842974810, -9.096575795506021578, -8.419331902531569156 ) ) ;
#4299 = CARTESIAN_POINT ( 'NONE',  ( -35.14690999778904512, 17.38634867754885960, -9.166908596734378634 ) ) ;
#4300 = DIRECTION ( 'NONE',  ( -0.3922749854591618401, -0.9198479960205458994, -0.000000000000000000 ) ) ;
#4301 = DIRECTION ( 'NONE',  ( 0.000000000000000000, 0.000000000000000000, 1.000000000000000000 ) ) ;
#4302 = EDGE_LOOP ( 'NONE', ( #3715, #5550 ) ) ;
#4303 = CARTESIAN_POINT ( 'NONE',  ( -54.59987872964236288, -71.61576024498243953, -10.77235591666367043 ) ) ;
#4304 = CARTESIAN_POINT ( 'NONE',  ( -41.91716909996311813, -8.414065297790466857, -7.650520410582807074 ) ) ;
#4305 = EDGE_LOOP ( 'NONE', ( #2019, #8628, #8144, #6078 ) ) ;
#4306 = CIRCLE ( 'NONE', #6933, 1.824999999999998401 ) ;
#4307 = CARTESIAN_POINT ( 'NONE',  ( -60.10677651618735950, -45.57839987634248047, -6.334000528454697410 ) ) ;
#4308 = DIRECTION ( 'NONE',  ( 0.000000000000000000, 0.000000000000000000, -1.000000000000000000 ) ) ;
#4309 = ORIENTED_EDGE ( 'NONE', *, *, #8021, .T. ) ;
#4310 = CARTESIAN_POINT ( 'NONE',  ( -6.503206725181849279, -77.61782157549176020, -8.000091151594626027 ) ) ;
#4311 = ADVANCED_FACE ( 'NONE', ( #5000 ), #5555, .F. ) ;
#4312 = VECTOR ( 'NONE', #8069, 1000.000000000000000 ) ;
#4313 = VECTOR ( 'NONE', #8705, 1000.000000000000114 ) ;
#4314 = DIRECTION ( 'NONE',  ( 0.000000000000000000, -0.000000000000000000, 1.000000000000000000 ) ) ;
#4315 = CARTESIAN_POINT ( 'NONE',  ( 1.512191799073708376, -6.976972817077768951, 15.17770526286378008 ) ) ;
#4316 = VERTEX_POINT ( 'NONE', #7142 ) ;
#4317 = B_SPLINE_CURVE_WITH_KNOTS ( 'NONE', 3,
 ( #997, #313, #1865, #7290, #3043, #1091 ),
 .UNSPECIFIED., .F., .F.,
 ( 4, 2, 4 ),
 ( 0.000000000000000000, 0.5000000000000000000, 1.000000000000000000 ),
 .UNSPECIFIED. ) ;
#4318 = CARTESIAN_POINT ( 'NONE',  ( -5.118107570088601399, -77.32733646731097110, -7.441965168850996015 ) ) ;
#4319 = VERTEX_POINT ( 'NONE', #2817 ) ;
#4320 = CARTESIAN_POINT ( 'NONE',  ( 8.622126372425729102, -76.75818478260572419, 26.41188284895664040 ) ) ;
#4321 = AXIS2_PLACEMENT_3D ( 'NONE', #8276, #2613, #5576 ) ;
#4322 = ORIENTED_EDGE ( 'NONE', *, *, #3748, .F. ) ;
#4323 = FACE_BOUND ( 'NONE', #7053, .T. ) ;
#4324 = EDGE_CURVE ( 'NONE', #703, #1023, #8392, .T. ) ;
#4325 = CARTESIAN_POINT ( 'NONE',  ( -68.37250845547859512, -10.49549332968669546, 7.088836630810761541 ) ) ;
#4326 = CARTESIAN_POINT ( 'NONE',  ( -46.57650333979775326, -38.17822028544185997, 1.411882848956637293 ) ) ;
#4327 = ADVANCED_FACE ( 'NONE', ( #802 ), #4235, .T. ) ;
#4328 = VERTEX_POINT ( 'NONE', #6409 ) ;
#4329 = CARTESIAN_POINT ( 'NONE',  ( -55.15315733518099961, -72.31907313762945932, -10.62411483300672010 ) ) ;
#4330 = CARTESIAN_POINT ( 'NONE',  ( -36.41365363274753975, -9.196751108793669971, -8.663477219307944566 ) ) ;
#4331 = VERTEX_POINT ( 'NONE', #888 ) ;
#4332 = DIRECTION ( 'NONE',  ( -1.000000000000000000, -0.000000000000000000, 0.000000000000000000 ) ) ;
#4333 = CARTESIAN_POINT ( 'NONE',  ( 4.209643625252946109, -15.24060303041351716, -2.071153333424907039 ) ) ;
#4334 = CARTESIAN_POINT ( 'NONE',  ( -32.10800448670126883, -84.85808688002525457, -1.588117151043349606 ) ) ;
#4335 = ADVANCED_FACE ( 'NONE', ( #4 ), #6974, .T. ) ;
#4336 = CARTESIAN_POINT ( 'NONE',  ( -1.707219275569597849, -16.90389925201634114, -3.308803741219843886 ) ) ;
#4337 = CIRCLE ( 'NONE', #8130, 10.00000000000000000 ) ;
#4338 = VECTOR ( 'NONE', #7507, 1000.000000000000000 ) ;
#4339 = CARTESIAN_POINT ( 'NONE',  ( -44.68515999990541587, -71.48596535551243392, -1.588117151043349606 ) ) ;
#4340 = EDGE_LOOP ( 'NONE', ( #7263, #449, #8840, #1567, #2627, #2002 ) ) ;
#4341 = CARTESIAN_POINT ( 'NONE',  ( -51.53611591352033372, -66.62386372396017009, -9.735733490046774463 ) ) ;
#4342 = DIRECTION ( 'NONE',  ( -0.3922749854591618401, -0.9198479960205458994, -0.000000000000000000 ) ) ;
#4343 = CARTESIAN_POINT ( 'NONE',  ( -73.95358232439227208, 1.227255602397645751, -13.22822741526793955 ) ) ;
#4344 = CARTESIAN_POINT ( 'NONE',  ( -20.36669388582692974, -3.877861991732188152, -9.378112263750269406 ) ) ;
#4345 = AXIS2_PLACEMENT_3D ( 'NONE', #3288, #8901, #4663 ) ;
#4346 = CARTESIAN_POINT ( 'NONE',  ( -32.40412151228019155, 28.00000000000000355, -6.734285131968768212 ) ) ;
#4347 = EDGE_CURVE ( 'NONE', #4136, #2377, #3168, .T. ) ;
#4348 = CARTESIAN_POINT ( 'NONE',  ( -68.84581213160352320, -11.31431209080240663, 6.534229255740060083 ) ) ;
#4349 = VECTOR ( 'NONE', #822, 1000.000000000000000 ) ;
#4350 = LINE ( 'NONE', #4978, #1630 ) ;
#4351 = ORIENTED_EDGE ( 'NONE', *, *, #5992, .T. ) ;
#4352 = CARTESIAN_POINT ( 'NONE',  ( -1.136872777488252328, -15.96943313493916961, -2.426333975194629122 ) ) ;
#4353 = DIRECTION ( 'NONE',  ( 0.000000000000000000, 0.000000000000000000, -1.000000000000000000 ) ) ;
#4354 = ORIENTED_EDGE ( 'NONE', *, *, #7211, .F. ) ;
#4355 = CARTESIAN_POINT ( 'NONE',  ( -28.27615023720892395, -43.83507453493427874, -13.22822741526793955 ) ) ;
#4356 = CARTESIAN_POINT ( 'NONE',  ( -32.10800448670127594, -38.17822028544185997, 18.41188284895663685 ) ) ;
#4357 = ORIENTED_EDGE ( 'NONE', *, *, #2748, .T. ) ;
#4358 = CARTESIAN_POINT ( 'NONE',  ( -35.60800448670127594, -74.85808688002526878, 26.41188284895664040 ) ) ;
#4359 = CARTESIAN_POINT ( 'NONE',  ( -11.28244600348924465, -86.75818478260566735, -1.588117151043349606 ) ) ;
#4360 = DIRECTION ( 'NONE',  ( 0.000000000000000000, 0.000000000000000000, -1.000000000000000000 ) ) ;
#4361 = VERTEX_POINT ( 'NONE', #302 ) ;
#4362 = FACE_OUTER_BOUND ( 'NONE', #709, .T. ) ;
#4363 = EDGE_LOOP ( 'NONE', ( #4116, #4608 ) ) ;
#4364 = DIRECTION ( 'NONE',  ( 0.8583439052881717268, 0.5130747901180198189, 0.000000000000000000 ) ) ;
#4365 = CARTESIAN_POINT ( 'NONE',  ( -59.49516863872818817, -52.22204299038301656, -8.983729229553146567 ) ) ;
#4366 = ORIENTED_EDGE ( 'NONE', *, *, #5649, .T. ) ;
#4367 = FACE_BOUND ( 'NONE', #7750, .T. ) ;
#4368 = CARTESIAN_POINT ( 'NONE',  ( -60.65718158236148838, -77.95594080035917273, -6.628652194845667367 ) ) ;
#4369 = CARTESIAN_POINT ( 'NONE',  ( -72.83813534582833427, -76.75818478260556788, 24.41188284895663685 ) ) ;
#4370 = EDGE_LOOP ( 'NONE', ( #6146, #5039, #5010, #8032 ) ) ;
#4371 = CARTESIAN_POINT ( 'NONE',  ( -57.25474732378567921, -74.34536787927164880, -9.938982852677771263 ) ) ;
#4372 = EDGE_CURVE ( 'NONE', #4037, #3071, #6055, .T. ) ;
#4373 = EDGE_CURVE ( 'NONE', #7141, #2771, #215, .T. ) ;
#4374 = CARTESIAN_POINT ( 'NONE',  ( 15.61710850672256790, -26.89975948760449143, 108.4362694665913835 ) ) ;
#4375 = ORIENTED_EDGE ( 'NONE', *, *, #252, .F. ) ;
#4376 = DIRECTION ( 'NONE',  ( -1.000000000000000000, 0.000000000000000000, 0.000000000000000000 ) ) ;
#4377 = CARTESIAN_POINT ( 'NONE',  ( -62.23104295674660591, -23.15886593477618050, -7.407433152121408959 ) ) ;
#4378 = FACE_BOUND ( 'NONE', #1008, .T. ) ;
#4379 = CARTESIAN_POINT ( 'NONE',  ( -0.6749381147729044406, -15.29211699533430924, -1.668681868163872428 ) ) ;
#4380 = VECTOR ( 'NONE', #6988, 1000.000000000000000 ) ;
#4381 = B_SPLINE_CURVE_WITH_KNOTS ( 'NONE', 3,
 ( #8596, #5946, #978, #1751, #1163, #7272, #5899, #3799, #2344, #7315, #7965, #1710, #6538, #3893, #5807, #1021, #5309, #6581, #8643, #337, #8688, #1067, #5851, #3205, #4537, #8772, #3846, #5171, #2436, #6630, #385, #472, #8732, #5262, #3113, #1119, #7918, #7365, #1662, #1844, #4583, #5124, #428, #6676, #3937, #4628, #4451, #6722, #7228, #3065, #3758, #295 ),
 .UNSPECIFIED., .F., .F.,
 ( 4, 2, 2, 2, 2, 2, 2, 2, 2, 2, 2, 2, 2, 2, 2, 2, 2, 2, 2, 2, 2, 2, 2, 2, 2, 4 ),
 ( 0.000000000000000000, 0.06562500050553984887, 0.09843750075830977331, 0.1148437508846947425, 0.1312500010110796977, 0.1476562511374646391, 0.1640625012638496361, 0.1804687513902346052, 0.1968750015166195466, 0.2296875017693894849, 0.2625000020221593955, 0.2953125022749292783, 0.3117187524013143030, 0.3281250025276992721, 0.3445312526540841858, 0.3609375027804692104, 0.3937500030332390932, 0.4265625032860090315, 0.4429687534123940562, 0.4593750035387789699, 0.4757812536651639390, 0.4921875037915489082, 0.5085937539179338218, 0.5250000040443187910, 0.5578125042970887293, 0.5671649362312900511 ),
 .UNSPECIFIED. ) ;
#4382 = CARTESIAN_POINT ( 'NONE',  ( -63.07378737852657480, -35.09889365244898585, -6.870346874722002894 ) ) ;
#4383 = ORIENTED_EDGE ( 'NONE', *, *, #2162, .F. ) ;
#4384 = EDGE_CURVE ( 'NONE', #1351, #8133, #1761, .T. ) ;
#4385 = CARTESIAN_POINT ( 'NONE',  ( -45.91220209187457613, 27.49004251890308836, 26.41188284895664040 ) ) ;
#4386 = FACE_OUTER_BOUND ( 'NONE', #5128, .T. ) ;
#4387 = FACE_OUTER_BOUND ( 'NONE', #518, .T. ) ;
#4388 = CARTESIAN_POINT ( 'NONE',  ( -22.71850014984603305, -8.533219420442746284, -7.768381669024710057 ) ) ;
#4389 = CARTESIAN_POINT ( 'NONE',  ( -32.13973447761812707, 2.958965861392420127, 9.411882848956636849 ) ) ;
#4390 = DIRECTION ( 'NONE',  ( 0.000000000000000000, 1.000000000000000000, 0.000000000000000000 ) ) ;
#4391 = LINE ( 'NONE', #917, #7903 ) ;
#4392 = ORIENTED_EDGE ( 'NONE', *, *, #1869, .F. ) ;
#4393 = CARTESIAN_POINT ( 'NONE',  ( -53.12316291118598599, -66.82493782072516808, -11.10577926728451637 ) ) ;
#4394 = CARTESIAN_POINT ( 'NONE',  ( -43.87175594359519692, -7.744130984031370346, -7.012266808436920407 ) ) ;
#4395 = EDGE_LOOP ( 'NONE', ( #7287, #6288, #6042, #7196 ) ) ;
#4396 = EDGE_CURVE ( 'NONE', #747, #2519, #5028, .T. ) ;
#4397 = CARTESIAN_POINT ( 'NONE',  ( -2.603796882951886271, -14.65819804260867798, 1.411882848956637293 ) ) ;
#4398 = DIRECTION ( 'NONE',  ( -1.734723475976805517E-15, -1.000000000000000000, 0.000000000000000000 ) ) ;
#4399 = CARTESIAN_POINT ( 'NONE',  ( -60.75460652203669554, -3.999999999999999112, 162.2921154739354677 ) ) ;
#4400 = ORIENTED_EDGE ( 'NONE', *, *, #8916, .T. ) ;
#4401 = DIRECTION ( 'NONE',  ( 0.000000000000000000, 0.000000000000000000, -1.000000000000000000 ) ) ;
#4402 = CARTESIAN_POINT ( 'NONE',  ( -21.28244600348924820, -121.6230729217454041, 8.411882848956651060 ) ) ;
#4403 = LINE ( 'NONE', #8053, #3162 ) ;
#4404 = VERTEX_POINT ( 'NONE', #3121 ) ;
#4405 = LINE ( 'NONE', #8599, #3816 ) ;
#4406 = VERTEX_POINT ( 'NONE', #2307 ) ;
#4407 = CARTESIAN_POINT ( 'NONE',  ( -79.83311748012511089, -26.89975948760450564, 108.4362694665913835 ) ) ;
#4408 = ORIENTED_EDGE ( 'NONE', *, *, #1585, .T. ) ;
#4409 = CARTESIAN_POINT ( 'NONE',  ( -11.06274066183609328, -64.96578545661182602, -11.09984893244447868 ) ) ;
#4410 = CARTESIAN_POINT ( 'NONE',  ( -30.45800448670127381, -94.85808688002525457, 26.41188284895664040 ) ) ;
#4411 = CARTESIAN_POINT ( 'NONE',  ( -25.73095709011992938, -5.339290247042482562, -11.10552024416412742 ) ) ;
#4412 = AXIS2_PLACEMENT_3D ( 'NONE', #5812, #5716, #3624 ) ;
#4413 = CIRCLE ( 'NONE', #1355, 1.825000000000000178 ) ;
#4414 = ORIENTED_EDGE ( 'NONE', *, *, #6337, .T. ) ;
#4415 = CARTESIAN_POINT ( 'NONE',  ( -21.59091914841803828, -29.48613494715874239, 18.41188284895663685 ) ) ;
#4416 = CIRCLE ( 'NONE', #483, 1.825000000000000178 ) ;
#4417 = DIRECTION ( 'NONE',  ( 0.000000000000000000, 0.000000000000000000, -1.000000000000000000 ) ) ;
#4418 = ORIENTED_EDGE ( 'NONE', *, *, #7063, .F. ) ;
#4419 = DIRECTION ( 'NONE',  ( -0.000000000000000000, -1.000000000000000000, 0.000000000000000000 ) ) ;
#4420 = DIRECTION ( 'NONE',  ( 1.000000000000000000, 0.000000000000000000, 0.000000000000000000 ) ) ;
#4421 = DIRECTION ( 'NONE',  ( 0.000000000000000000, 0.000000000000000000, -1.000000000000000000 ) ) ;
#4422 = ADVANCED_FACE ( 'NONE', ( #7925 ), #1759, .F. ) ;
#4423 = EDGE_CURVE ( 'NONE', #36, #1095, #1660, .T. ) ;
#4424 = LINE ( 'NONE', #2956, #832 ) ;
#4425 = AXIS2_PLACEMENT_3D ( 'NONE', #1, #5553, #8345 ) ;
#4426 = CARTESIAN_POINT ( 'NONE',  ( -2.303439755501853092, -46.74701682717480367, -7.639754975474113863 ) ) ;
#4427 = CARTESIAN_POINT ( 'NONE',  ( -31.57951572442585331, 1.026397878777939310, -11.50385792218742509 ) ) ;
#4428 = ORIENTED_EDGE ( 'NONE', *, *, #241, .T. ) ;
#4429 = LINE ( 'NONE', #8486, #8779 ) ;
#4430 = LINE ( 'NONE', #7207, #6457 ) ;
#4431 = DIRECTION ( 'NONE',  ( -0.000000000000000000, -0.000000000000000000, -1.000000000000000000 ) ) ;
#4432 = CARTESIAN_POINT ( 'NONE',  ( -60.60327269666307615, -32.50603503516835957, -5.995690354010018375 ) ) ;
#4433 = DIRECTION ( 'NONE',  ( -0.000000000000000000, -0.000000000000000000, 1.000000000000000000 ) ) ;
#4434 = EDGE_CURVE ( 'NONE', #2519, #747, #226, .T. ) ;
#4435 = ADVANCED_FACE ( 'NONE', ( #7915 ), #1568, .T. ) ;
#4436 = CIRCLE ( 'NONE', #2394, 1.825000000000007283 ) ;
#4437 = CARTESIAN_POINT ( 'NONE',  ( -23.28244600348924465, -119.6230729217454041, -1.588117151043349162 ) ) ;
#4438 = ORIENTED_EDGE ( 'NONE', *, *, #5085, .T. ) ;
#4439 = DIRECTION ( 'NONE',  ( 1.000000000000000000, 0.000000000000000000, 0.000000000000000000 ) ) ;
#4440 = CARTESIAN_POINT ( 'NONE',  ( -44.24389278761032074, -7.589477378223811854, -6.869021733571981869 ) ) ;
#4441 = ORIENTED_EDGE ( 'NONE', *, *, #3499, .T. ) ;
#4442 = DIRECTION ( 'NONE',  ( 0.000000000000000000, 0.000000000000000000, 1.000000000000000000 ) ) ;
#4443 = CYLINDRICAL_SURFACE ( 'NONE', #49, 1.825000000000000178 ) ;
#4444 = AXIS2_PLACEMENT_3D ( 'NONE', #322, #4613, #4520 ) ;
#4445 = DIRECTION ( 'NONE',  ( 0.000000000000000000, 0.000000000000000000, 1.000000000000000000 ) ) ;
#4446 = CYLINDRICAL_SURFACE ( 'NONE', #1088, 1.649999999999998579 ) ;
#4447 = VERTEX_POINT ( 'NONE', #3756 ) ;
#4448 = DIRECTION ( 'NONE',  ( 0.000000000000000000, 0.000000000000000000, -1.000000000000000000 ) ) ;
#4449 = EDGE_CURVE ( 'NONE', #703, #5087, #6632, .T. ) ;
#4450 = CARTESIAN_POINT ( 'NONE',  ( -19.53084897349712534, -71.48596535551243392, -1.487612087655021398 ) ) ;
#4451 = CARTESIAN_POINT ( 'NONE',  ( -9.884605486738458069, -70.87944994383271080, -10.83981242339185336 ) ) ;
#4452 = CARTESIAN_POINT ( 'NONE',  ( -30.28300448670128020, -47.67822028544098600, 1.411882848956637293 ) ) ;
#4453 = VERTEX_POINT ( 'NONE', #1065 ) ;
#4454 = CARTESIAN_POINT ( 'NONE',  ( 1.283458269007728747, -78.75818478260569577, -3.157242194047744199 ) ) ;
#4455 = ORIENTED_EDGE ( 'NONE', *, *, #6165, .F. ) ;
#4456 = CYLINDRICAL_SURFACE ( 'NONE', #5146, 20.00000000000000355 ) ;
#4457 = B_SPLINE_SURFACE_WITH_KNOTS ( 'NONE', 1, 3, ( 
 ( #771, #177, #3552, #3636 ),
 ( #688, #2276, #1375, #5646 ) ),
 .UNSPECIFIED., .F., .F., .F.,
 ( 2, 2 ),
 ( 4, 4 ),
 ( 0.000000000000000000, 1.000000000000000000 ),
 ( 0.000000000000000000, 0.001850010919804824993 ),
 .UNSPECIFIED. ) ;
#4458 = EDGE_LOOP ( 'NONE', ( #2947, #4418, #5496, #7419, #8256 ) ) ;
#4459 = VECTOR ( 'NONE', #2708, 1000.000000000000000 ) ;
#4460 = CARTESIAN_POINT ( 'NONE',  ( -11.00102577748906718, -66.83520100584009072, -11.08765255745504064 ) ) ;
#4461 = CARTESIAN_POINT ( 'NONE',  ( -62.81941174847175091, -78.51950402060002432, -5.280234736517231298 ) ) ;
#4462 = VERTEX_POINT ( 'NONE', #3844 ) ;
#4463 = AXIS2_PLACEMENT_3D ( 'NONE', #4690, #2589, #442 ) ;
#4464 = CARTESIAN_POINT ( 'NONE',  ( -57.34965503060897163, -76.35216132766817054, -8.209927359926027179 ) ) ;
#4465 = CARTESIAN_POINT ( 'NONE',  ( -46.35629106902467100, -6.535934735635626325, -5.903651840671298778 ) ) ;
#4466 = VERTEX_POINT ( 'NONE', #4358 ) ;
#4467 = CARTESIAN_POINT ( 'NONE',  ( -61.18495284351043750, -48.62503406806288098, -8.078024835586935737 ) ) ;
#4468 = CARTESIAN_POINT ( 'NONE',  ( -8.914580758177846675, -74.75818478260566735, -1.588117151043349606 ) ) ;
#4469 = CIRCLE ( 'NONE', #2417, 1.825000000000000178 ) ;
#4470 = CARTESIAN_POINT ( 'NONE',  ( -51.69757512142861344, -67.93940476681925134, -9.706680825386293066 ) ) ;
#4471 = CARTESIAN_POINT ( 'NONE',  ( -2.684772664245010709, -18.83109159572134317, -4.708080193820633141 ) ) ;
#4472 = CARTESIAN_POINT ( 'NONE',  ( -54.82689682820370791, 4.461631851553629957, 4.854488317801483710 ) ) ;
#4473 = CARTESIAN_POINT ( 'NONE',  ( -9.563705719455182219, 3.756202361750061058, 4.279644071672874084 ) ) ;
#4474 = ORIENTED_EDGE ( 'NONE', *, *, #2612, .F. ) ;
#4475 = CARTESIAN_POINT ( 'NONE',  ( -39.46518812189926706, -5.190532354259431713, -10.90120387483064590 ) ) ;
#4476 = DIRECTION ( 'NONE',  ( 1.000000000000000000, 0.000000000000000000, 0.000000000000000000 ) ) ;
#4477 = EDGE_CURVE ( 'NONE', #5313, #1616, #5619, .T. ) ;
#4478 = DIRECTION ( 'NONE',  ( 0.000000000000000000, 0.000000000000000000, -1.000000000000000000 ) ) ;
#4479 = CARTESIAN_POINT ( 'NONE',  ( -61.02705418290292272, -35.77028758530313723, -5.688298514509508408 ) ) ;
#4480 =( BOUNDED_CURVE ( )  B_SPLINE_CURVE ( 3, ( #2736, #3959, #8122, #3330 ),
 .UNSPECIFIED., .F., .F. ) 
 B_SPLINE_CURVE_WITH_KNOTS ( ( 4, 4 ),
 ( 1.684469097951376781, 2.152262575868102434 ),
 .UNSPECIFIED. ) 
 CURVE ( )  GEOMETRIC_REPRESENTATION_ITEM ( )  RATIONAL_B_SPLINE_CURVE ( ( 1.000000000000000000, 0.9818470906736173065, 0.9818470906736173065, 1.000000000000000000 ) ) 
 REPRESENTATION_ITEM ( '' )  );
#4481 = CARTESIAN_POINT ( 'NONE',  ( -53.08288365767948846, -72.17414890345321510, -9.417836651967640194 ) ) ;
#4482 = CARTESIAN_POINT ( 'NONE',  ( -23.53570753496936163, -8.730755845342134336, -7.972703105179423488 ) ) ;
#4483 = EDGE_LOOP ( 'NONE', ( #1223, #3037, #2368, #1044 ) ) ;
#4484 = FACE_BOUND ( 'NONE', #4302, .T. ) ;
#4485 = CARTESIAN_POINT ( 'NONE',  ( -3.107606129289789632, -38.23470213585051170, -5.682737378339443701 ) ) ;
#4486 = EDGE_LOOP ( 'NONE', ( #8824, #4428, #6192, #4510 ) ) ;
#4487 = ORIENTED_EDGE ( 'NONE', *, *, #2730, .F. ) ;
#4488 = AXIS2_PLACEMENT_3D ( 'NONE', #4402, #4314, #4952 ) ;
#4489 = EDGE_CURVE ( 'NONE', #8419, #5959, #1708, .T. ) ;
#4490 = CARTESIAN_POINT ( 'NONE',  ( -25.30956760332031052, -42.41120161574383474, 1.411882848956637293 ) ) ;
#4491 = ADVANCED_FACE ( 'NONE', ( #5943 ), #6534, .F. ) ;
#4492 = CARTESIAN_POINT ( 'NONE',  ( -63.20147827573746468, -19.72128541625674458, -6.162663451239760448 ) ) ;
#4493 = CARTESIAN_POINT ( 'NONE',  ( -52.48776600866327158, -60.08510875882079461, -9.550580020265364567 ) ) ;
#4494 = ORIENTED_EDGE ( 'NONE', *, *, #1807, .F. ) ;
#4495 = CARTESIAN_POINT ( 'NONE',  ( -2.844392198145051953, -79.55484404877991267, -6.138989284633978194 ) ) ;
#4496 = DIRECTION ( 'NONE',  ( -0.000000000000000000, -0.000000000000000000, 1.000000000000000000 ) ) ;
#4497 = CARTESIAN_POINT ( 'NONE',  ( 9.922126372425774221, -12.00000000000000178, 162.2921154739354677 ) ) ;
#4498 = CARTESIAN_POINT ( 'NONE',  ( -32.10800448670126883, -114.8580868800252404, 26.41188284895664040 ) ) ;
#4499 = EDGE_LOOP ( 'NONE', ( #6098, #3880, #7862, #344 ) ) ;
#4500 = CARTESIAN_POINT ( 'NONE',  ( -3.818616885167044117, -77.86465563878255125, -6.772725334175175860 ) ) ;
#4501 = EDGE_LOOP ( 'NONE', ( #6362, #1611, #5993, #5223 ) ) ;
#4502 = ADVANCED_FACE ( 'NONE', ( #3063 ), #5757, .F. ) ;
#4503 = ORIENTED_EDGE ( 'NONE', *, *, #1152, .F. ) ;
#4504 = CARTESIAN_POINT ( 'NONE',  ( -10.29810521381503285, -69.86735864051989608, -10.93761547575192594 ) ) ;
#4505 = CARTESIAN_POINT ( 'NONE',  ( 0.5889688876944958462, -6.421108150107687429, 14.41188284895664573 ) ) ;
#4506 = ORIENTED_EDGE ( 'NONE', *, *, #970, .F. ) ;
#4507 = CARTESIAN_POINT ( 'NONE',  ( -52.76409520844200784, -71.68347967657763320, -9.614365888112363479 ) ) ;
#4508 = EDGE_CURVE ( 'NONE', #7518, #3862, #2433, .T. ) ;
#4509 = DIRECTION ( 'NONE',  ( -0.000000000000000000, -0.000000000000000000, 1.000000000000000000 ) ) ;
#4510 = ORIENTED_EDGE ( 'NONE', *, *, #6642, .T. ) ;
#4511 = CARTESIAN_POINT ( 'NONE',  ( -62.53164003441394669, -44.25857716087129035, -7.241133064418429299 ) ) ;
#4512 = CARTESIAN_POINT ( 'NONE',  ( 0.4904753673966831817, -7.876778132788770925, 26.41188284895664040 ) ) ;
#4513 = DIRECTION ( 'NONE',  ( -1.000000000000000000, 0.000000000000000000, 0.000000000000000000 ) ) ;
#4514 = CARTESIAN_POINT ( 'NONE',  ( 1.933406357294711553, -14.65237639206761955, -1.255558999757446337 ) ) ;
#4515 = CARTESIAN_POINT ( 'NONE',  ( -36.10800448668869933, 5.000000000000023981, -6.588117151043349828 ) ) ;
#4516 = CARTESIAN_POINT ( 'NONE',  ( -9.694439827876825788, 3.159375709956087075, 3.884432453266897678 ) ) ;
#4517 = ORIENTED_EDGE ( 'NONE', *, *, #3545, .F. ) ;
#4518 = CARTESIAN_POINT ( 'NONE',  ( -50.22648242511002081, 0.4114706440550216504, -4.321135150655591062 ) ) ;
#4519 = CYLINDRICAL_SURFACE ( 'NONE', #8207, 1.825000000000000178 ) ;
#4520 = DIRECTION ( 'NONE',  ( -1.000000000000000000, 3.373738070520607634E-14, 0.000000000000000000 ) ) ;
#4521 = DIRECTION ( 'NONE',  ( -1.000000000000000000, 0.000000000000000000, 0.000000000000000000 ) ) ;
#4522 = CARTESIAN_POINT ( 'NONE',  ( -26.73695633177773345, -9.163374916332715614, -8.542013746082071535 ) ) ;
#4523 = ORIENTED_EDGE ( 'NONE', *, *, #1206, .F. ) ;
#4524 = CARTESIAN_POINT ( 'NONE',  ( -54.52284548900890826, -59.43559259618560731, -10.79244618574819192 ) ) ;
#4525 = FACE_OUTER_BOUND ( 'NONE', #5804, .T. ) ;
#4526 = VERTEX_POINT ( 'NONE', #8730 ) ;
#4527 = DIRECTION ( 'NONE',  ( -1.000000000000000000, 0.000000000000000000, 0.000000000000000000 ) ) ;
#4528 = CARTESIAN_POINT ( 'NONE',  ( -25.70833916827073296, 28.00000000000000000, -4.263986648895969012 ) ) ;
#4529 =( BOUNDED_SURFACE ( )  B_SPLINE_SURFACE ( 3, 2, ( 
 ( #846, #5676, #5599 ),
 ( #2049, #3502, #4149 ),
 ( #6285, #2733, #8393 ),
 ( #6369, #7711, #7792 ),
 ( #127, #1451, #4325 ),
 ( #6411, #2904, #2861 ) ),
 .UNSPECIFIED., .F., .F., .F. ) 
 B_SPLINE_SURFACE_WITH_KNOTS ( ( 4, 2, 4 ),
 ( 3, 3 ),
 ( 0.000000000000000000, 0.001573953918619437576, 0.003147907837238875153 ),
 ( 0.000000000000000000, 1.000000000000000000 ),
 .UNSPECIFIED. ) 
 GEOMETRIC_REPRESENTATION_ITEM ( )  RATIONAL_B_SPLINE_SURFACE ( (
 ( 1.000000000000000000, 0.7993052538854533706, 1.000000000000000000),
 ( 1.000000000000000000, 0.8004116025919745248, 1.000000000000000000),
 ( 1.000000000000000000, 0.8012956221931615275, 1.000000000000000000),
 ( 1.000000000000000000, 0.8027083215827077733, 1.000000000000000000),
 ( 1.000000000000000000, 0.8032366503880745690, 1.000000000000000000),
 ( 1.000000000000000000, 0.8036062018069957125, 1.000000000000000000) ) ) 
 REPRESENTATION_ITEM ( '' )  SURFACE ( )  );
#4530 = CARTESIAN_POINT ( 'NONE',  ( -60.69359358340307153, -21.09002140129904035, -5.703844463674729859 ) ) ;
#4531 = CARTESIAN_POINT ( 'NONE',  ( -53.01500151999348986, -58.86670971826814736, -9.434059656167367081 ) ) ;
#4532 = VERTEX_POINT ( 'NONE', #2478 ) ;
#4533 = CARTESIAN_POINT ( 'NONE',  ( -3.671179328731903002, -79.22889171856522239, -6.621268237778537014 ) ) ;
#4534 = CARTESIAN_POINT ( 'NONE',  ( 0.7625857506584813317, -7.218895887570875303, 8.668172870684884401 ) ) ;
#4535 = EDGE_CURVE ( 'NONE', #3306, #3725, #2297, .T. ) ;
#4536 = EDGE_CURVE ( 'NONE', #6540, #1889, #6578, .T. ) ;
#4537 = CARTESIAN_POINT ( 'NONE',  ( -11.06274066183609328, -64.96578545661182602, -11.09984893244447868 ) ) ;
#4538 = DIRECTION ( 'NONE',  ( 0.000000000000000000, 0.000000000000000000, -1.000000000000000000 ) ) ;
#4539 = ORIENTED_EDGE ( 'NONE', *, *, #1587, .T. ) ;
#4540 = LINE ( 'NONE', #3029, #5579 ) ;
#4541 = ORIENTED_EDGE ( 'NONE', *, *, #8127, .F. ) ;
#4542 = CARTESIAN_POINT ( 'NONE',  ( -56.84375873004789526, -76.01880437332839335, -1.396678853093914929 ) ) ;
#4543 = VERTEX_POINT ( 'NONE', #7176 ) ;
#4544 = DIRECTION ( 'NONE',  ( 1.000000000000000000, 0.000000000000000000, 0.000000000000000000 ) ) ;
#4545 = CARTESIAN_POINT ( 'NONE',  ( 0.4566691789916296762, -6.429104702810175098, 12.43839175545859632 ) ) ;
#4546 = EDGE_CURVE ( 'NONE', #6915, #183, #3642, .T. ) ;
#4547 = AXIS2_PLACEMENT_3D ( 'NONE', #1605, #8418, #7168 ) ;
#4548 = ORIENTED_EDGE ( 'NONE', *, *, #137, .F. ) ;
#4549 = CARTESIAN_POINT ( 'NONE',  ( -56.37899793590113262, -75.66718942860437380, -8.577899054985287819 ) ) ;
#4550 = CARTESIAN_POINT ( 'NONE',  ( -32.10800448670127594, -22.17822028544098245, 18.41188284895663685 ) ) ;
#4551 = CARTESIAN_POINT ( 'NONE',  ( -3.862529449777624801, -31.43227590607190791, 1.411882848956630410 ) ) ;
#4552 = VECTOR ( 'NONE', #2305, 1000.000000000000000 ) ;
#4553 = ORIENTED_EDGE ( 'NONE', *, *, #6537, .F. ) ;
#4554 = CARTESIAN_POINT ( 'NONE',  ( -63.07378737852657480, -35.09889365244898585, -6.870346874722002894 ) ) ;
#4555 = AXIS2_PLACEMENT_3D ( 'NONE', #3802, #3117, #7231 ) ;
#4556 = CARTESIAN_POINT ( 'NONE',  ( -62.05708396376524405, -24.31985779060778086, -7.548601421004996759 ) ) ;
#4557 = DIRECTION ( 'NONE',  ( 0.000000000000000000, 0.000000000000000000, -1.000000000000000000 ) ) ;
#4558 = EDGE_CURVE ( 'NONE', #2262, #615, #5467, .T. ) ;
#4559 = CARTESIAN_POINT ( 'NONE',  ( -47.10800448670129015, -78.04525164055847597, 24.41188284895663685 ) ) ;
#4560 = DIRECTION ( 'NONE',  ( -1.000000000000000000, 0.000000000000000000, 0.000000000000000000 ) ) ;
#4561 = DIRECTION ( 'NONE',  ( 0.000000000000000000, 0.000000000000000000, -1.000000000000000000 ) ) ;
#4562 = VERTEX_POINT ( 'NONE', #8769 ) ;
#4563 = CARTESIAN_POINT ( 'NONE',  ( 1.438230231366901757, -7.127097524608706713, 11.47694836565260879 ) ) ;
#4564 = CARTESIAN_POINT ( 'NONE',  ( -68.14670215844853374, -8.802380802233921386, 14.41188284895664573 ) ) ;
#4565 = LINE ( 'NONE', #1735, #4268 ) ;
#4566 = CARTESIAN_POINT ( 'NONE',  ( -28.90935032158193607, 17.58474486735503461, -9.072620921538007366 ) ) ;
#4567 = VECTOR ( 'NONE', #8897, 1000.000000000000000 ) ;
#4568 = CARTESIAN_POINT ( 'NONE',  ( 4.671247289192731245, 28.00000000000000000, 5.078281748072922319 ) ) ;
#4569 = AXIS2_PLACEMENT_3D ( 'NONE', #6361, #4228, #5631 ) ;
#4570 = CARTESIAN_POINT ( 'NONE',  ( -22.31564462785595993, -8.422216183421621594, -7.657832025973064560 ) ) ;
#4571 = ORIENTED_EDGE ( 'NONE', *, *, #3107, .F. ) ;
#4572 = LINE ( 'NONE', #7166, #397 ) ;
#4573 = CARTESIAN_POINT ( 'NONE',  ( -8.306063667443870813, -54.57370843699724361, -8.626473959447332973 ) ) ;
#4574 = EDGE_LOOP ( 'NONE', ( #4989, #8157, #310, #7370 ) ) ;
#4575 = CARTESIAN_POINT ( 'NONE',  ( -1.179017027654407412, -16.04203564540580373, 1.411882848956630410 ) ) ;
#4576 = DIRECTION ( 'NONE',  ( 0.000000000000000000, 0.000000000000000000, -1.000000000000000000 ) ) ;
#4577 = CARTESIAN_POINT ( 'NONE',  ( -64.26885793197607200, -17.37771467556781602, -4.526615344772431548 ) ) ;
#4578 = CARTESIAN_POINT ( 'NONE',  ( -51.49701746759969723, -65.12357109667038912, -9.742637194446430726 ) ) ;
#4579 = ORIENTED_EDGE ( 'NONE', *, *, #3760, .T. ) ;
#4580 = CARTESIAN_POINT ( 'NONE',  ( -60.94787043547491123, -20.31448737928485926, -5.393464266858562617 ) ) ;
#4581 = AXIS2_PLACEMENT_3D ( 'NONE', #1839, #5941, #1658 ) ;
#4582 = CARTESIAN_POINT ( 'NONE',  ( -33.75800448670126741, -74.85808688002526878, -1.588117151043349606 ) ) ;
#4583 = CARTESIAN_POINT ( 'NONE',  ( -10.40122851607306131, -69.57056027890044447, -10.96090770546790871 ) ) ;
#4584 = CARTESIAN_POINT ( 'NONE',  ( -49.79348067574716907, -0.01016385894513159235, -4.848511203187355179 ) ) ;
#4585 = ORIENTED_EDGE ( 'NONE', *, *, #6106, .F. ) ;
#4586 = CIRCLE ( 'NONE', #1673, 1.825000000000000178 ) ;
#4587 = ORIENTED_EDGE ( 'NONE', *, *, #2922, .T. ) ;
#4588 = CARTESIAN_POINT ( 'NONE',  ( -64.95444411841920385, -6.510451556792125949, 14.63908415722099932 ) ) ;
#4589 = ORIENTED_EDGE ( 'NONE', *, *, #1261, .T. ) ;
#4590 = CARTESIAN_POINT ( 'NONE',  ( -3.461402451365890087, -3.999999999999999112, 25.11188284895660772 ) ) ;
#4591 = DIRECTION ( 'NONE',  ( 0.3922749854591618401, 0.9198479960205458994, 0.000000000000000000 ) ) ;
#4592 = EDGE_LOOP ( 'NONE', ( #8225, #8331 ) ) ;
#4593 = CARTESIAN_POINT ( 'NONE',  ( 0.4756810109447593415, -13.83311594803764955, 0.4097513094876714668 ) ) ;
#4594 = CARTESIAN_POINT ( 'NONE',  ( -32.10800448670127594, -38.17822028544185997, -13.22822741526793955 ) ) ;
#4595 = VECTOR ( 'NONE', #5952, 1000.000000000000114 ) ;
#4596 = EDGE_CURVE ( 'NONE', #3983, #1714, #1677, .T. ) ;
#4597 = FACE_OUTER_BOUND ( 'NONE', #6240, .T. ) ;
#4598 = ADVANCED_FACE ( 'NONE', ( #6033 ), #5684, .T. ) ;
#4599 = VERTEX_POINT ( 'NONE', #8958 ) ;
#4600 = FACE_BOUND ( 'NONE', #5933, .T. ) ;
#4601 = CARTESIAN_POINT ( 'NONE',  ( -63.68684581335207184, -18.55155845648915047, -5.444791625143574620 ) ) ;
#4602 = CARTESIAN_POINT ( 'NONE',  ( -42.93356296991329657, -123.6230729217454041, 2.411882848956650172 ) ) ;
#4603 = B_SPLINE_SURFACE_WITH_KNOTS ( 'NONE', 1, 3, ( 
 ( #439, #5508, #2585, #5367, #7425, #8298, #2043, #5999, #8788, #2540, #8112, #3951, #4230, #1446, #756, #5040, #6969, #122, #6321, #163, #78, #8429, #674, #4995, #841, #2172, #9023, #7662, #3622, #7742, #3456, #4189, #6239, #2212, #2773, #5671, #8388, #7089, #2130, #6925, #7009, #2812, #3578, #1483, #2897, #2086, #717, #5551 ),
 ( #3496, #8343, #1406, #2937, #5714, #2261, #3536, #4873, #4272, #6280, #8467, #6363, #7050, #2855, #37, #6405, #5633, #5592, #4955, #797, #7787, #8511, #1357, #4915, #4144, #7706, #1527, #4318, #3665, #8692, #2303, #2395, #4500, #8646, #7137, #5810, #6452, #7318, #6497, #7827, #1667, #5176, #1024, #255, #1072, #7277, #341, #4454 ) ),
 .UNSPECIFIED., .F., .F., .F.,
 ( 2, 2 ),
 ( 4, 2, 2, 2, 2, 2, 2, 2, 2, 2, 2, 2, 2, 2, 2, 2, 2, 2, 2, 2, 2, 2, 2, 4 ),
 ( 0.000000000000000000, 1.000000000000000000 ),
 ( 0.000000000000000000, 0.0004832788035736134292, 0.0009665576071472268584, 0.001449836410720840288, 0.001933115214294453717, 0.002899672821441680575, 0.003866230428588907433, 0.004349509232162520646, 0.004832788035736133858, 0.005316066839309747938, 0.005799345642883361150, 0.006282624446456974363, 0.006765903250030588442, 0.007732460857177814867, 0.008699018464325041292, 0.009182297267898653637, 0.009665576071472267716, 0.01014885487504588180, 0.01039049427683268884, 0.01063213367861949588, 0.01159869128576672230, 0.01256524889291394873, 0.01353180650006117688, 0.01546492171435562973 ),
 .UNSPECIFIED. ) ;
#4604 = AXIS2_PLACEMENT_3D ( 'NONE', #6195, #7568, #583 ) ;
#4605 = AXIS2_PLACEMENT_3D ( 'NONE', #3637, #5054, #7846 ) ;
#4606 = CARTESIAN_POINT ( 'NONE',  ( -54.35258296629817920, 2.309546810000791428, 3.414589283800842701 ) ) ;
#4607 = CARTESIAN_POINT ( 'NONE',  ( -9.652544460565625428, 3.356765029564971137, 4.007886199663746929 ) ) ;
#4608 = ORIENTED_EDGE ( 'NONE', *, *, #191, .F. ) ;
#4609 = CARTESIAN_POINT ( 'NONE',  ( 9.922126372425774221, -77.45818478260565598, 162.2921154739354677 ) ) ;
#4610 = CARTESIAN_POINT ( 'NONE',  ( 2.377220685479912721, -14.11600705172761927, -0.3453532993167532927 ) ) ;
#4611 = CARTESIAN_POINT ( 'NONE',  ( -23.27106981855196821, -47.01477879752984279, -13.22822741526793955 ) ) ;
#4612 = EDGE_CURVE ( 'NONE', #287, #7881, #5260, .T. ) ;
#4613 = DIRECTION ( 'NONE',  ( -0.000000000000000000, -0.000000000000000000, 1.000000000000000000 ) ) ;
#4614 = CARTESIAN_POINT ( 'NONE',  ( -21.59091914841803828, -29.48613494715874239, -13.22822741526793955 ) ) ;
#4615 = CARTESIAN_POINT ( 'NONE',  ( -12.01965898240778507, -69.99454991975414941, -9.697115272567717881 ) ) ;
#4616 = ORIENTED_EDGE ( 'NONE', *, *, #3499, .F. ) ;
#4617 = CARTESIAN_POINT ( 'NONE',  ( -4.397911366486296991, -77.64150403001134748, -7.081063161060093591 ) ) ;
#4618 = CARTESIAN_POINT ( 'NONE',  ( -3.234679483018642721, -40.72611228251697213, -5.777369044515530128 ) ) ;
#4619 = ORIENTED_EDGE ( 'NONE', *, *, #5717, .F. ) ;
#4620 = LINE ( 'NONE', #1156, #8568 ) ;
#4621 = DIRECTION ( 'NONE',  ( -1.000000000000000000, 0.000000000000000000, 0.000000000000000000 ) ) ;
#4622 = EDGE_CURVE ( 'NONE', #1670, #1899, #5536, .T. ) ;
#4623 = CARTESIAN_POINT ( 'NONE',  ( -63.06511315480849333, -20.09204261502059197, -6.355855598636788173 ) ) ;
#4624 = CARTESIAN_POINT ( 'NONE',  ( -54.36052670989054292, -56.61252901304843022, -9.091312985062231178 ) ) ;
#4625 = ORIENTED_EDGE ( 'NONE', *, *, #5389, .T. ) ;
#4626 = CARTESIAN_POINT ( 'NONE',  ( 2.351331470182328243, -11.11424980208474267, 1.411882848956638403 ) ) ;
#4627 = CARTESIAN_POINT ( 'NONE',  ( -59.36304375341932626, -47.91589821670147842, -6.808529876922394308 ) ) ;
#4628 = CARTESIAN_POINT ( 'NONE',  ( -9.948606020205920331, -70.73742602065124174, -10.85540993184462089 ) ) ;
#4629 = DIRECTION ( 'NONE',  ( -0.000000000000000000, -0.000000000000000000, 1.000000000000000000 ) ) ;
#4630 = VECTOR ( 'NONE', #6178, 1000.000000000000000 ) ;
#4631 = VECTOR ( 'NONE', #3225, 1000.000000000000000 ) ;
#4632 = EDGE_LOOP ( 'NONE', ( #8150, #3012, #8598, #6382, #5715 ) ) ;
#4633 = ORIENTED_EDGE ( 'NONE', *, *, #1522, .F. ) ;
#4634 = CYLINDRICAL_SURFACE ( 'NONE', #180, 15.00000000000000000 ) ;
#4635 = VERTEX_POINT ( 'NONE', #178 ) ;
#4636 = CARTESIAN_POINT ( 'NONE',  ( -10.77438118912470344, -58.05707040719139655, -9.416978571778221507 ) ) ;
#4637 = AXIS2_PLACEMENT_3D ( 'NONE', #5353, #4080, #4033 ) ;
#4638 = PLANE ( 'NONE',  #7775 ) ;
#4639 = ORIENTED_EDGE ( 'NONE', *, *, #7045, .F. ) ;
#4640 = CIRCLE ( 'NONE', #268, 1.824999999999993294 ) ;
#4641 = B_SPLINE_CURVE_WITH_KNOTS ( 'NONE', 3,
 ( #5732, #8527, #2278, #1591, #2999, #7151, #6467, #5778, #2318, #5099, #7890, #1632, #3178, #2407, #7247, #6555 ),
 .UNSPECIFIED., .F., .F.,
 ( 4, 2, 2, 2, 2, 2, 2, 4 ),
 ( 0.000000000000000000, 0.1249999999999999861, 0.1874999999999999167, 0.2499999999999999722, 0.3749999999999999445, 0.5000000000000000000, 0.7500000000000000000, 1.000000000000000000 ),
 .UNSPECIFIED. ) ;
#4642 = CARTESIAN_POINT ( 'NONE',  ( -12.45240140106243665, 2.046888960715981920, -2.116267864032230772 ) ) ;
#4643 = VERTEX_POINT ( 'NONE', #8327 ) ;
#4644 = CARTESIAN_POINT ( 'NONE',  ( -74.13813534582835985, -22.21112135110120533, 162.2921154739354677 ) ) ;
#4645 = CARTESIAN_POINT ( 'NONE',  ( -9.258188322919338020, -72.08034181849659205, -10.67779462162632065 ) ) ;
#4646 = CARTESIAN_POINT ( 'NONE',  ( -30.28300448670128020, -28.67822028544097890, -13.22822741526793955 ) ) ;
#4647 = VERTEX_POINT ( 'NONE', #815 ) ;
#4648 = DIRECTION ( 'NONE',  ( 1.000000000000000000, 0.000000000000000000, 0.000000000000000000 ) ) ;
#4649 = CARTESIAN_POINT ( 'NONE',  ( -46.33515999990540735, -71.48596535551243392, 26.41188284895664040 ) ) ;
#4650 = CARTESIAN_POINT ( 'NONE',  ( -64.97859472406108239, -7.218895887570845105, 8.668172870684948350 ) ) ;
#4651 = ADVANCED_FACE ( 'NONE', ( #5490 ), #5683, .T. ) ;
#4652 = FACE_OUTER_BOUND ( 'NONE', #4305, .T. ) ;
#4653 = ADVANCED_FACE ( 'NONE', ( #8280 ), #2027, .F. ) ;
#4654 = CARTESIAN_POINT ( 'NONE',  ( 2.259831036370090196, -78.75818478260569577, 13.31269238314865966 ) ) ;
#4655 = ORIENTED_EDGE ( 'NONE', *, *, #8287, .T. ) ;
#4656 = CARTESIAN_POINT ( 'NONE',  ( -40.79484897834850443, -4.901825370466428744, -10.54708468190259474 ) ) ;
#4657 = LINE ( 'NONE', #3331, #924 ) ;
#4658 = CARTESIAN_POINT ( 'NONE',  ( -1.785847601268253371, -31.11471212521057694, -7.307647350000071818 ) ) ;
#4659 = CARTESIAN_POINT ( 'NONE',  ( 7.914774205397711704, -13.13873980955271392, 4.166274170998266690 ) ) ;
#4660 = CARTESIAN_POINT ( 'NONE',  ( -64.19607964442859327, -78.79297509049619919, -6.039070164750538261 ) ) ;
#4661 = CARTESIAN_POINT ( 'NONE',  ( -20.15735317904903923, -122.7481657461840143, -0.1960303217728238123 ) ) ;
#4662 = ORIENTED_EDGE ( 'NONE', *, *, #4384, .T. ) ;
#4663 = DIRECTION ( 'NONE',  ( -1.000000000000000000, 0.000000000000000000, 0.000000000000000000 ) ) ;
#4664 = ADVANCED_FACE ( 'NONE', ( #6955, #4378 ), #4810, .T. ) ;
#4665 = DIRECTION ( 'NONE',  ( 0.000000000000000000, -0.000000000000000000, 1.000000000000000000 ) ) ;
#4666 = ORIENTED_EDGE ( 'NONE', *, *, #1599, .T. ) ;
#4667 = CARTESIAN_POINT ( 'NONE',  ( -59.33353385496627652, -78.63969404429549570, -7.166165875917888783 ) ) ;
#4668 = FACE_OUTER_BOUND ( 'NONE', #6638, .T. ) ;
#4669 = CARTESIAN_POINT ( 'NONE',  ( 4.187161023309581509, -10.52801598493077151, 7.088258325473368870 ) ) ;
#4670 = CARTESIAN_POINT ( 'NONE',  ( -66.13197426589499628, -14.52671145056579682, -1.178581629363165906 ) ) ;
#4671 = CARTESIAN_POINT ( 'NONE',  ( -38.85800448670128304, 28.00000000000000000, 2.011882848956656478 ) ) ;
#4672 = EDGE_LOOP ( 'NONE', ( #5855, #3905 ) ) ;
#4673 = CARTESIAN_POINT ( 'NONE',  ( -64.23543357974666890, -14.37555175163807064, -0.3164615447739679843 ) ) ;
#4674 = FACE_OUTER_BOUND ( 'NONE', #4281, .T. ) ;
#4675 = DIRECTION ( 'NONE',  ( 1.000000000000000000, 0.000000000000000000, 0.000000000000000000 ) ) ;
#4676 = EDGE_CURVE ( 'NONE', #77, #6175, #8573, .T. ) ;
#4677 = CARTESIAN_POINT ( 'NONE',  ( -40.22774741214985283, -5.035178413834500155, -10.70750984583431276 ) ) ;
#4678 = VECTOR ( 'NONE', #3515, 1000.000000000000000 ) ;
#4679 = ORIENTED_EDGE ( 'NONE', *, *, #3328, .T. ) ;
#4680 = VERTEX_POINT ( 'NONE', #6379 ) ;
#4681 = CARTESIAN_POINT ( 'NONE',  ( -29.75540047668081556, -5.455647690653084858, -11.56553948207782412 ) ) ;
#4682 = VERTEX_POINT ( 'NONE', #135 ) ;
#4683 = CARTESIAN_POINT ( 'NONE',  ( -2.435902017092945293, -77.94224883327436260, -7.723824928416391344 ) ) ;
#4684 = DIRECTION ( 'NONE',  ( 1.000000000000000000, 0.000000000000000000, 0.000000000000000000 ) ) ;
#4685 = VERTEX_POINT ( 'NONE', #950 ) ;
#4686 = CARTESIAN_POINT ( 'NONE',  ( -61.05651197851153000, -76.47878710242856926, -8.152287229233889931 ) ) ;
#4687 = EDGE_LOOP ( 'NONE', ( #4906, #2213 ) ) ;
#4688 = LINE ( 'NONE', #6053, #6157 ) ;
#4689 = CARTESIAN_POINT ( 'NONE',  ( -53.31717063012574442, -58.28149088122064825, -9.362417355113670681 ) ) ;
#4690 = CARTESIAN_POINT ( 'NONE',  ( -52.93356296991329657, -86.75818478260561051, 2.411882848956650172 ) ) ;
#4691 = ORIENTED_EDGE ( 'NONE', *, *, #1976, .F. ) ;
#4692 = CARTESIAN_POINT ( 'NONE',  ( -73.34816999026163842, -12.44813511715984689, 7.817214465109088906 ) ) ;
#4693 = CARTESIAN_POINT ( 'NONE',  ( -64.26885793197607200, -17.37771467556781602, -4.526615344772431548 ) ) ;
#4694 = DIRECTION ( 'NONE',  ( 0.000000000000000000, 0.000000000000000000, 1.000000000000000000 ) ) ;
#4695 = DIRECTION ( 'NONE',  ( 0.000000000000000000, 0.000000000000000000, -1.000000000000000000 ) ) ;
#4696 = CARTESIAN_POINT ( 'NONE',  ( -60.48259539113425376, -4.237404458977727550, 9.540919079853846796 ) ) ;
#4697 = CARTESIAN_POINT ( 'NONE',  ( -49.10477169990632973, -4.633795719838481375, -4.147941930933354726 ) ) ;
#4698 = CARTESIAN_POINT ( 'NONE',  ( -64.54075922806447352, -6.321723190832571504, 12.79113366138849983 ) ) ;
#4699 = AXIS2_PLACEMENT_3D ( 'NONE', #5069, #5112, #7858 ) ;
#4700 = CARTESIAN_POINT ( 'NONE',  ( 2.197212579354177020, -77.45818478260561335, -4.081932985784846757 ) ) ;
#4701 = DIRECTION ( 'NONE',  ( -0.000000000000000000, -1.000000000000000000, -0.000000000000000000 ) ) ;
#4702 = EDGE_CURVE ( 'NONE', #7600, #7859, #2911, .T. ) ;
#4703 = DIRECTION ( 'NONE',  ( 0.000000000000000000, 0.000000000000000000, -1.000000000000000000 ) ) ;
#4704 = AXIS2_PLACEMENT_3D ( 'NONE', #7999, #1744, #421 ) ;
#4705 = FACE_OUTER_BOUND ( 'NONE', #7186, .T. ) ;
#4706 = AXIS2_PLACEMENT_3D ( 'NONE', #2327, #5108, #1049 ) ;
#4707 = CARTESIAN_POINT ( 'NONE',  ( -12.72148103566334676, -65.26183530080439255, -9.830647670732044929 ) ) ;
#4708 = CARTESIAN_POINT ( 'NONE',  ( -8.186624067157541873, -75.39204506136728412, -8.701047886400028020 ) ) ;
#4709 = CARTESIAN_POINT ( 'NONE',  ( -1.043488338391906023, -35.65319419351083496, -6.800593512351030157 ) ) ;
#4710 = VERTEX_POINT ( 'NONE', #6907 ) ;
#4711 = CARTESIAN_POINT ( 'NONE',  ( -58.68011544422885351, -78.26068175474112820, -7.481107128834487696 ) ) ;
#4712 = CARTESIAN_POINT ( 'NONE',  ( -44.05865579435403845, -122.7481657461840143, -0.1960303217728538716 ) ) ;
#4713 = PLANE ( 'NONE',  #3904 ) ;
#4714 = CARTESIAN_POINT ( 'NONE',  ( -1.749091792375446319, -22.34075956816555220, -7.171216036199882460 ) ) ;
#4715 = VECTOR ( 'NONE', #6701, 1000.000000000000000 ) ;
#4716 = CARTESIAN_POINT ( 'NONE',  ( -35.60800448670127594, -94.85808688002525457, 8.411882848956651060 ) ) ;
#4717 = EDGE_CURVE ( 'NONE', #3057, #1583, #6224, .T. ) ;
#4718 = DIRECTION ( 'NONE',  ( 1.000000000000000000, -3.469446951953611033E-15, 0.000000000000000000 ) ) ;
#4719 = ADVANCED_FACE ( 'NONE', ( #4857 ), #7645, .T. ) ;
#4720 = CARTESIAN_POINT ( 'NONE',  ( 0.3611647843499692367, -9.450742215293074011, 1.411882848957106029 ) ) ;
#4721 = CARTESIAN_POINT ( 'NONE',  ( -60.10677651618735950, -45.57839987634248047, -6.334000528454697410 ) ) ;
#4722 = CARTESIAN_POINT ( 'NONE',  ( 2.421826609834214494, -7.589375436952812137, 15.31269238314866143 ) ) ;
#4723 = DIRECTION ( 'NONE',  ( 0.000000000000000000, 0.000000000000000000, -1.000000000000000000 ) ) ;
#4724 = ORIENTED_EDGE ( 'NONE', *, *, #82, .T. ) ;
#4725 = ORIENTED_EDGE ( 'NONE', *, *, #4154, .T. ) ;
#4726 = B_SPLINE_CURVE_WITH_KNOTS ( 'NONE', 3,
 ( #1440, #1565, #925, #5801, #5663, #3526 ),
 .UNSPECIFIED., .F., .F.,
 ( 4, 2, 4 ),
 ( 0.000000000000000000, 0.5214204443405591194, 1.000000000000000000 ),
 .UNSPECIFIED. ) ;
#4727 = CARTESIAN_POINT ( 'NONE',  ( -60.97954455287207054, -40.74495364395405517, -5.723201280626279086 ) ) ;
#4728 = EDGE_CURVE ( 'NONE', #4647, #5951, #5610, .T. ) ;
#4729 = ORIENTED_EDGE ( 'NONE', *, *, #2748, .F. ) ;
#4730 = CARTESIAN_POINT ( 'NONE',  ( -11.78023704331849686, -60.22253563791846886, -9.647542229522796831 ) ) ;
#4731 = CARTESIAN_POINT ( 'NONE',  ( -65.49946724241027596, -78.75818478260556788, -3.157242194047845008 ) ) ;
#4732 = VERTEX_POINT ( 'NONE', #7110 ) ;
#4733 = CARTESIAN_POINT ( 'NONE',  ( -4.188107605853433668, -24.11526406937159805, -6.421896420258810245 ) ) ;
#4734 = CARTESIAN_POINT ( 'NONE',  ( -16.07787362757422400, -78.75818478260566735, 14.41188284895664573 ) ) ;
#4735 = VERTEX_POINT ( 'NONE', #856 ) ;
#4736 = DIRECTION ( 'NONE',  ( 1.000000000000000000, 0.000000000000000000, 0.000000000000000000 ) ) ;
#4737 = CARTESIAN_POINT ( 'NONE',  ( -4.506740304774178973, -75.89136112574728088, -8.873394214605280439 ) ) ;
#4738 = DIRECTION ( 'NONE',  ( 0.000000000000000000, 0.000000000000000000, -1.000000000000000000 ) ) ;
#4739 = EDGE_CURVE ( 'NONE', #4732, #8470, #2851, .T. ) ;
#4740 = ORIENTED_EDGE ( 'NONE', *, *, #2913, .T. ) ;
#4741 = CARTESIAN_POINT ( 'NONE',  ( -72.12125474920442514, -13.14414514015646240, 4.143072512791054152 ) ) ;
#4742 = CYLINDRICAL_SURFACE ( 'NONE', #2093, 4.000000000000003553 ) ;
#4743 = DIRECTION ( 'NONE',  ( -0.000000000000000000, -0.000000000000000000, -1.000000000000000000 ) ) ;
#4744 = CARTESIAN_POINT ( 'NONE',  ( -54.77168180351621629, -56.09745459949871815, -8.968493760838997630 ) ) ;
#4745 = AXIS2_PLACEMENT_3D ( 'NONE', #5044, #4277, #1450 ) ;
#4746 = LINE ( 'NONE', #5333, #2783 ) ;
#4747 = CARTESIAN_POINT ( 'NONE',  ( 3.652753217216642145, -12.61476212278927989, 2.772206609551643997 ) ) ;
#4748 = CARTESIAN_POINT ( 'NONE',  ( -4.176398033651128827, -29.77046063785038754, -6.414965585104460466 ) ) ;
#4749 = DIRECTION ( 'NONE',  ( 0.3627986633483164525, 0.6069407960194099783, 0.7071067811865474617 ) ) ;
#4750 = CARTESIAN_POINT ( 'NONE',  ( 9.922126372425777774, -22.21112135110121244, 14.41188284895664573 ) ) ;
#4751 = AXIS2_PLACEMENT_3D ( 'NONE', #3729, #5370, #1860 ) ;
#4752 = AXIS2_PLACEMENT_3D ( 'NONE', #1959, #4743, #6836 ) ;
#4753 = CARTESIAN_POINT ( 'NONE',  ( -61.13391912835941611, -77.75091186400547372, -8.109105278139265849 ) ) ;
#4754 = CARTESIAN_POINT ( 'NONE',  ( -21.26797009287950146, -120.6303108770506043, -1.083262708964477739 ) ) ;
#4755 = CARTESIAN_POINT ( 'NONE',  ( -10.26108494474648758, -73.33700260328903653, -9.328919122402121289 ) ) ;
#4756 = CARTESIAN_POINT ( 'NONE',  ( -1.095942499341605147, -35.08104145573214083, -6.837793669411420971 ) ) ;
#4757 = ORIENTED_EDGE ( 'NONE', *, *, #5274, .T. ) ;
#4758 = CIRCLE ( 'NONE', #5627, 1.825000000000000178 ) ;
#4759 = CARTESIAN_POINT ( 'NONE',  ( -53.05429505156222092, -65.61121155783082770, -11.11910591462171638 ) ) ;
#4760 = CARTESIAN_POINT ( 'NONE',  ( -37.91160816274148004, -43.98182396148199302, 1.411882848956637293 ) ) ;
#4761 = CARTESIAN_POINT ( 'NONE',  ( -12.68477732587505180, -2.258506430399183529, -1.856357737921005002 ) ) ;
#4762 = CARTESIAN_POINT ( 'NONE',  ( -0.4791474384613711446, -18.61231874089266469, -5.428911282541146299 ) ) ;
#4763 = CARTESIAN_POINT ( 'NONE',  ( -65.45897607663063411, -12.94399651199833912, 2.342106507734017296 ) ) ;
#4764 = DIRECTION ( 'NONE',  ( -0.000000000000000000, -0.000000000000000000, -1.000000000000000000 ) ) ;
#4765 = CARTESIAN_POINT ( 'NONE',  ( -1.026010934869491464, -16.21994036969792319, 1.411882848956637293 ) ) ;
#4766 = CARTESIAN_POINT ( 'NONE',  ( -44.93356296991329657, -121.6230729217454183, 0.06873709844903205801 ) ) ;
#4767 = CARTESIAN_POINT ( 'NONE',  ( -2.980565582936405278, -19.53820846646904030, -5.100421205238625078 ) ) ;
#4768 = CARTESIAN_POINT ( 'NONE',  ( -49.09492586637506406, -0.6274505598985797850, -5.604670056377438314 ) ) ;
#4769 = EDGE_CURVE ( 'NONE', #7600, #964, #7523, .T. ) ;
#4770 = ORIENTED_EDGE ( 'NONE', *, *, #3036, .F. ) ;
#4771 = EDGE_CURVE ( 'NONE', #1707, #8967, #4641, .T. ) ;
#4772 = ORIENTED_EDGE ( 'NONE', *, *, #1164, .T. ) ;
#4773 = FACE_BOUND ( 'NONE', #3016, .T. ) ;
#4774 = ORIENTED_EDGE ( 'NONE', *, *, #6279, .T. ) ;
#4775 = CARTESIAN_POINT ( 'NONE',  ( -4.378497081271235380, -76.96832584742875838, -8.807617973197761074 ) ) ;
#4776 = CARTESIAN_POINT ( 'NONE',  ( -61.90473936910024122, -25.75283367613868535, -7.644426172960930188 ) ) ;
#4777 =( BOUNDED_CURVE ( )  B_SPLINE_CURVE ( 3, ( #8878, #34, #8924, #2040 ),
 .UNSPECIFIED., .F., .T. ) 
 B_SPLINE_CURVE_WITH_KNOTS ( ( 4, 4 ),
 ( 0.9893300777216933461, 1.457123555638421886 ),
 .UNSPECIFIED. ) 
 CURVE ( )  GEOMETRIC_REPRESENTATION_ITEM ( )  RATIONAL_B_SPLINE_CURVE ( ( 1.000000000000000000, 0.9818470906736171955, 0.9818470906736171955, 1.000000000000000000 ) ) 
 REPRESENTATION_ITEM ( '' )  );
#4778 = AXIS2_PLACEMENT_3D ( 'NONE', #1649, #3055, #4439 ) ;
#4779 = VECTOR ( 'NONE', #4944, 1000.000000000000000 ) ;
#4780 = CARTESIAN_POINT ( 'NONE',  ( -69.04390678624149302, -11.08092586688892389, 7.541760516666173864 ) ) ;
#4781 = CARTESIAN_POINT ( 'NONE',  ( -10.15602184083621395, 4.490144602221991299, 2.567229677813073874 ) ) ;
#4782 = ORIENTED_EDGE ( 'NONE', *, *, #6271, .T. ) ;
#4783 = EDGE_CURVE ( 'NONE', #8975, #2591, #4317, .T. ) ;
#4784 = CARTESIAN_POINT ( 'NONE',  ( -29.57387815432574030, -9.115357512064429457, -8.792177366502397007 ) ) ;
#4785 = CARTESIAN_POINT ( 'NONE',  ( 1.157472594550127631, -6.760931055914117138, 162.2921154739354677 ) ) ;
#4786 = VECTOR ( 'NONE', #5806, 1000.000000000000000 ) ;
#4787 = CYLINDRICAL_SURFACE ( 'NONE', #6637, 4.000000000000003553 ) ;
#4788 = ORIENTED_EDGE ( 'NONE', *, *, #7498, .F. ) ;
#4789 = CARTESIAN_POINT ( 'NONE',  ( -74.13813534582833142, -11.99999999999996803, 14.41188284895664395 ) ) ;
#4790 = LINE ( 'NONE', #4649, #5584 ) ;
#4791 = DIRECTION ( 'NONE',  ( -0.000000000000000000, -0.000000000000000000, 1.000000000000000000 ) ) ;
#4792 = CARTESIAN_POINT ( 'NONE',  ( -23.41591914841804112, -29.48613494715874239, 1.411882848956637293 ) ) ;
#4793 = ADVANCED_FACE ( 'NONE', ( #1039 ), #8073, .T. ) ;
#4794 = DIRECTION ( 'NONE',  ( -1.000000000000000000, 0.000000000000000000, 0.000000000000000000 ) ) ;
#4795 = DIRECTION ( 'NONE',  ( -0.000000000000000000, -0.000000000000000000, 1.000000000000000000 ) ) ;
#4796 = CARTESIAN_POINT ( 'NONE',  ( -4.331259526062821053, -25.33855674304078320, -6.506163358288994836 ) ) ;
#4797 = DIRECTION ( 'NONE',  ( 1.000000000000000000, 0.000000000000000000, 0.000000000000000000 ) ) ;
#4798 = CARTESIAN_POINT ( 'NONE',  ( -3.108004486702960367, -38.00442471284927848, 108.4362694665913835 ) ) ;
#4799 = CARTESIAN_POINT ( 'NONE',  ( -55.83407570442835066, -73.52913637115824486, -10.42307159843854514 ) ) ;
#4800 = CARTESIAN_POINT ( 'NONE',  ( -21.48478008080321544, -123.2184047671175335, 0.6392780322749328503 ) ) ;
#4801 = CARTESIAN_POINT ( 'NONE',  ( -2.511368678793384213, -78.27333345979437240, -6.011348829829902485 ) ) ;
#4802 = CARTESIAN_POINT ( 'NONE',  ( -66.92384977986593242, -12.37772690455604518, 3.453545772161091598 ) ) ;
#4803 = ORIENTED_EDGE ( 'NONE', *, *, #4165, .T. ) ;
#4804 = CARTESIAN_POINT ( 'NONE',  ( -62.51419681825462504, -79.92071441484827687, -5.298955327719731656 ) ) ;
#4805 = CARTESIAN_POINT ( 'NONE',  ( -42.52377822339213509, -122.8035034287026548, -0.02807631166530999423 ) ) ;
#4806 = DIRECTION ( 'NONE',  ( 0.000000000000000000, 0.000000000000000000, 1.000000000000000000 ) ) ;
#4807 = CARTESIAN_POINT ( 'NONE',  ( -0.9621436126621164542, -19.76239067705239094, -6.139912717058998659 ) ) ;
#4808 = DIRECTION ( 'NONE',  ( -1.000000000000000000, 0.000000000000000000, 0.000000000000000000 ) ) ;
#4809 = CARTESIAN_POINT ( 'NONE',  ( -68.47896213137921961, -9.149843775934831669, 13.14908775545476338 ) ) ;
#4810 = PLANE ( 'NONE',  #4010 ) ;
#4811 = CARTESIAN_POINT ( 'NONE',  ( -13.12542034549971603, -2.756464216079924423, 1.411882848956637515 ) ) ;
#4812 = CARTESIAN_POINT ( 'NONE',  ( -2.317086143156433131, -18.04654552966730208, -4.198797113739910714 ) ) ;
#4813 = CARTESIAN_POINT ( 'NONE',  ( -1.020230936306463443, -39.98990332306113515, -6.784056364055815358 ) ) ;
#4814 = VERTEX_POINT ( 'NONE', #2547 ) ;
#4815 = ORIENTED_EDGE ( 'NONE', *, *, #2548, .T. ) ;
#4816 = CARTESIAN_POINT ( 'NONE',  ( -36.09863279678169334, 5.316177325298895084, -10.63517125494275106 ) ) ;
#4817 = CARTESIAN_POINT ( 'NONE',  ( -8.731786131299129394, -72.90823128200074166, -10.52892520875371218 ) ) ;
#4818 = EDGE_CURVE ( 'NONE', #4710, #8967, #2570, .T. ) ;
#4819 = CARTESIAN_POINT ( 'NONE',  ( -60.02426681002150843, -24.14123902736936600, -6.365041804150706639 ) ) ;
#4820 = EDGE_CURVE ( 'NONE', #3071, #4037, #5181, .T. ) ;
#4821 = AXIS2_PLACEMENT_3D ( 'NONE', #5092, #8019, #1675 ) ;
#4822 = ORIENTED_EDGE ( 'NONE', *, *, #462, .T. ) ;
#4823 = CARTESIAN_POINT ( 'NONE',  ( -29.95800448670235383, 20.00000000000003553, 23.41188284895664040 ) ) ;
#4824 = CARTESIAN_POINT ( 'NONE',  ( -44.68515999990541587, -71.48596535551243392, -1.487612087655021398 ) ) ;
#4825 = ORIENTED_EDGE ( 'NONE', *, *, #5618, .T. ) ;
#4826 = PLANE ( 'NONE',  #2946 ) ;
#4827 = ORIENTED_EDGE ( 'NONE', *, *, #4728, .F. ) ;
#4828 = CARTESIAN_POINT ( 'NONE',  ( -3.681001911168029661, -76.27167127788402468, -8.444593778124438899 ) ) ;
#4829 = LINE ( 'NONE', #6399, #6644 ) ;
#4830 = ORIENTED_EDGE ( 'NONE', *, *, #8662, .T. ) ;
#4831 = CARTESIAN_POINT ( 'NONE',  ( -64.41657462611239282, -7.870691315868095117, 5.799039138663356852 ) ) ;
#4832 = EDGE_CURVE ( 'NONE', #807, #443, #1033, .T. ) ;
#4833 = CARTESIAN_POINT ( 'NONE',  ( -56.31099693075206147, -75.61480599017505710, -8.602198957376952393 ) ) ;
#4834 = CARTESIAN_POINT ( 'NONE',  ( -41.90150333979774899, -38.17822028544185997, 18.41188284895663685 ) ) ;
#4835 = EDGE_CURVE ( 'NONE', #3175, #7138, #3084, .T. ) ;
#4836 = CARTESIAN_POINT ( 'NONE',  ( -55.39360550657507787, 5.909060626704142116, 7.117005510220534070 ) ) ;
#4837 = LINE ( 'NONE', #2639, #1905 ) ;
#4838 = CARTESIAN_POINT ( 'NONE',  ( 4.110272997579361487, -8.966978910398886171, 14.09476279098319829 ) ) ;
#4839 = CARTESIAN_POINT ( 'NONE',  ( -2.188640657269130152, -24.87919961200604746, -7.567617005935564301 ) ) ;
#4840 = CARTESIAN_POINT ( 'NONE',  ( 2.755206955546726899, -11.19163600635100764, 7.226137043583871211 ) ) ;
#4841 = CARTESIAN_POINT ( 'NONE',  ( 0.4305805156387004784, -7.603934599077244449, 6.861163950177465054 ) ) ;
#4842 = EDGE_CURVE ( 'NONE', #7508, #5351, #1045, .T. ) ;
#4843 = CARTESIAN_POINT ( 'NONE',  ( -64.68815128377384838, -78.89267599205987835, -5.640472934186399279 ) ) ;
#4844 = CARTESIAN_POINT ( 'NONE',  ( -11.16929506053057075, -58.80821121308748189, -9.511653005859864507 ) ) ;
#4845 = CYLINDRICAL_SURFACE ( 'NONE', #404, 4.000000000020695445 ) ;
#4846 = CARTESIAN_POINT ( 'NONE',  ( -1.514594046667023131, -43.70230283054853260, -7.127060518432678293 ) ) ;
#4847 = ORIENTED_EDGE ( 'NONE', *, *, #6507, .F. ) ;
#4848 = CARTESIAN_POINT ( 'NONE',  ( -51.53123164752749119, -2.258506430399188858, 1.463513213487602105 ) ) ;
#4849 = CARTESIAN_POINT ( 'NONE',  ( -51.69844358129665807, -62.96724329372373319, -9.706493181094062450 ) ) ;
#4850 = CARTESIAN_POINT ( 'NONE',  ( -44.90777861634550305, -121.6101807449615251, 1.888290536557700516 ) ) ;
#4851 = FACE_OUTER_BOUND ( 'NONE', #5593, .T. ) ;
#4852 = CARTESIAN_POINT ( 'NONE',  ( 1.283458269007758279, -63.75818478260569577, -1.588117151043349606 ) ) ;
#4853 = CARTESIAN_POINT ( 'NONE',  ( -65.49946724241027596, -78.75818478260556788, -3.157242194047845008 ) ) ;
#4854 = CARTESIAN_POINT ( 'NONE',  ( -68.34472809436057616, -9.072405694557289735, 12.57379107848264255 ) ) ;
#4855 = ORIENTED_EDGE ( 'NONE', *, *, #1204, .F. ) ;
#4856 = VECTOR ( 'NONE', #6761, 1000.000000000000000 ) ;
#4857 = FACE_OUTER_BOUND ( 'NONE', #265, .T. ) ;
#4858 = CIRCLE ( 'NONE', #8926, 1.650000000000002132 ) ;
#4859 = CARTESIAN_POINT ( 'NONE',  ( -6.481898886649632985, -51.59084230525625259, -7.792758588433161826 ) ) ;
#4860 = CARTESIAN_POINT ( 'NONE',  ( -4.100093537045840897, -23.53592719610819017, -6.362685121137315214 ) ) ;
#4861 = CARTESIAN_POINT ( 'NONE',  ( -7.211907634390152921, -56.06809570407526166, -10.03052512767537685 ) ) ;
#4862 = ORIENTED_EDGE ( 'NONE', *, *, #1587, .F. ) ;
#4863 = ORIENTED_EDGE ( 'NONE', *, *, #32, .F. ) ;
#4864 = DIRECTION ( 'NONE',  ( 1.780377182154265206E-15, 1.000000000000000000, 0.000000000000000000 ) ) ;
#4865 = VERTEX_POINT ( 'NONE', #403 ) ;
#4866 = CARTESIAN_POINT ( 'NONE',  ( -5.305042991594811852, -78.40166932371462849, -7.464836263616292378 ) ) ;
#4867 = VECTOR ( 'NONE', #6194, 1000.000000000000000 ) ;
#4868 = CIRCLE ( 'NONE', #6020, 10.00000000000000178 ) ;
#4869 = ORIENTED_EDGE ( 'NONE', *, *, #8454, .F. ) ;
#4870 = CARTESIAN_POINT ( 'NONE',  ( -66.27178514251635022, -12.00212574757800787, 4.700617253420550590 ) ) ;
#4871 = CARTESIAN_POINT ( 'NONE',  ( -54.59987872964236288, -71.61576024498243953, -10.77235591666367043 ) ) ;
#4872 = ORIENTED_EDGE ( 'NONE', *, *, #2193, .T. ) ;
#4873 = CARTESIAN_POINT ( 'NONE',  ( -10.37168905218169535, -73.20213359148328891, -9.357676371761812106 ) ) ;
#4874 = ORIENTED_EDGE ( 'NONE', *, *, #3425, .F. ) ;
#4875 = FACE_OUTER_BOUND ( 'NONE', #4340, .T. ) ;
#4876 = AXIS2_PLACEMENT_3D ( 'NONE', #3804, #7510, #2123 ) ;
#4877 = ORIENTED_EDGE ( 'NONE', *, *, #2472, .T. ) ;
#4878 = CARTESIAN_POINT ( 'NONE',  ( -65.49413489321825921, -23.71992370290644558, -5.070834436005330126 ) ) ;
#4879 = CARTESIAN_POINT ( 'NONE',  ( -32.10800448670126883, -94.85808688002525457, 26.41188284895664040 ) ) ;
#4880 = DIRECTION ( 'NONE',  ( 0.000000000000000000, 0.000000000000000000, -1.000000000000000000 ) ) ;
#4881 = AXIS2_PLACEMENT_3D ( 'NONE', #1340, #1979, #4718 ) ;
#4882 = DIRECTION ( 'NONE',  ( -0.000000000000000000, -1.000000000000000000, 0.000000000000000000 ) ) ;
#4883 = CARTESIAN_POINT ( 'NONE',  ( -63.56607214184688104, -77.19116953902026523, -6.518771356279400742 ) ) ;
#4884 = ADVANCED_FACE ( 'NONE', ( #8027 ), #5825, .F. ) ;
#4885 = EDGE_CURVE ( 'NONE', #1870, #3539, #1771, .T. ) ;
#4886 = CARTESIAN_POINT ( 'NONE',  ( -47.10800448670148199, -76.75818478260561051, 24.41188284895663685 ) ) ;
#4887 = CARTESIAN_POINT ( 'NONE',  ( -40.27006527349054466, -8.812990896589020906, -8.063219611463159353 ) ) ;
#4888 = CARTESIAN_POINT ( 'NONE',  ( 1.695808442261115934, -12.41925086624031849, 3.369854028695729475 ) ) ;
#4889 = LINE ( 'NONE', #1499, #7482 ) ;
#4890 = CARTESIAN_POINT ( 'NONE',  ( -53.69798992117873837, -69.49895338143792856, -10.98674378397888773 ) ) ;
#4891 = CARTESIAN_POINT ( 'NONE',  ( -12.00596739927084577, -60.87441217633084278, -9.694328159261596412 ) ) ;
#4892 = CARTESIAN_POINT ( 'NONE',  ( -0.9568253912219394364, -38.53562866771686402, -6.738861902194656750 ) ) ;
#4893 = VERTEX_POINT ( 'NONE', #1136 ) ;
#4894 = EDGE_CURVE ( 'NONE', #2483, #5670, #6685, .T. ) ;
#4895 = CARTESIAN_POINT ( 'NONE',  ( -52.54813429120031998, -70.98154857710733268, -9.537720523675270456 ) ) ;
#4896 = CARTESIAN_POINT ( 'NONE',  ( -42.86959626831008308, -123.4951395185390339, 1.374752585226567847 ) ) ;
#4897 = CARTESIAN_POINT ( 'NONE',  ( -33.88746258676874135, 1.408087990155432179, -11.36516940432025713 ) ) ;
#4898 = CARTESIAN_POINT ( 'NONE',  ( -18.73064963852830545, -3.093247332819470952, -8.492664656773195375 ) ) ;
#4899 = VECTOR ( 'NONE', #6456, 1000.000000000000000 ) ;
#4900 = CARTESIAN_POINT ( 'NONE',  ( -4.188107605853433668, -24.11526406937159805, -6.421896420258782712 ) ) ;
#4901 = CARTESIAN_POINT ( 'NONE',  ( -38.06754289884866438, 28.00000000000001776, -4.656114508605413427 ) ) ;
#4902 = CARTESIAN_POINT ( 'NONE',  ( -14.32072664950772634, -3.947198341928596310, -3.499675881482551709 ) ) ;
#4903 = AXIS2_PLACEMENT_3D ( 'NONE', #5244, #3142, #2372 ) ;
#4904 = CARTESIAN_POINT ( 'NONE',  ( -15.89694688432648206, -79.13056771091257247, 26.10775348066829338 ) ) ;
#4905 = CARTESIAN_POINT ( 'NONE',  ( -3.188783094600771584, -49.17207015313570651, -8.168787914395442940 ) ) ;
#4906 = ORIENTED_EDGE ( 'NONE', *, *, #1764, .F. ) ;
#4907 = ADVANCED_FACE ( 'NONE', ( #1819 ), #90, .T. ) ;
#4908 = VERTEX_POINT ( 'NONE', #4602 ) ;
#4909 = DIRECTION ( 'NONE',  ( 0.000000000000000000, 0.000000000000000000, 1.000000000000000000 ) ) ;
#4910 = AXIS2_PLACEMENT_3D ( 'NONE', #2386, #3108, #5166 ) ;
#4911 = CARTESIAN_POINT ( 'NONE',  ( -12.16795935434252662, -69.49773957576098837, -9.726791086394630526 ) ) ;
#4912 = CARTESIAN_POINT ( 'NONE',  ( -2.244586117422833649, -25.44794000829977776, -7.602686257101427536 ) ) ;
#4913 = DIRECTION ( 'NONE',  ( 0.000000000000000000, 0.000000000000000000, -1.000000000000000000 ) ) ;
#4914 = ORIENTED_EDGE ( 'NONE', *, *, #5266, .F. ) ;
#4915 = CARTESIAN_POINT ( 'NONE',  ( -6.537504850755055053, -76.55895860662232622, -8.075853813158708761 ) ) ;
#4916 = ORIENTED_EDGE ( 'NONE', *, *, #8488, .T. ) ;
#4917 = CARTESIAN_POINT ( 'NONE',  ( 1.708896898899207706, -77.45817159515885919, -4.564464220516546433 ) ) ;
#4918 = CARTESIAN_POINT ( 'NONE',  ( -58.92199261391211706, -53.19933889416392958, -9.256218663227784305 ) ) ;
#4919 = EDGE_LOOP ( 'NONE', ( #1207, #6312, #8365, #1104, #2509 ) ) ;
#4920 = CARTESIAN_POINT ( 'NONE',  ( -35.98118038753190007, 15.71965424585427762, -9.595014233804450399 ) ) ;
#4921 = DIRECTION ( 'NONE',  ( -1.000000000000000000, 0.000000000000000000, 0.000000000000000000 ) ) ;
#4922 = CARTESIAN_POINT ( 'NONE',  ( -38.85800448670128304, 28.00000000000000000, 14.91188284895665639 ) ) ;
#4923 = VERTEX_POINT ( 'NONE', #1182 ) ;
#4924 = CARTESIAN_POINT ( 'NONE',  ( -58.04173459458964857, -74.91459690936046911, -9.628483567676031640 ) ) ;
#4925 = AXIS2_PLACEMENT_3D ( 'NONE', #612, #1394, #568 ) ;
#4926 = AXIS2_PLACEMENT_3D ( 'NONE', #8644, #386, #8597 ) ;
#4927 = FACE_OUTER_BOUND ( 'NONE', #5535, .T. ) ;
#4928 = CARTESIAN_POINT ( 'NONE',  ( -34.55276565602235195, 23.17674516782035710, -7.958907381911564549 ) ) ;
#4929 = CARTESIAN_POINT ( 'NONE',  ( -29.95800448670235383, 20.00000000000003553, 14.91188284895665639 ) ) ;
#4930 = CARTESIAN_POINT ( 'NONE',  ( -52.93356296991327525, -76.75818478260559630, 26.41188284895664040 ) ) ;
#4931 = EDGE_CURVE ( 'NONE', #8296, #5289, #1379, .T. ) ;
#4932 = EDGE_CURVE ( 'NONE', #6265, #1701, #1538, .T. ) ;
#4933 = CARTESIAN_POINT ( 'NONE',  ( -68.34581794979651193, -10.46838416889944057, 7.089373842514492097 ) ) ;
#4934 = CYLINDRICAL_SURFACE ( 'NONE', #8022, 15.00000000000000000 ) ;
#4935 = ORIENTED_EDGE ( 'NONE', *, *, #6420, .T. ) ;
#4936 = CARTESIAN_POINT ( 'NONE',  ( -52.16031336563283816, -61.03264327458150262, -9.618000554589672291 ) ) ;
#4937 = CYLINDRICAL_SURFACE ( 'NONE', #5272, 1.650000000000002132 ) ;
#4938 = CARTESIAN_POINT ( 'NONE',  ( -8.412891114617366384, 2.691690239626119752, 8.502667295879627218 ) ) ;
#4939 = CARTESIAN_POINT ( 'NONE',  ( -26.08182451917375033, -9.116851503118976296, -8.452112338653211765 ) ) ;
#4940 = CARTESIAN_POINT ( 'NONE',  ( -34.15878130267557111, 16.55588684108132824, -9.595473535168036250 ) ) ;
#4941 = ADVANCED_FACE ( 'NONE', ( #6150 ), #2594, .F. ) ;
#4942 = CARTESIAN_POINT ( 'NONE',  ( -4.939637894293753106, -48.15102023413740540, -6.926388369351911045 ) ) ;
#4943 = CARTESIAN_POINT ( 'NONE',  ( -16.07026381213680466, -78.49685508475835150, 26.36352544759565575 ) ) ;
#4944 = DIRECTION ( 'NONE',  ( -0.000000000000000000, -0.000000000000000000, 1.000000000000000000 ) ) ;
#4945 = DIRECTION ( 'NONE',  ( -0.6533321769783418942, 0.7570713747888904166, 0.000000000000000000 ) ) ;
#4946 = ORIENTED_EDGE ( 'NONE', *, *, #3947, .T. ) ;
#4947 = DIRECTION ( 'NONE',  ( 0.000000000000000000, -1.000000000000000000, 0.000000000000000000 ) ) ;
#4948 = B_SPLINE_CURVE_WITH_KNOTS ( 'NONE', 3,
 ( #181, #2957, #8530, #3513, #8445, #6297, #2322, #6341, #7685, #2280, #5058, #4209, #2187, #5612, #8406, #2150, #7024, #773, #4969, #3556, #7758, #317, #6608, #7986, #2459, #1043, #6695, #8798, #8077, #1822, #3090, #2412, #4473, #6517, #4607, #8663, #448, #4516, #360, #3870, #2367, #1094, #1775, #7294, #7251, #1141, #3823, #1687, #3138, #1731 ),
 .UNSPECIFIED., .F., .F.,
 ( 4, 2, 2, 1, 2, 2, 2, 1, 1, 2, 2, 1, 1, 1, 2, 2, 1, 1, 1, 2, 2, 1, 1, 1, 2, 2, 1, 1, 1, 1, 2, 2, 4 ),
 ( 0.000000000000000000, 0.03124999999999871630, 0.06249999999999743261, 0.09374999999999614197, 0.1093749999999955036, 0.1249999999999948652, 0.1874999999999932832, 0.2187499999999925893, 0.2343749999999923950, 0.2421874999999922839, 0.2499999999999921174, 0.3124999999999929501, 0.3437499999999935052, 0.3593749999999936162, 0.3671874999999936717, 0.3749999999999937272, 0.4374999999999947820, 0.4687499999999950040, 0.4843749999999952260, 0.4921874999999953371, 0.4999999999999953371, 0.5624999999999948930, 0.5937499999999946709, 0.6093749999999946709, 0.6171874999999945599, 0.6249999999999944489, 0.6874999999999946709, 0.7187499999999947820, 0.7343749999999948930, 0.7421874999999950040, 0.7460937499999951150, 0.7499999999999951150, 1.000000000000000000 ),
 .UNSPECIFIED. ) ;
#4949 = VERTEX_POINT ( 'NONE', #4008 ) ;
#4950 = CARTESIAN_POINT ( 'NONE',  ( -12.72271045518524346, -65.43453674144828369, -9.830866116436693503 ) ) ;
#4951 = EDGE_CURVE ( 'NONE', #5253, #5713, #2713, .T. ) ;
#4952 = DIRECTION ( 'NONE',  ( -1.000000000000000000, 0.000000000000000000, 0.000000000000000000 ) ) ;
#4953 = CARTESIAN_POINT ( 'NONE',  ( -58.57796349649863998, -75.26068336042938256, -9.400548949867243209 ) ) ;
#4954 = ORIENTED_EDGE ( 'NONE', *, *, #712, .F. ) ;
#4955 = CARTESIAN_POINT ( 'NONE',  ( -7.647333133463749988, -75.81097747084368166, -8.509391506017800921 ) ) ;
#4956 = ORIENTED_EDGE ( 'NONE', *, *, #2250, .T. ) ;
#4957 = CARTESIAN_POINT ( 'NONE',  ( -59.89143999609269997, -25.36572840130552819, -6.443263198850116780 ) ) ;
#4958 = ORIENTED_EDGE ( 'NONE', *, *, #1206, .T. ) ;
#4959 = CARTESIAN_POINT ( 'NONE',  ( -31.14444002582665050, -6.640405166847427765, -10.67578689251886992 ) ) ;
#4960 = DIRECTION ( 'NONE',  ( -0.000000000000000000, -0.000000000000000000, 1.000000000000000000 ) ) ;
#4961 = ORIENTED_EDGE ( 'NONE', *, *, #5095, .F. ) ;
#4962 = CARTESIAN_POINT ( 'NONE',  ( -54.35227836208980534, -71.27036935179881993, -10.83478169424195947 ) ) ;
#4963 = AXIS2_PLACEMENT_3D ( 'NONE', #349, #8065, #8566 ) ;
#4964 = CARTESIAN_POINT ( 'NONE',  ( -4.272056801143168769, -4.707518683843385787, 7.189660626734410975 ) ) ;
#4965 = CARTESIAN_POINT ( 'NONE',  ( -33.93300448670127878, -22.17822028544098245, -13.22822741526793955 ) ) ;
#4966 = DIRECTION ( 'NONE',  ( 1.000000000000000000, 0.000000000000000000, 0.000000000000000000 ) ) ;
#4967 = LINE ( 'NONE', #6650, #1947 ) ;
#4968 = PRESENTATION_STYLE_ASSIGNMENT (( #7720 ) ) ;
#4969 = CARTESIAN_POINT ( 'NONE',  ( -9.213213157959000199, 5.062838835274233951, 5.487949144928135681 ) ) ;
#4970 = EDGE_LOOP ( 'NONE', ( #537, #4054, #7219, #5984 ) ) ;
#4971 = CARTESIAN_POINT ( 'NONE',  ( -51.50831941676128167, -66.12585814420535257, -9.740646875560228679 ) ) ;
#4972 = CARTESIAN_POINT ( 'NONE',  ( -61.10800448670296703, -38.00442471284927848, 18.41188284895663685 ) ) ;
#4973 = CARTESIAN_POINT ( 'NONE',  ( -36.10800448668869933, 5.000000000000023981, -10.66697983548655415 ) ) ;
#4974 = EDGE_CURVE ( 'NONE', #884, #844, #7371, .T. ) ;
#4975 = CARTESIAN_POINT ( 'NONE',  ( -22.86965838100433146, -4.758347410363634289, -10.37798298069673208 ) ) ;
#4976 = CARTESIAN_POINT ( 'NONE',  ( -28.14121221346962187, 28.00000000000001066, -5.880333521509293782 ) ) ;
#4977 = CARTESIAN_POINT ( 'NONE',  ( -67.60290207624282743, -12.77889002982158750, 2.194595048199685206 ) ) ;
#4978 = CARTESIAN_POINT ( 'NONE',  ( -40.93356296991329657, -38.00442471284927848, -1.588117151043349606 ) ) ;
#4979 = AXIS2_PLACEMENT_3D ( 'NONE', #450, #8754, #3182 ) ;
#4980 = CARTESIAN_POINT ( 'NONE',  ( -53.05429505156222092, -65.61121155783082770, -11.11910591462171638 ) ) ;
#4981 = LINE ( 'NONE', #6353, #2214 ) ;
#4982 = ORIENTED_EDGE ( 'NONE', *, *, #8602, .F. ) ;
#4983 = ORIENTED_EDGE ( 'NONE', *, *, #5558, .F. ) ;
#4984 = EDGE_CURVE ( 'NONE', #7241, #2896, #2684, .T. ) ;
#4985 = CARTESIAN_POINT ( 'NONE',  ( -59.54393655872701174, -47.40060862829190569, -6.696374018941515516 ) ) ;
#4986 = EDGE_CURVE ( 'NONE', #1400, #4949, #7955, .T. ) ;
#4987 = CARTESIAN_POINT ( 'NONE',  ( -39.26858867808099518, -47.16380447682146837, 18.41188284895663685 ) ) ;
#4988 = AXIS2_PLACEMENT_3D ( 'NONE', #2190, #4249, #8580 ) ;
#4989 = ORIENTED_EDGE ( 'NONE', *, *, #5497, .F. ) ;
#4990 = CARTESIAN_POINT ( 'NONE',  ( -6.894374311274788170, -77.32558936668549165, -8.161167599205862544 ) ) ;
#4991 = CARTESIAN_POINT ( 'NONE',  ( -48.02593665343228224, -78.04525164055847597, 26.41188284895664040 ) ) ;
#4992 = CARTESIAN_POINT ( 'NONE',  ( 9.922126372425774221, -76.75818478260570998, 24.41188284895663685 ) ) ;
#4993 = CIRCLE ( 'NONE', #1061, 18.00000000000000000 ) ;
#4994 = ORIENTED_EDGE ( 'NONE', *, *, #7611, .T. ) ;
#4995 = CARTESIAN_POINT ( 'NONE',  ( -5.321888805961591196, -75.44955820854083584, -9.259418900638500816 ) ) ;
#4996 = ORIENTED_EDGE ( 'NONE', *, *, #6206, .F. ) ;
#4997 = CARTESIAN_POINT ( 'NONE',  ( -59.93796375621607808, -29.03342090089790162, -6.416185765956273102 ) ) ;
#4998 = EDGE_CURVE ( 'NONE', #6490, #1707, #5185, .T. ) ;
#4999 = ORIENTED_EDGE ( 'NONE', *, *, #1774, .T. ) ;
#5000 = FACE_OUTER_BOUND ( 'NONE', #198, .T. ) ;
#5001 = CIRCLE ( 'NONE', #2678, 1.825000000000000178 ) ;
#5002 = AXIS2_PLACEMENT_3D ( 'NONE', #8110, #2674, #2724 ) ;
#5003 = CARTESIAN_POINT ( 'NONE',  ( -32.10800448670126883, -74.85808688002526878, -1.487612087655021398 ) ) ;
#5004 = FACE_OUTER_BOUND ( 'NONE', #5297, .T. ) ;
#5005 = VERTEX_POINT ( 'NONE', #8259 ) ;
#5006 = CIRCLE ( 'NONE', #8937, 1.825000000000000178 ) ;
#5007 = CARTESIAN_POINT ( 'NONE',  ( -61.33658660925375727, -76.58202712814983215, -7.989615094634121562 ) ) ;
#5008 = EDGE_CURVE ( 'NONE', #5273, #8763, #2005, .T. ) ;
#5009 = CARTESIAN_POINT ( 'NONE',  ( -30.81232971018031819, 23.79340559801509869, -8.012058278487401708 ) ) ;
#5010 = ORIENTED_EDGE ( 'NONE', *, *, #4373, .T. ) ;
#5011 = CARTESIAN_POINT ( 'NONE',  ( -18.52128146901154793, 28.00000000000000000, 26.41188284895664040 ) ) ;
#5012 = CARTESIAN_POINT ( 'NONE',  ( -48.17547465620371838, -78.60709551580222865, 26.33478530598837963 ) ) ;
#5013 = DIRECTION ( 'NONE',  ( 0.000000000000000000, 0.000000000000000000, -1.000000000000000000 ) ) ;
#5014 = CARTESIAN_POINT ( 'NONE',  ( -10.25387323113640115, -57.18525791274135628, -9.284443223116040755 ) ) ;
#5015 = AXIS2_PLACEMENT_3D ( 'NONE', #8727, #7361, #3795 ) ;
#5016 = CARTESIAN_POINT ( 'NONE',  ( -62.53164003441394669, -44.25857716087129035, -7.241133064418429299 ) ) ;
#5017 = VERTEX_POINT ( 'NONE', #1279 ) ;
#5018 = CARTESIAN_POINT ( 'NONE',  ( -54.52025338765431428, -74.49083223436296919, -9.042418836297885676 ) ) ;
#5019 = DIRECTION ( 'NONE',  ( -0.000000000000000000, -0.000000000000000000, 1.000000000000000000 ) ) ;
#5020 = CARTESIAN_POINT ( 'NONE',  ( -16.89584090147284812, -5.944991563929951539, -5.362738565105072297 ) ) ;
#5021 = CARTESIAN_POINT ( 'NONE',  ( -35.80937305737968046, 28.00000000000000000, -5.983132451974820576 ) ) ;
#5022 = CYLINDRICAL_SURFACE ( 'NONE', #3104, 1.824999999999993294 ) ;
#5023 = CARTESIAN_POINT ( 'NONE',  ( -5.546275017794910056, -49.65630096436122898, -7.286091854178603278 ) ) ;
#5024 = ORIENTED_EDGE ( 'NONE', *, *, #4324, .T. ) ;
#5025 = CARTESIAN_POINT ( 'NONE',  ( -53.60606260877216300, -69.20565085355558210, -11.00669260290375817 ) ) ;
#5026 = CARTESIAN_POINT ( 'NONE',  ( 8.622126372425730878, -78.75818478260570998, 162.2921154739354677 ) ) ;
#5027 = ORIENTED_EDGE ( 'NONE', *, *, #3095, .T. ) ;
#5028 = CIRCLE ( 'NONE', #801, 29.00000000000169820 ) ;
#5029 = CARTESIAN_POINT ( 'NONE',  ( -57.73851746463251544, -51.61427715547031880, -7.722823444066783338 ) ) ;
#5030 = CARTESIAN_POINT ( 'NONE',  ( -64.97479124045575816, -13.50506252480393954, 2.042309261623476146 ) ) ;
#5031 = ORIENTED_EDGE ( 'NONE', *, *, #489, .T. ) ;
#5032 = CARTESIAN_POINT ( 'NONE',  ( -12.33795855682295972, -68.83162165622407258, -9.759838604317254251 ) ) ;
#5033 = AXIS2_PLACEMENT_3D ( 'NONE', #5337, #3374, #5521 ) ;
#5034 = AXIS2_PLACEMENT_3D ( 'NONE', #7016, #4237, #5600 ) ;
#5035 = EDGE_CURVE ( 'NONE', #4038, #8578, #7572, .T. ) ;
#5036 = EDGE_CURVE ( 'NONE', #183, #2889, #7136, .T. ) ;
#5037 = DIRECTION ( 'NONE',  ( 0.000000000000000000, 0.000000000000000000, 1.000000000000000000 ) ) ;
#5038 = CARTESIAN_POINT ( 'NONE',  ( -57.00181452087436895, -74.14328707167165078, -10.03199346783785906 ) ) ;
#5039 = ORIENTED_EDGE ( 'NONE', *, *, #7223, .T. ) ;
#5040 = CARTESIAN_POINT ( 'NONE',  ( -6.907357806994150806, -74.38377717054126492, -9.917517925103050302 ) ) ;
#5041 = EDGE_LOOP ( 'NONE', ( #4351, #5540, #6861, #2666 ) ) ;
#5042 = CARTESIAN_POINT ( 'NONE',  ( -61.89596427084114794, -25.89708546156182223, -7.649898823093812084 ) ) ;
#5043 = ORIENTED_EDGE ( 'NONE', *, *, #662, .F. ) ;
#5044 = CARTESIAN_POINT ( 'NONE',  ( -47.10800448670129015, 28.00000000000000000, 1.411882848956637293 ) ) ;
#5045 = CARTESIAN_POINT ( 'NONE',  ( -60.80352058202061727, -78.00499697325179227, -6.545889275419616737 ) ) ;
#5046 = CARTESIAN_POINT ( 'NONE',  ( 9.922126372425774221, -76.75818478260570998, 25.11188284895660061 ) ) ;
#5047 = EDGE_CURVE ( 'NONE', #8428, #8436, #7073, .T. ) ;
#5048 = ORIENTED_EDGE ( 'NONE', *, *, #7684, .F. ) ;
#5049 = CARTESIAN_POINT ( 'NONE',  ( -54.54309375643661184, -71.53984593245073142, -10.78704983077764012 ) ) ;
#5050 = CARTESIAN_POINT ( 'NONE',  ( -38.15351955129264638, -9.118582559125956166, -8.451416630476741076 ) ) ;
#5051 = ORIENTED_EDGE ( 'NONE', *, *, #9016, .T. ) ;
#5052 = DIRECTION ( 'NONE',  ( 0.000000000000000000, 0.000000000000000000, -1.000000000000000000 ) ) ;
#5053 = CARTESIAN_POINT ( 'NONE',  ( 5.562269883033732931, -22.97213030300857994, -0.04149102709363034630 ) ) ;
#5054 = DIRECTION ( 'NONE',  ( -0.000000000000000000, -0.000000000000000000, 1.000000000000000000 ) ) ;
#5055 = EDGE_CURVE ( 'NONE', #3890, #7374, #4150, .T. ) ;
#5056 = CARTESIAN_POINT ( 'NONE',  ( -1.819910454041955949, -17.10157377306784099, -3.477708391966597645 ) ) ;
#5057 = CIRCLE ( 'NONE', #5930, 8.000000000000000000 ) ;
#5058 = CARTESIAN_POINT ( 'NONE',  ( -9.026348577186958266, 5.560655015822342229, 6.226747471213784024 ) ) ;
#5059 = EDGE_LOOP ( 'NONE', ( #5936, #1482 ) ) ;
#5060 = B_SPLINE_CURVE_WITH_KNOTS ( 'NONE', 3,
 ( #1434, #4217, #5656, #3649, #741, #8414, #7765, #4252, #4299, #6430, #2159, #4940, #7032, #145, #3563, #6349, #108, #1509, #7074, #824, #5694, #8715, #3828, #5293, #5927, #1781, #961, #8083, #8583, #4566, #1693, #2464, #6614, #5882, #3052, #412, #1827 ),
 .UNSPECIFIED., .F., .F.,
 ( 4, 2, 2, 2, 2, 2, 2, 2, 2, 1, 2, 2, 2, 2, 2, 2, 2, 2, 4 ),
 ( 0.02115692824131449115, 0.02196763956895339542, 0.02277835089659229970, 0.02358906222423120397, 0.02439977355187010824, 0.02521048487950901251, 0.02602119620714791332, 0.02683190753478681759, 0.02723726319860627146, 0.02764261886242572186, 0.02804797452624517573, 0.02845333019006462613, 0.02926404151770356163, 0.03007475284534249366, 0.03088546417298142915, 0.03169617550062036465, 0.03250688682825929321, 0.03331759815589822871, 0.03412830948353716420 ),
 .UNSPECIFIED. ) ;
#5061 = DIRECTION ( 'NONE',  ( -1.000000000000000000, 1.734723475976805319E-15, -0.000000000000000000 ) ) ;
#5062 = CARTESIAN_POINT ( 'NONE',  ( -32.10800448670126883, -74.85808688002526878, 26.41188284895664040 ) ) ;
#5063 = CARTESIAN_POINT ( 'NONE',  ( -59.83311748012511089, -26.89975948760450564, 1.411882848956630410 ) ) ;
#5064 = CARTESIAN_POINT ( 'NONE',  ( -27.82847517289397032, -9.193054064370560496, -8.664046815497684406 ) ) ;
#5065 =( NAMED_UNIT ( * ) SI_UNIT ( $, .STERADIAN. ) SOLID_ANGLE_UNIT ( ) );
#5066 = AXIS2_PLACEMENT_3D ( 'NONE', #8595, #1661, #2521 ) ;
#5067 = CARTESIAN_POINT ( 'NONE',  ( -25.70833916827073296, 28.00000000000000000, -4.263986648895969012 ) ) ;
#5068 = CARTESIAN_POINT ( 'NONE',  ( -41.09358867808099092, -47.16380447682146837, -13.22822741526793955 ) ) ;
#5069 = CARTESIAN_POINT ( 'NONE',  ( -44.68515999990541587, -71.48596535551243392, 26.41188284895664040 ) ) ;
#5070 = EDGE_LOOP ( 'NONE', ( #6855, #1128, #8024, #3616 ) ) ;
#5071 = CARTESIAN_POINT ( 'NONE',  ( -53.25059173208874341, -67.72499162685154772, -11.08059724747877262 ) ) ;
#5072 = CARTESIAN_POINT ( 'NONE',  ( -46.35629106902467100, -6.535934735635626325, -5.903651840671298778 ) ) ;
#5073 = ORIENTED_EDGE ( 'NONE', *, *, #4622, .T. ) ;
#5074 = CARTESIAN_POINT ( 'NONE',  ( -44.93356296991329657, -78.75818478260570998, 26.41188284895662619 ) ) ;
#5075 = FACE_BOUND ( 'NONE', #4919, .T. ) ;
#5076 = DIRECTION ( 'NONE',  ( 0.000000000000000000, 0.000000000000000000, -1.000000000000000000 ) ) ;
#5077 = VERTEX_POINT ( 'NONE', #7668 ) ;
#5078 = DIRECTION ( 'NONE',  ( 0.000000000000000000, 0.000000000000000000, -1.000000000000000000 ) ) ;
#5079 = DIRECTION ( 'NONE',  ( -0.7071067811865474617, 0.7071067811865474617, 0.000000000000000000 ) ) ;
#5080 = CARTESIAN_POINT ( 'NONE',  ( -32.10800448670241281, 5.000000000000024869, 14.91188284895665639 ) ) ;
#5081 = ORIENTED_EDGE ( 'NONE', *, *, #1755, .T. ) ;
#5082 = DIRECTION ( 'NONE',  ( -0.7071067811865474617, 0.7071067811865474617, 0.000000000000000000 ) ) ;
#5083 = ORIENTED_EDGE ( 'NONE', *, *, #647, .F. ) ;
#5084 = CARTESIAN_POINT ( 'NONE',  ( -59.83307168963290934, -26.59658367993039008, -6.477305111906329849 ) ) ;
#5085 = EDGE_CURVE ( 'NONE', #1356, #36, #8680, .T. ) ;
#5086 = EDGE_CURVE ( 'NONE', #6806, #7819, #5639, .T. ) ;
#5087 = VERTEX_POINT ( 'NONE', #4326 ) ;
#5088 = CARTESIAN_POINT ( 'NONE',  ( -7.944091458679076290, -56.97170306023298281, -10.28308804855532799 ) ) ;
#5089 = DIRECTION ( 'NONE',  ( 1.000000000000000000, 0.000000000000000000, 0.000000000000000000 ) ) ;
#5090 = DIRECTION ( 'NONE',  ( 1.000000000000000000, 0.000000000000000000, 0.000000000000000000 ) ) ;
#5091 = ORIENTED_EDGE ( 'NONE', *, *, #5511, .T. ) ;
#5092 = CARTESIAN_POINT ( 'NONE',  ( -3.463881593341299858, -14.14408268680776537, 9.411882848956636849 ) ) ;
#5093 = EDGE_CURVE ( 'NONE', #1186, #1351, #3868, .T. ) ;
#5094 = CARTESIAN_POINT ( 'NONE',  ( -28.60800448670126883, -84.85808688002525457, 8.411882848956651060 ) ) ;
#5095 = EDGE_CURVE ( 'NONE', #1218, #7401, #87, .T. ) ;
#5096 = ORIENTED_EDGE ( 'NONE', *, *, #8337, .F. ) ;
#5097 = CARTESIAN_POINT ( 'NONE',  ( -61.58495026140098361, -47.55003098874454537, -7.840899501380609316 ) ) ;
#5098 = DIRECTION ( 'NONE',  ( -0.000000000000000000, -0.000000000000000000, 1.000000000000000000 ) ) ;
#5099 = CARTESIAN_POINT ( 'NONE',  ( -4.329248848847781161, -28.39541054902466399, -6.504986747933093838 ) ) ;
#5100 = CARTESIAN_POINT ( 'NONE',  ( -0.9621436126621164542, -19.76239067705239094, -6.139912717058998659 ) ) ;
#5101 = VECTOR ( 'NONE', #5956, 1000.000000000000000 ) ;
#5102 = CARTESIAN_POINT ( 'NONE',  ( -32.10800448670126883, -114.8580868800252404, 26.41188284895664040 ) ) ;
#5103 = CARTESIAN_POINT ( 'NONE',  ( -29.08939695109757650, 2.362658109855929389, -11.11914522013022300 ) ) ;
#5104 = ORIENTED_EDGE ( 'NONE', *, *, #5035, .T. ) ;
#5105 = DIRECTION ( 'NONE',  ( 1.000000000000000000, 0.000000000000000000, 0.000000000000000000 ) ) ;
#5106 = CARTESIAN_POINT ( 'NONE',  ( -45.71800054920691991, -82.71687705220658415, 23.17877389663282628 ) ) ;
#5107 = FACE_BOUND ( 'NONE', #5990, .T. ) ;
#5108 = DIRECTION ( 'NONE',  ( -0.000000000000000000, -0.000000000000000000, 1.000000000000000000 ) ) ;
#5109 = ADVANCED_FACE ( 'NONE', ( #1534 ), #805, .F. ) ;
#5110 = DIRECTION ( 'NONE',  ( 1.000000000000000000, 0.000000000000000000, 0.000000000000000000 ) ) ;
#5111 = CARTESIAN_POINT ( 'NONE',  ( -55.30142821522468211, -74.75818478260556788, -1.588117151043349606 ) ) ;
#5112 = DIRECTION ( 'NONE',  ( -0.000000000000000000, -0.000000000000000000, -1.000000000000000000 ) ) ;
#5113 = ORIENTED_EDGE ( 'NONE', *, *, #8502, .T. ) ;
#5114 = DIRECTION ( 'NONE',  ( 0.7080753045001139112, -0.7061369294669915808, 0.000000000000000000 ) ) ;
#5115 = CARTESIAN_POINT ( 'NONE',  ( -37.72232454514907829, -9.152173768470811765, -8.512205480599527974 ) ) ;
#5116 = VERTEX_POINT ( 'NONE', #5723 ) ;
#5117 = DIRECTION ( 'NONE',  ( -0.000000000000000000, -0.000000000000000000, 1.000000000000000000 ) ) ;
#5118 = CARTESIAN_POINT ( 'NONE',  ( -40.07650333979775326, -38.17822028544185997, 1.411882848956637293 ) ) ;
#5119 = CARTESIAN_POINT ( 'NONE',  ( -31.21748751629143470, -9.018100704356683650, -8.851126375469920760 ) ) ;
#5120 = LINE ( 'NONE', #1159, #650 ) ;
#5121 = ORIENTED_EDGE ( 'NONE', *, *, #5607, .T. ) ;
#5122 = CARTESIAN_POINT ( 'NONE',  ( -41.90150333979774899, -38.17822028544185997, -13.22822741526793955 ) ) ;
#5123 = CARTESIAN_POINT ( 'NONE',  ( 9.922126372425777774, -22.21112135110120889, 5.329848796248189302 ) ) ;
#5124 = CARTESIAN_POINT ( 'NONE',  ( -10.29810521381503285, -69.86735864051989608, -10.93761547575192594 ) ) ;
#5125 = DIRECTION ( 'NONE',  ( -0.000000000000000000, -0.000000000000000000, 1.000000000000000000 ) ) ;
#5126 = VERTEX_POINT ( 'NONE', #5046 ) ;
#5127 = DIRECTION ( 'NONE',  ( -0.000000000000000000, -0.000000000000000000, 1.000000000000000000 ) ) ;
#5128 = EDGE_LOOP ( 'NONE', ( #3666, #6092, #3407, #7734 ) ) ;
#5129 = AXIS2_PLACEMENT_3D ( 'NONE', #1596, #7762, #776 ) ;
#5130 = CARTESIAN_POINT ( 'NONE',  ( -62.13620545090451230, -30.02182046557076234, -7.498467537446114051 ) ) ;
#5131 = ORIENTED_EDGE ( 'NONE', *, *, #6784, .T. ) ;
#5132 = CARTESIAN_POINT ( 'NONE',  ( -10.96423970718368857, -67.14316892274085546, -11.08033418966024541 ) ) ;
#5133 = AXIS2_PLACEMENT_3D ( 'NONE', #1110, #3885, #5844 ) ;
#5134 = CARTESIAN_POINT ( 'NONE',  ( -58.19768045396977385, -76.86512857231116413, -7.855693368233493068 ) ) ;
#5135 = CARTESIAN_POINT ( 'NONE',  ( -25.14338769614066393, -5.257327421641215359, -10.98906474071973882 ) ) ;
#5136 = AXIS2_PLACEMENT_3D ( 'NONE', #3481, #7499, #6262 ) ;
#5137 = VERTEX_POINT ( 'NONE', #6370 ) ;
#5138 = CARTESIAN_POINT ( 'NONE',  ( -57.77229305872089071, -76.61578133316614014, -8.036751200379420368 ) ) ;
#5139 = AXIS2_PLACEMENT_3D ( 'NONE', #7023, #6418, #96 ) ;
#5140 = CARTESIAN_POINT ( 'NONE',  ( -47.95455758249435263, -5.513494971636510478, -4.965658596939663383 ) ) ;
#5141 = ORIENTED_EDGE ( 'NONE', *, *, #7045, .T. ) ;
#5142 = CARTESIAN_POINT ( 'NONE',  ( -62.65833186153550827, -32.26049722299500644, -7.158209828104401318 ) ) ;
#5143 = FACE_OUTER_BOUND ( 'NONE', #1528, .T. ) ;
#5144 = CARTESIAN_POINT ( 'NONE',  ( -51.56562181283581481, -66.95430154280344937, -9.730505661017682328 ) ) ;
#5145 = CARTESIAN_POINT ( 'NONE',  ( -2.477079676997198554, -18.37828679472708160, -4.422821330578622145 ) ) ;
#5146 = AXIS2_PLACEMENT_3D ( 'NONE', #4407, #6499, #7744 ) ;
#5147 = ADVANCED_FACE ( 'NONE', ( #2989 ), #8394, .F. ) ;
#5148 = CARTESIAN_POINT ( 'NONE',  ( -54.67555668309087480, 3.855146070618987952, 4.353668492903441489 ) ) ;
#5149 = EDGE_CURVE ( 'NONE', #8589, #4447, #7056, .T. ) ;
#5150 = CARTESIAN_POINT ( 'NONE',  ( -28.23603830869144105, 3.962179892037105411, -10.80513581764840580 ) ) ;
#5151 = VERTEX_POINT ( 'NONE', #2310 ) ;
#5152 = CARTESIAN_POINT ( 'NONE',  ( -46.41346226548096610, -2.562151770068399337, -7.886564304137717585 ) ) ;
#5153 = FACE_BOUND ( 'NONE', #3181, .T. ) ;
#5154 = DIRECTION ( 'NONE',  ( -1.000000000000000000, 0.000000000000000000, 0.000000000000000000 ) ) ;
#5155 = CARTESIAN_POINT ( 'NONE',  ( -60.79071834224557591, -33.58782500880742106, -5.860823076760111938 ) ) ;
#5156 = DIRECTION ( 'NONE',  ( 1.000000000000000000, -1.780377182154265206E-15, 0.000000000000000000 ) ) ;
#5157 = VECTOR ( 'NONE', #5770, 1000.000000000000000 ) ;
#5158 = CARTESIAN_POINT ( 'NONE',  ( -19.25371824818599009, -7.265956099921424993, -6.571154822320527167 ) ) ;
#5159 = ORIENTED_EDGE ( 'NONE', *, *, #6350, .F. ) ;
#5160 = CARTESIAN_POINT ( 'NONE',  ( -29.77218134789445614, 8.247141860790781820, -10.73586529162743197 ) ) ;
#5161 = EDGE_CURVE ( 'NONE', #7839, #5771, #2687, .T. ) ;
#5162 = CARTESIAN_POINT ( 'NONE',  ( -3.862529449777629242, -31.43227590607190081, -6.225820033737450743 ) ) ;
#5163 = ORIENTED_EDGE ( 'NONE', *, *, #8062, .F. ) ;
#5164 = CARTESIAN_POINT ( 'NONE',  ( -32.10800448670126883, -84.85808688002525457, 8.411882848956651060 ) ) ;
#5165 = CARTESIAN_POINT ( 'NONE',  ( 1.485348723992817144, -15.24327629873712198, -2.117910283930686255 ) ) ;
#5166 = DIRECTION ( 'NONE',  ( 1.000000000000000000, 0.000000000000000000, 0.000000000000000000 ) ) ;
#5167 = LINE ( 'NONE', #3889, #8235 ) ;
#5168 = ORIENTED_EDGE ( 'NONE', *, *, #3159, .T. ) ;
#5169 = CARTESIAN_POINT ( 'NONE',  ( -1.217709888659500139, -80.04545484491121954, -5.076339241259022472 ) ) ;
#5170 = CARTESIAN_POINT ( 'NONE',  ( -66.49427351911083406, -65.45591833397311632, -1.588117151043344499 ) ) ;
#5171 = CARTESIAN_POINT ( 'NONE',  ( -11.06870318434508604, -65.74903718439391298, -11.10102005160108440 ) ) ;
#5172 = EDGE_CURVE ( 'NONE', #3924, #6635, #8518, .T. ) ;
#5173 = LINE ( 'NONE', #3160, #1070 ) ;
#5174 = AXIS2_PLACEMENT_3D ( 'NONE', #3711, #4448, #7867 ) ;
#5175 = ORIENTED_EDGE ( 'NONE', *, *, #3873, .F. ) ;
#5176 = CARTESIAN_POINT ( 'NONE',  ( -1.659342489812683619, -78.46953566584797102, -5.459641333504007044 ) ) ;
#5177 = ORIENTED_EDGE ( 'NONE', *, *, #4434, .T. ) ;
#5178 = CARTESIAN_POINT ( 'NONE',  ( -22.07409836791940450, -45.63714156430384605, 1.411882848956637293 ) ) ;
#5179 = AXIS2_PLACEMENT_3D ( 'NONE', #8756, #3784, #7392 ) ;
#5180 = ORIENTED_EDGE ( 'NONE', *, *, #7046, .F. ) ;
#5181 = CIRCLE ( 'NONE', #8978, 1.650000000000002132 ) ;
#5182 = CARTESIAN_POINT ( 'NONE',  ( -10.53012951337480096, -61.74921654108055691, -10.98938567970935232 ) ) ;
#5183 = CARTESIAN_POINT ( 'NONE',  ( 0.2478462078780817035, -6.250010662062849498, 13.17572640332799594 ) ) ;
#5184 =( BOUNDED_CURVE ( )  B_SPLINE_CURVE ( 3, ( #660, #1890, #8146, #471 ),
 .UNSPECIFIED., .F., .F. ) 
 B_SPLINE_CURVE_WITH_KNOTS ( ( 4, 4 ),
 ( 3.141592653589793116, 4.712388980384689674 ),
 .UNSPECIFIED. ) 
 CURVE ( )  GEOMETRIC_REPRESENTATION_ITEM ( )  RATIONAL_B_SPLINE_CURVE ( ( 1.000000000000000000, 0.8047378541243649375, 0.8047378541243649375, 1.000000000000000000 ) ) 
 REPRESENTATION_ITEM ( '' )  );
#5185 = B_SPLINE_CURVE_WITH_KNOTS ( 'NONE', 3,
 ( #6931, #5465, #1413, #681, #6792, #6248, #545, #3327, #6110, #3274 ),
 .UNSPECIFIED., .F., .F.,
 ( 4, 2, 2, 2, 4 ),
 ( 0.7482770248669037283, 0.7500000000000001110, 0.8125000000000001110, 0.8750000000000001110, 1.000000000000000000 ),
 .UNSPECIFIED. ) ;
#5186 = ORIENTED_EDGE ( 'NONE', *, *, #8348, .T. ) ;
#5187 = AXIS2_PLACEMENT_3D ( 'NONE', #5243, #1690, #4476 ) ;
#5188 = CARTESIAN_POINT ( 'NONE',  ( -53.15280146886500034, -72.27825173498987965, -9.527103196791046003 ) ) ;
#5189 = DIRECTION ( 'NONE',  ( -1.000000000000000000, 0.000000000000000000, 0.000000000000000000 ) ) ;
#5190 = EDGE_LOOP ( 'NONE', ( #5597, #2440, #8554, #4863 ) ) ;
#5191 = CARTESIAN_POINT ( 'NONE',  ( -60.51395115832318083, -50.19694979810105906, -8.455301995372087376 ) ) ;
#5192 = CARTESIAN_POINT ( 'NONE',  ( -62.47521087017960184, -22.05451705896430781, -7.131259481714490533 ) ) ;
#5193 = CARTESIAN_POINT ( 'NONE',  ( -32.10800448670235596, 20.00000000000003553, 23.41188284895664040 ) ) ;
#5194 = CARTESIAN_POINT ( 'NONE',  ( -0.2205663651459762176, -18.06844334004438224, -5.031093292001995287 ) ) ;
#5195 = CARTESIAN_POINT ( 'NONE',  ( -54.92775066952104623, 4.822878035974016875, 5.209688165997503617 ) ) ;
#5196 = CARTESIAN_POINT ( 'NONE',  ( -54.77168180351623050, -56.09745459949873236, -1.588117151043349606 ) ) ;
#5197 = ORIENTED_EDGE ( 'NONE', *, *, #5055, .F. ) ;
#5198 = CARTESIAN_POINT ( 'NONE',  ( -35.53172441302644557, -5.501439811745679975, -11.49655239091920222 ) ) ;
#5199 = FACE_OUTER_BOUND ( 'NONE', #3139, .T. ) ;
#5200 = DIRECTION ( 'NONE',  ( 0.7060631721868307897, 0.7081488522065609859, 0.000000000000000000 ) ) ;
#5201 = ADVANCED_FACE ( 'NONE', ( #7712 ), #8563, .T. ) ;
#5202 = CARTESIAN_POINT ( 'NONE',  ( -33.75800448670126741, -84.85808688002525457, -1.588117151043349606 ) ) ;
#5203 = ADVANCED_FACE ( 'NONE', ( #2820 ), #5677, .F. ) ;
#5204 = DIRECTION ( 'NONE',  ( -0.000000000000000000, -0.000000000000000000, 1.000000000000000000 ) ) ;
#5205 = AXIS2_PLACEMENT_3D ( 'NONE', #7260, #6570, #6665 ) ;
#5206 = VECTOR ( 'NONE', #7414, 1000.000000000000000 ) ;
#5207 = CARTESIAN_POINT ( 'NONE',  ( -26.51873202376660998, -9.150281764037604404, -8.513515854978020769 ) ) ;
#5208 = EDGE_LOOP ( 'NONE', ( #3824, #6509, #6392, #8695 ) ) ;
#5209 = CARTESIAN_POINT ( 'NONE',  ( -25.70833916827073296, 28.00000000000000000, -4.263986648895969012 ) ) ;
#5210 = CARTESIAN_POINT ( 'NONE',  ( -3.108908960666010746, -37.40693894201857717, -5.683714756374635080 ) ) ;
#5211 = ORIENTED_EDGE ( 'NONE', *, *, #2258, .T. ) ;
#5212 = DIRECTION ( 'NONE',  ( 1.000000000000000000, 0.000000000000000000, 0.000000000000000000 ) ) ;
#5213 = CIRCLE ( 'NONE', #7841, 1.825000000000000178 ) ;
#5214 = CARTESIAN_POINT ( 'NONE',  ( -31.07518455531305435, 8.870011961026591507, -10.89635894636304592 ) ) ;
#5215 = CARTESIAN_POINT ( 'NONE',  ( -60.46892967914160266, -21.88924571495520155, -5.959743303269770642 ) ) ;
#5216 = CARTESIAN_POINT ( 'NONE',  ( -52.87311269603596742, -59.16513293516243266, -9.466423335487597512 ) ) ;
#5217 = ADVANCED_FACE ( 'NONE', ( #8473 ), #724, .T. ) ;
#5218 = ORIENTED_EDGE ( 'NONE', *, *, #7599, .T. ) ;
#5219 = CARTESIAN_POINT ( 'NONE',  ( -29.57387815432574030, -9.115357512064429457, 108.4362694665913835 ) ) ;
#5220 = LINE ( 'NONE', #8771, #5938 ) ;
#5221 = DIRECTION ( 'NONE',  ( 0.000000000000000000, 0.000000000000000000, -1.000000000000000000 ) ) ;
#5222 = CARTESIAN_POINT ( 'NONE',  ( -39.09761534418043283, 24.58391897574519547, 9.411882848956636849 ) ) ;
#5223 = ORIENTED_EDGE ( 'NONE', *, *, #5660, .F. ) ;
#5224 = CARTESIAN_POINT ( 'NONE',  ( -24.64870705177768428, -48.21175024816270849, -13.22822741526793955 ) ) ;
#5225 = ORIENTED_EDGE ( 'NONE', *, *, #1535, .F. ) ;
#5226 = DIRECTION ( 'NONE',  ( 1.000000000000000000, 0.000000000000000000, 0.000000000000000000 ) ) ;
#5227 = EDGE_CURVE ( 'NONE', #6915, #3032, #6286, .T. ) ;
#5228 = ORIENTED_EDGE ( 'NONE', *, *, #8351, .F. ) ;
#5229 = DIRECTION ( 'NONE',  ( -0.000000000000000000, -0.000000000000000000, 1.000000000000000000 ) ) ;
#5230 = CARTESIAN_POINT ( 'NONE',  ( -57.34965503060897163, -76.35216132766817054, -8.209927359926027179 ) ) ;
#5231 = ORIENTED_EDGE ( 'NONE', *, *, #489, .F. ) ;
#5232 = CARTESIAN_POINT ( 'NONE',  ( -53.25513197829872780, -72.42466559022622619, -9.503173406513198529 ) ) ;
#5233 = DIRECTION ( 'NONE',  ( -0.000000000000000000, -0.000000000000000000, 1.000000000000000000 ) ) ;
#5234 = ADVANCED_FACE ( 'NONE', ( #5004 ), #3543, .F. ) ;
#5235 = ORIENTED_EDGE ( 'NONE', *, *, #5047, .F. ) ;
#5236 = CARTESIAN_POINT ( 'NONE',  ( -63.19491060517255931, -39.13244117799577282, -6.784664698393544136 ) ) ;
#5237 = CARTESIAN_POINT ( 'NONE',  ( -26.59789966375754133, -32.66811546249819997, 1.411882848956637293 ) ) ;
#5238 = DIRECTION ( 'NONE',  ( 0.000000000000000000, 0.000000000000000000, 1.000000000000000000 ) ) ;
#5239 = CARTESIAN_POINT ( 'NONE',  ( 0.01885410408965907184, -14.37629089847903252, -0.4548266204867985052 ) ) ;
#5240 = CARTESIAN_POINT ( 'NONE',  ( -54.58455089244303338, 3.455311829469463358, 4.070440921756063979 ) ) ;
#5241 = DIRECTION ( 'NONE',  ( 0.000000000000000000, 0.000000000000000000, -1.000000000000000000 ) ) ;
#5242 = CARTESIAN_POINT ( 'NONE',  ( -50.62944839326707580, 0.8401891360741895465, -3.770384594529985200 ) ) ;
#5243 = CARTESIAN_POINT ( 'NONE',  ( -47.10800448670129015, 28.00000000000000000, 26.41188284895664040 ) ) ;
#5244 = CARTESIAN_POINT ( 'NONE',  ( -21.28244600348924820, -121.6230729217454041, 2.411882848956650172 ) ) ;
#5245 = CARTESIAN_POINT ( 'NONE',  ( -44.93356296991329657, -86.75818478260559630, 19.87819195885927570 ) ) ;
#5246 = LINE ( 'NONE', #8672, #3988 ) ;
#5247 = B_SPLINE_CURVE_WITH_KNOTS ( 'NONE', 3,
 ( #4182, #5542, #7652, #6961, #711, #8194, #1942, #4727, #3490, #4039, #6821, #30, #6775, #7778, #4307, #7001, #114, #876, #3657, #4985, #7082, #2166, #245, #750, #2973, #2890, #6441, #5029, #834, #4261, #1609, #3019 ),
 .UNSPECIFIED., .F., .F.,
 ( 4, 2, 2, 2, 2, 2, 2, 2, 2, 2, 2, 2, 2, 2, 2, 4 ),
 ( 0.2511392416830303120, 0.2812500000000001665, 0.3125000000000002220, 0.3437500000000002220, 0.3750000000000001665, 0.4375000000000001665, 0.5000000000000001110, 0.5625000000000002220, 0.5937500000000002220, 0.6093750000000002220, 0.6250000000000002220, 0.6562500000000002220, 0.6875000000000002220, 0.7500000000000002220, 0.8750000000000000000, 1.000000000000000000 ),
 .UNSPECIFIED. ) ;
#5248 = LINE ( 'NONE', #3700, #8629 ) ;
#5249 = ORIENTED_EDGE ( 'NONE', *, *, #4002, .T. ) ;
#5250 = CARTESIAN_POINT ( 'NONE',  ( -32.10800448670126883, -38.00442471284927848, -1.588117151043349606 ) ) ;
#5251 = CARTESIAN_POINT ( 'NONE',  ( -9.107718918842218514, -55.66966386794165800, -8.934583233708858430 ) ) ;
#5252 = EDGE_CURVE ( 'NONE', #2315, #4865, #1696, .T. ) ;
#5253 = VERTEX_POINT ( 'NONE', #551 ) ;
#5254 = B_SPLINE_SURFACE_WITH_KNOTS ( 'NONE', 1, 3, ( 
 ( #7201, #3134, #4514, #3777, #7248, #7983, #3085, #5920, #7291, #274, #5779, #8617, #5194, #2279, #2457, #2320, #1685, #8575, #7848, #5100, #179, #953, #3735, #3638, #7891, #6558, #315, #1633, #3045, #1041, #5828, #8706, #8029, #3820, #1728, #2364 ),
 ( #902, #358, #5239, #7152, #4379, #5733, #5873, #4336, #5056, #2410, #7111, #6468, #6422, #227, #3684, #5145, #7937, #4471, #998, #8529, #1592, #671, #6867, #714, #620, #8971, #1092, #5548, #1403, #2723, #535, #8199, #4186, #8294, #3997, #4733 ) ),
 .UNSPECIFIED., .F., .F., .F.,
 ( 2, 2 ),
 ( 4, 2, 2, 2, 2, 2, 2, 2, 2, 2, 2, 2, 2, 2, 2, 2, 2, 4 ),
 ( 0.000000000000000000, 1.000000000000000000 ),
 ( 0.000000000000000000, 0.001612243602628802511, 0.003224487205257605023, 0.004836730807886407968, 0.005642852609200809007, 0.006045913509858009960, 0.006448974410515210046, 0.006852035311172410131, 0.007255096211829611084, 0.008061218013144012123, 0.008867339814458414030, 0.009673461615772815936, 0.01007652251643001602, 0.01047958341708721611, 0.01088264431774441793, 0.01128570521840161801, 0.01209182701971601992, 0.01289794882103042009 ),
 .UNSPECIFIED. ) ;
#5255 = CARTESIAN_POINT ( 'NONE',  ( -3.461402451365884314, -4.000000000000012434, 14.41188284895664573 ) ) ;
#5256 = FACE_OUTER_BOUND ( 'NONE', #7017, .T. ) ;
#5257 = CARTESIAN_POINT ( 'NONE',  ( -62.68965535249497378, -21.25154933144929004, -6.863654557369419429 ) ) ;
#5258 = CARTESIAN_POINT ( 'NONE',  ( -51.69844358129665807, -62.96724329372373319, -9.706493181094062450 ) ) ;
#5259 = ORIENTED_EDGE ( 'NONE', *, *, #7736, .T. ) ;
#5260 = LINE ( 'NONE', #3891, #7672 ) ;
#5261 = DIRECTION ( 'NONE',  ( 0.000000000000000000, 0.000000000000000000, -1.000000000000000000 ) ) ;
#5262 = CARTESIAN_POINT ( 'NONE',  ( -10.86863209262090457, -67.75611028958539350, -11.06096895701314153 ) ) ;
#5263 = CYLINDRICAL_SURFACE ( 'NONE', #9003, 8.000000000000000000 ) ;
#5264 = EDGE_CURVE ( 'NONE', #5342, #3080, #3468, .T. ) ;
#5265 = ORIENTED_EDGE ( 'NONE', *, *, #7284, .T. ) ;
#5266 = EDGE_CURVE ( 'NONE', #2731, #1889, #1326, .T. ) ;
#5267 = EDGE_LOOP ( 'NONE', ( #3749, #2854, #498 ) ) ;
#5268 = DIRECTION ( 'NONE',  ( 0.000000000000000000, 0.000000000000000000, -1.000000000000000000 ) ) ;
#5269 = ORIENTED_EDGE ( 'NONE', *, *, #8351, .T. ) ;
#5270 = CARTESIAN_POINT ( 'NONE',  ( -9.864979083205865251, -59.98967351843007378, -10.83498386316187201 ) ) ;
#5271 = CARTESIAN_POINT ( 'NONE',  ( -65.54578654115066172, -6.863926297582616520, 15.09528735009785549 ) ) ;
#5272 = AXIS2_PLACEMENT_3D ( 'NONE', #5062, #2960, #7724 ) ;
#5273 = VERTEX_POINT ( 'NONE', #8988 ) ;
#5274 = EDGE_CURVE ( 'NONE', #2889, #5137, #7628, .T. ) ;
#5275 = CARTESIAN_POINT ( 'NONE',  ( -52.95432560248365661, -71.98320438391301934, -9.572448467081866141 ) ) ;
#5276 = CARTESIAN_POINT ( 'NONE',  ( -54.36052670989054292, -56.61252901304843022, -9.091312985062231178 ) ) ;
#5277 = DIRECTION ( 'NONE',  ( 1.000000000000000000, 0.000000000000000000, 0.000000000000000000 ) ) ;
#5278 = CIRCLE ( 'NONE', #7619, 1.824999999999993294 ) ;
#5279 = EDGE_LOOP ( 'NONE', ( #5843, #1659 ) ) ;
#5280 = CARTESIAN_POINT ( 'NONE',  ( -63.12566150749282201, -40.29221335378618818, -6.833706443458058111 ) ) ;
#5281 = CIRCLE ( 'NONE', #6444, 1.825000000000007283 ) ;
#5282 = FACE_OUTER_BOUND ( 'NONE', #7090, .T. ) ;
#5283 = CARTESIAN_POINT ( 'NONE',  ( -32.10800448670126883, -74.85808688002526878, -1.588117151043349606 ) ) ;
#5284 = CIRCLE ( 'NONE', #8205, 2.149999999999999023 ) ;
#5285 = CYLINDRICAL_SURFACE ( 'NONE', #3018, 2.000000000000001776 ) ;
#5286 = ADVANCED_FACE ( 'NONE', ( #8851 ), #687, .T. ) ;
#5287 = AXIS2_PLACEMENT_3D ( 'NONE', #3956, #3223, #8119 ) ;
#5288 = CARTESIAN_POINT ( 'NONE',  ( -31.06508739252361195, 1.129452477451966308, -11.45696060828744933 ) ) ;
#5289 = VERTEX_POINT ( 'NONE', #1190 ) ;
#5290 = CARTESIAN_POINT ( 'NONE',  ( 1.064121360582316100, -6.869193923645281252, 11.70948360971099689 ) ) ;
#5291 = CARTESIAN_POINT ( 'NONE',  ( -29.17984972559957768, 7.729615860636217306, -10.64367398611296878 ) ) ;
#5292 = DIRECTION ( 'NONE',  ( 1.000000000000000000, -1.850371707708594366E-15, 0.000000000000000000 ) ) ;
#5293 = CARTESIAN_POINT ( 'NONE',  ( -30.77542294879567208, 16.21924718901363249, -9.784991202688477330 ) ) ;
#5294 = CARTESIAN_POINT ( 'NONE',  ( -10.94775171055004748, -72.44135674263323210, -9.499869633791059087 ) ) ;
#5295 = AXIS2_PLACEMENT_3D ( 'NONE', #4824, #7604, #3949 ) ;
#5296 = CARTESIAN_POINT ( 'NONE',  ( -22.27520804818465905, -121.6375488323557477, -1.083262708964225274 ) ) ;
#5297 = EDGE_LOOP ( 'NONE', ( #2302, #2856, #6848, #6569 ) ) ;
#5298 = FACE_BOUND ( 'NONE', #7040, .T. ) ;
#5299 = CARTESIAN_POINT ( 'NONE',  ( -3.862529449777628354, -31.43227590607190791, 108.4362694665913835 ) ) ;
#5300 = EDGE_LOOP ( 'NONE', ( #3221, #8246, #6946, #2380 ) ) ;
#5301 = CIRCLE ( 'NONE', #4876, 3.999999999986288746 ) ;
#5302 = CARTESIAN_POINT ( 'NONE',  ( -41.28093684952447262, -14.13639190453343275, -13.22822741526793777 ) ) ;
#5303 = CARTESIAN_POINT ( 'NONE',  ( -65.50317409934316970, -12.89278051652616952, 2.456362943299636115 ) ) ;
#5304 = CARTESIAN_POINT ( 'NONE',  ( -61.42089618214177449, -19.08587366037292909, -4.777856332579187182 ) ) ;
#5305 = FACE_OUTER_BOUND ( 'NONE', #7612, .T. ) ;
#5306 = ORIENTED_EDGE ( 'NONE', *, *, #4728, .T. ) ;
#5307 = CARTESIAN_POINT ( 'NONE',  ( -0.3780059449980726072, -8.981594476027964902, 1.411882848956637515 ) ) ;
#5308 = CARTESIAN_POINT ( 'NONE',  ( -9.444327169886326701, -56.09745459949873947, -1.588117151043349606 ) ) ;
#5309 = CARTESIAN_POINT ( 'NONE',  ( -10.53012951337480096, -61.74921654108055691, -10.98938567970935232 ) ) ;
#5310 = CARTESIAN_POINT ( 'NONE',  ( -37.12703538565783390, -5.470791355393154198, -11.32783392128032673 ) ) ;
#5311 = EDGE_LOOP ( 'NONE', ( #6585, #1398 ) ) ;
#5312 = AXIS2_PLACEMENT_3D ( 'NONE', #281, #5836, #8625 ) ;
#5313 = VERTEX_POINT ( 'NONE', #6888 ) ;
#5314 = CARTESIAN_POINT ( 'NONE',  ( -56.05574995265487104, -75.42267304187238608, -1.544473978243972034 ) ) ;
#5315 = ORIENTED_EDGE ( 'NONE', *, *, #7907, .F. ) ;
#5316 = CARTESIAN_POINT ( 'NONE',  ( -0.4779762126907353137, -78.58821751893080432, -6.388811792371173581 ) ) ;
#5317 = ADVANCED_FACE ( 'NONE', ( #4014 ), #6062, .F. ) ;
#5318 = CARTESIAN_POINT ( 'NONE',  ( -61.86808283368878847, -26.61621481502198350, -7.667259819455312098 ) ) ;
#5319 = EDGE_CURVE ( 'NONE', #7310, #4680, #6464, .T. ) ;
#5320 = CARTESIAN_POINT ( 'NONE',  ( -32.10800448670126883, -94.85808688002525457, -1.487612087655021398 ) ) ;
#5321 = ORIENTED_EDGE ( 'NONE', *, *, #1474, .T. ) ;
#5322 = DIRECTION ( 'NONE',  ( -0.000000000000000000, -0.000000000000000000, 1.000000000000000000 ) ) ;
#5323 = FACE_OUTER_BOUND ( 'NONE', #8531, .T. ) ;
#5324 = CIRCLE ( 'NONE', #3721, 2.149999999999999023 ) ;
#5325 = DIRECTION ( 'NONE',  ( 0.000000000000000000, 0.000000000000000000, -1.000000000000000000 ) ) ;
#5326 = EDGE_LOOP ( 'NONE', ( #4655, #1087 ) ) ;
#5327 = CARTESIAN_POINT ( 'NONE',  ( -16.10800448670127949, -38.17822028544185997, 1.411882848956637293 ) ) ;
#5328 = CARTESIAN_POINT ( 'NONE',  ( -25.35800448670127949, 28.00000000000000000, 14.91188284895665639 ) ) ;
#5329 = CARTESIAN_POINT ( 'NONE',  ( -51.49427471000313261, -65.56834372060517069, -9.743119907333086971 ) ) ;
#5330 = ADVANCED_FACE ( 'NONE', ( #1498 ), #3509, .F. ) ;
#5331 = CIRCLE ( 'NONE', #2563, 3.500000000000003109 ) ;
#5332 = CARTESIAN_POINT ( 'NONE',  ( -54.31829351768304548, 2.126701142799301891, 3.324696106422310837 ) ) ;
#5333 = CARTESIAN_POINT ( 'NONE',  ( 2.127268099179277616, -78.75818478260569577, 2.411882848956659053 ) ) ;
#5334 = EDGE_LOOP ( 'NONE', ( #1426, #3989, #468, #2087, #8239, #3103, #524 ) ) ;
#5335 = CARTESIAN_POINT ( 'NONE',  ( -41.17031158508769551, -4.804025886255812061, -10.43184531241318780 ) ) ;
#5336 = FACE_OUTER_BOUND ( 'NONE', #1902, .T. ) ;
#5337 = CARTESIAN_POINT ( 'NONE',  ( -32.10800448670235596, 20.00000000000003553, -6.588117151043349828 ) ) ;
#5338 = FACE_BOUND ( 'NONE', #1674, .T. ) ;
#5339 = EDGE_CURVE ( 'NONE', #6780, #7819, #4436, .T. ) ;
#5340 = DIRECTION ( 'NONE',  ( -0.000000000000000000, -0.000000000000000000, 1.000000000000000000 ) ) ;
#5341 = CARTESIAN_POINT ( 'NONE',  ( -12.69927754059609271, -66.29419500263203702, -9.826689294380688722 ) ) ;
#5342 = VERTEX_POINT ( 'NONE', #5011 ) ;
#5343 = CARTESIAN_POINT ( 'NONE',  ( -4.830742934637799912, -77.45908240517316301, -7.301769946770422237 ) ) ;
#5344 = PLANE ( 'NONE',  #4263 ) ;
#5345 = VERTEX_POINT ( 'NONE', #1457 ) ;
#5346 = CARTESIAN_POINT ( 'NONE',  ( -60.12571404260044972, -79.03995720028602534, -6.753930376578827222 ) ) ;
#5347 = CARTESIAN_POINT ( 'NONE',  ( -8.829549075424276694, 2.208873341392619150, 6.578148630472299807 ) ) ;
#5348 = CARTESIAN_POINT ( 'NONE',  ( -2.066846706010067258, -24.02008052246661762, -7.490010711925408238 ) ) ;
#5349 = CARTESIAN_POINT ( 'NONE',  ( -64.10565036118030946, -17.68613657408680240, -4.790519244091619555 ) ) ;
#5350 = DIRECTION ( 'NONE',  ( -1.000000000000000000, 0.000000000000000000, 0.000000000000000000 ) ) ;
#5351 = VERTEX_POINT ( 'NONE', #6377 ) ;
#5352 = CARTESIAN_POINT ( 'NONE',  ( -61.72797210131909651, -18.39882172465633303, -4.355275609911320345 ) ) ;
#5353 = CARTESIAN_POINT ( 'NONE',  ( -32.10800448670126883, -104.8580868800252546, -1.588117151043349606 ) ) ;
#5354 = CARTESIAN_POINT ( 'NONE',  ( -2.477079676997198554, -18.37828679472708160, -4.422821330578622145 ) ) ;
#5355 = CARTESIAN_POINT ( 'NONE',  ( -39.46518812189926706, -5.190532354259431713, -10.90120387483064590 ) ) ;
#5356 = AXIS2_PLACEMENT_3D ( 'NONE', #4359, #6360, #5630 ) ;
#5357 = AXIS2_PLACEMENT_3D ( 'NONE', #5531, #2701, #2023 ) ;
#5358 = VERTEX_POINT ( 'NONE', #4929 ) ;
#5359 = ORIENTED_EDGE ( 'NONE', *, *, #1075, .T. ) ;
#5360 = CARTESIAN_POINT ( 'NONE',  ( -65.49946724241027596, -78.75818478260556788, 2.411882848956650172 ) ) ;
#5361 = EDGE_LOOP ( 'NONE', ( #7928, #1484 ) ) ;
#5362 = CARTESIAN_POINT ( 'NONE',  ( -9.076751988237010238, -72.38720663273876710, -10.62840591611498731 ) ) ;
#5363 = CARTESIAN_POINT ( 'NONE',  ( -61.86817381099741908, -27.18893071996048505, -7.667203290628481938 ) ) ;
#5364 = VERTEX_POINT ( 'NONE', #7844 ) ;
#5365 = DIRECTION ( 'NONE',  ( -0.000000000000000000, -0.000000000000000000, 1.000000000000000000 ) ) ;
#5366 = ORIENTED_EDGE ( 'NONE', *, *, #4384, .F. ) ;
#5367 = CARTESIAN_POINT ( 'NONE',  ( -9.618863457771967163, -71.61371969579988672, -10.77325141620074511 ) ) ;
#5368 = ADVANCED_FACE ( 'NONE', ( #7022 ), #2145, .T. ) ;
#5369 = DIRECTION ( 'NONE',  ( -0.000000000000000000, -0.000000000000000000, 1.000000000000000000 ) ) ;
#5370 = DIRECTION ( 'NONE',  ( -0.000000000000000000, -0.000000000000000000, 1.000000000000000000 ) ) ;
#5371 = ORIENTED_EDGE ( 'NONE', *, *, #4152, .F. ) ;
#5372 = DIRECTION ( 'NONE',  ( 1.000000000000000000, 0.000000000000000000, 0.000000000000000000 ) ) ;
#5373 = CARTESIAN_POINT ( 'NONE',  ( -63.38965262667932166, -19.24028773351527377, -5.890187898653526766 ) ) ;
#5374 = DIRECTION ( 'NONE',  ( -0.000000000000000000, -0.000000000000000000, 1.000000000000000000 ) ) ;
#5375 = CARTESIAN_POINT ( 'NONE',  ( -38.52796443078366195, 28.09864479076258803, -4.208254138421342105 ) ) ;
#5376 = DIRECTION ( 'NONE',  ( 0.3922749854591618401, 0.9198479960205458994, 0.000000000000000000 ) ) ;
#5377 = EDGE_CURVE ( 'NONE', #1899, #2332, #7799, .T. ) ;
#5378 = ADVANCED_FACE ( 'NONE', ( #7717, #3551 ), #7061, .T. ) ;
#5379 = CARTESIAN_POINT ( 'NONE',  ( -48.82754418281496811, -4.858185549133242631, -4.357719601472926918 ) ) ;
#5380 = CARTESIAN_POINT ( 'NONE',  ( -28.14588881764609596, 5.633098089584970936, -10.60766451990623516 ) ) ;
#5381 = PLANE ( 'NONE',  #1409 ) ;
#5382 = CARTESIAN_POINT ( 'NONE',  ( 2.663011594694699724, -13.77960137113630879, 0.2546806376439360586 ) ) ;
#5383 = PLANE ( 'NONE',  #2374 ) ;
#5384 = DIRECTION ( 'NONE',  ( 0.000000000000000000, 0.000000000000000000, 1.000000000000000000 ) ) ;
#5385 = CARTESIAN_POINT ( 'NONE',  ( -19.28244600348924465, -121.6230729217454041, 2.411882848956653724 ) ) ;
#5386 = CARTESIAN_POINT ( 'NONE',  ( -0.5550005439792610185, -78.64754867600977661, -4.673759537876481573 ) ) ;
#5387 = CARTESIAN_POINT ( 'NONE',  ( -67.44397475443186352, -12.15103924228694687, 3.980156849842739764 ) ) ;
#5388 = ORIENTED_EDGE ( 'NONE', *, *, #2984, .F. ) ;
#5389 = EDGE_CURVE ( 'NONE', #7790, #7650, #3699, .T. ) ;
#5390 = CARTESIAN_POINT ( 'NONE',  ( -53.56280498154016101, -69.05864074303271138, -11.01594993635144704 ) ) ;
#5391 = CARTESIAN_POINT ( 'NONE',  ( -44.80562956670692643, -121.5591062201421835, 1.374752585226568957 ) ) ;
#5392 = DIRECTION ( 'NONE',  ( -1.000000000000000000, 0.000000000000000000, 0.000000000000000000 ) ) ;
#5393 = CARTESIAN_POINT ( 'NONE',  ( -34.25800448670241138, 5.000000000000024869, 23.41188284895664040 ) ) ;
#5394 = CARTESIAN_POINT ( 'NONE',  ( -62.04945333196120316, -17.74554891152618907, -3.896112121745197499 ) ) ;
#5395 = DIRECTION ( 'NONE',  ( 0.000000000000000000, 0.000000000000000000, 1.000000000000000000 ) ) ;
#5396 = ORIENTED_EDGE ( 'NONE', *, *, #6154, .F. ) ;
#5397 = CARTESIAN_POINT ( 'NONE',  ( -63.53936349261664418, -15.29440212003454214, -1.552496542542381786 ) ) ;
#5398 = CARTESIAN_POINT ( 'NONE',  ( -61.04613066591993231, -39.91801701435201011, -5.674192539574566041 ) ) ;
#5399 = CARTESIAN_POINT ( 'NONE',  ( -25.30956760332031052, -42.41120161574383474, 18.41188284895663685 ) ) ;
#5400 = CARTESIAN_POINT ( 'NONE',  ( -35.13305150181309244, -5.484395752076617114, -11.52223254349467929 ) ) ;
#5401 = CIRCLE ( 'NONE', #23, 16.69999999999995666 ) ;
#5402 = ORIENTED_EDGE ( 'NONE', *, *, #1435, .F. ) ;
#5403 = ORIENTED_EDGE ( 'NONE', *, *, #2162, .T. ) ;
#5404 = CYLINDRICAL_SURFACE ( 'NONE', #8075, 1.650000000000002132 ) ;
#5405 = ORIENTED_EDGE ( 'NONE', *, *, #5595, .T. ) ;
#5406 = CARTESIAN_POINT ( 'NONE',  ( 0.6576613897419201216, -78.83355608506938950, -5.488528491653357655 ) ) ;
#5407 = CARTESIAN_POINT ( 'NONE',  ( -61.92578135580134102, -25.46505945190062192, -7.631278705374550775 ) ) ;
#5408 =( BOUNDED_CURVE ( )  B_SPLINE_CURVE ( 3, ( #3831, #7394, #2465, #7212 ),
 .UNSPECIFIED., .F., .T. ) 
 B_SPLINE_CURVE_WITH_KNOTS ( ( 4, 4 ),
 ( 5.481825702917538123, 6.283185307179586232 ),
 .UNSPECIFIED. ) 
 CURVE ( )  GEOMETRIC_REPRESENTATION_ITEM ( )  RATIONAL_B_SPLINE_CURVE ( ( 1.000000000000000000, 0.9471973691859543187, 0.9471973691859543187, 1.000000000000000000 ) ) 
 REPRESENTATION_ITEM ( '' )  );
#5409 = VERTEX_POINT ( 'NONE', #6335 ) ;
#5410 = CARTESIAN_POINT ( 'NONE',  ( 8.622126372425736207, -76.75818478260570998, 24.41188284895663685 ) ) ;
#5411 = CARTESIAN_POINT ( 'NONE',  ( -9.258188322919338020, -72.08034181849659205, -10.67779462162632065 ) ) ;
#5412 = ORIENTED_EDGE ( 'NONE', *, *, #4986, .F. ) ;
#5413 = FACE_OUTER_BOUND ( 'NONE', #5070, .T. ) ;
#5414 = CARTESIAN_POINT ( 'NONE',  ( -6.779448745894702810, -74.48153946117444946, -9.868943687512953034 ) ) ;
#5415 = CARTESIAN_POINT ( 'NONE',  ( -59.93796375621607808, -29.03342090089790162, -6.416185765956273102 ) ) ;
#5416 = ORIENTED_EDGE ( 'NONE', *, *, #2579, .F. ) ;
#5417 = CARTESIAN_POINT ( 'NONE',  ( 0.000000000000000000, 28.00000000000000000, 0.000000000000000000 ) ) ;
#5418 = CARTESIAN_POINT ( 'NONE',  ( -64.43446091475419735, -17.07561375659983582, -4.254965318127954532 ) ) ;
#5419 = CARTESIAN_POINT ( 'NONE',  ( -52.16085863053229588, -69.88099473824961194, -9.617885591383441124 ) ) ;
#5420 = CARTESIAN_POINT ( 'NONE',  ( -32.10800448670127594, 8.169474556283502054, -11.30092930192949119 ) ) ;
#5421 = CARTESIAN_POINT ( 'NONE',  ( -64.47550947944836253, -6.245008582359887761, 13.43870061382741987 ) ) ;
#5422 = VECTOR ( 'NONE', #5653, 1000.000000000000000 ) ;
#5423 = CARTESIAN_POINT ( 'NONE',  ( -2.093025688871929191, -29.56932938385639886, -7.506707901373680158 ) ) ;
#5424 = DIRECTION ( 'NONE',  ( 0.3922749854591615626, -0.9198479960205460104, 0.000000000000000000 ) ) ;
#5425 = PLANE ( 'NONE',  #8363 ) ;
#5426 = AXIS2_PLACEMENT_3D ( 'NONE', #5164, #3105, #3058 ) ;
#5427 = CARTESIAN_POINT ( 'NONE',  ( -62.93393478322079204, -78.45024642941432091, -6.968212295448325655 ) ) ;
#5428 = EDGE_CURVE ( 'NONE', #1714, #7509, #5455, .T. ) ;
#5429 = EDGE_CURVE ( 'NONE', #5342, #7141, #8440, .T. ) ;
#5430 = CARTESIAN_POINT ( 'NONE',  ( -19.66083758648540325, -123.2446813387495013, 0.5950550531473182136 ) ) ;
#5431 = CARTESIAN_POINT ( 'NONE',  ( -8.961330947110386802, -74.71999878248522009, -8.956479176757744298 ) ) ;
#5432 = CARTESIAN_POINT ( 'NONE',  ( -68.90530371894047335, -11.24421696529472037, 6.832087537420454382 ) ) ;
#5433 = ORIENTED_EDGE ( 'NONE', *, *, #3553, .T. ) ;
#5434 = CARTESIAN_POINT ( 'NONE',  ( -58.16227237745331990, -77.92996974519985542, -7.717103274484747644 ) ) ;
#5435 = CYLINDRICAL_SURFACE ( 'NONE', #7759, 28.99999999999831246 ) ;
#5436 = DIRECTION ( 'NONE',  ( -1.000000000000000000, 0.000000000000000000, 0.000000000000000000 ) ) ;
#5437 = CARTESIAN_POINT ( 'NONE',  ( 1.260548601642722533, -15.55738622282105510, -2.533100255368821774 ) ) ;
#5438 = VECTOR ( 'NONE', #1581, 1000.000000000000000 ) ;
#5439 = CARTESIAN_POINT ( 'NONE',  ( -32.10800448670127594, -47.67822028544098600, -13.22822741526793955 ) ) ;
#5440 = CARTESIAN_POINT ( 'NONE',  ( -68.43981689893756482, -9.082010297145769684, 13.73584608826229037 ) ) ;
#5441 = CARTESIAN_POINT ( 'NONE',  ( -63.77244680983564251, -14.97506978671550293, -1.150335491536506272 ) ) ;
#5442 = EDGE_CURVE ( 'NONE', #7790, #652, #1420, .T. ) ;
#5443 = CARTESIAN_POINT ( 'NONE',  ( -3.469594590110614885, -20.92342301923248726, -5.708581751260571657 ) ) ;
#5444 = DIRECTION ( 'NONE',  ( 1.000000000000000000, 0.000000000000000000, 0.000000000000000000 ) ) ;
#5445 = VECTOR ( 'NONE', #8579, 1000.000000000000000 ) ;
#5446 = EDGE_LOOP ( 'NONE', ( #459, #7214, #407, #1076 ) ) ;
#5447 = ORIENTED_EDGE ( 'NONE', *, *, #2205, .F. ) ;
#5448 = LINE ( 'NONE', #4135, #2533 ) ;
#5449 = EDGE_LOOP ( 'NONE', ( #4541, #5799, #8741, #2632, #4167, #1563, #5955, #675, #6680, #4553, #3599, #4774, #8678 ) ) ;
#5450 = CARTESIAN_POINT ( 'NONE',  ( -5.995259781332932469, -75.84504944394606696, -9.553868679494117444 ) ) ;
#5451 = CARTESIAN_POINT ( 'NONE',  ( -52.04180186271777586, -1.666865442306268319, -1.139106280828202644 ) ) ;
#5452 = ADVANCED_FACE ( 'NONE', ( #52 ), #1080, .T. ) ;
#5453 = CARTESIAN_POINT ( 'NONE',  ( -67.60290207624282743, -12.77889002982158750, 2.194595048199685206 ) ) ;
#5454 = CARTESIAN_POINT ( 'NONE',  ( -11.44392313015857887, 3.119869345752737111, -0.3239545833908529793 ) ) ;
#5455 = CIRCLE ( 'NONE', #3415, 15.00000000000000000 ) ;
#5456 = VERTEX_POINT ( 'NONE', #5730 ) ;
#5457 = CARTESIAN_POINT ( 'NONE',  ( -52.93356296991327525, -74.75818478260558209, -1.588117151043349606 ) ) ;
#5458 = CARTESIAN_POINT ( 'NONE',  ( -22.93507212387806860, -14.13639190453343275, -13.22822741526793777 ) ) ;
#5459 = B_SPLINE_CURVE_WITH_KNOTS ( 'NONE', 3,
 ( #2475, #6030, #1113, #3060 ),
 .UNSPECIFIED., .F., .F.,
 ( 4, 4 ),
 ( 0.005877992288110915620, 0.007417145608972594562 ),
 .UNSPECIFIED. ) ;
#5460 = CARTESIAN_POINT ( 'NONE',  ( -30.45800448670127381, -104.8580868800252546, 8.411882848956651060 ) ) ;
#5461 =( BOUNDED_CURVE ( )  B_SPLINE_CURVE ( 3, ( #6093, #6136, #6916, #3353 ),
 .UNSPECIFIED., .F., .F. ) 
 B_SPLINE_CURVE_WITH_KNOTS ( ( 4, 4 ),
 ( 0.2814800732308455622, 1.570796326794897002 ),
 .UNSPECIFIED. ) 
 CURVE ( )  GEOMETRIC_REPRESENTATION_ITEM ( )  RATIONAL_B_SPLINE_CURVE ( ( 1.000000000000000000, 0.8662035025903023211, 0.8662035025903023211, 1.000000000000000000 ) ) 
 REPRESENTATION_ITEM ( '' )  );
#5462 = VERTEX_POINT ( 'NONE', #5776 ) ;
#5463 = CARTESIAN_POINT ( 'NONE',  ( -63.87819821076498528, -8.495066293762119969, 3.762523484086206071 ) ) ;
#5464 = CARTESIAN_POINT ( 'NONE',  ( -64.32376734197157475, -17.27616246559569291, -4.437069256266333639 ) ) ;
#5465 = CARTESIAN_POINT ( 'NONE',  ( -3.108004485066985456, -37.98920858345071139, -5.683036224391946334 ) ) ;
#5466 = CARTESIAN_POINT ( 'NONE',  ( -55.28299140058663852, 5.746422169611526520, 6.623296680258098590 ) ) ;
#5467 = CIRCLE ( 'NONE', #1531, 20.00000000000000355 ) ;
#5468 = CARTESIAN_POINT ( 'NONE',  ( -64.37091742710303777, -77.32254180587389669, -5.900954462688610569 ) ) ;
#5469 = DIRECTION ( 'NONE',  ( 0.000000000000000000, 0.000000000000000000, -1.000000000000000000 ) ) ;
#5470 = DIRECTION ( 'NONE',  ( -1.000000000000000000, 0.000000000000000000, 0.000000000000000000 ) ) ;
#5471 = CARTESIAN_POINT ( 'NONE',  ( 4.894168720864054301, -11.15405885027661270, 7.552370823653824949 ) ) ;
#5472 = FACE_OUTER_BOUND ( 'NONE', #8885, .T. ) ;
#5473 = AXIS2_PLACEMENT_3D ( 'NONE', #8700, #5774, #221 ) ;
#5474 = AXIS2_PLACEMENT_3D ( 'NONE', #5962, #4557, #8750 ) ;
#5475 = CARTESIAN_POINT ( 'NONE',  ( -64.44345398626838062, -78.84618799493121344, -5.842431278649047321 ) ) ;
#5476 = CARTESIAN_POINT ( 'NONE',  ( -19.28244600368227779, -123.6230729215562434, 2.018683722478650910 ) ) ;
#5477 = CARTESIAN_POINT ( 'NONE',  ( -10.69545310774447699, -72.78795047634190496, -9.439232466166362912 ) ) ;
#5478 = CARTESIAN_POINT ( 'NONE',  ( -2.870585966207102047, -48.37393132965235765, -7.984123357713741598 ) ) ;
#5479 = ORIENTED_EDGE ( 'NONE', *, *, #8904, .F. ) ;
#5480 = AXIS2_PLACEMENT_3D ( 'NONE', #6903, #4076, #6083 ) ;
#5481 = CARTESIAN_POINT ( 'NONE',  ( -53.12607092191938563, -64.08453650941353885, -11.10518651863123374 ) ) ;
#5482 = CARTESIAN_POINT ( 'NONE',  ( -42.66922616564463056, -123.0943993132084842, 0.4072801454217868655 ) ) ;
#5483 = CARTESIAN_POINT ( 'NONE',  ( -10.14799952300119834, 0.6810730460595684210, 2.726617157244334511 ) ) ;
#5484 = CARTESIAN_POINT ( 'NONE',  ( -29.75540047668081556, -5.455647690653084858, -11.56553948207782412 ) ) ;
#5485 = EDGE_CURVE ( 'NONE', #3525, #2044, #5601, .T. ) ;
#5486 = CARTESIAN_POINT ( 'NONE',  ( -0.1676115671947107366, -17.96219373975455724, -4.948204592392535517 ) ) ;
#5487 = ADVANCED_FACE ( 'NONE', ( #133, #7677 ), #2909, .T. ) ;
#5488 = LINE ( 'NONE', #1390, #965 ) ;
#5489 = CARTESIAN_POINT ( 'NONE',  ( -34.25800448670235454, 20.00000000000003553, 23.41188284895664040 ) ) ;
#5490 = FACE_OUTER_BOUND ( 'NONE', #7780, .T. ) ;
#5491 = B_SPLINE_CURVE_WITH_KNOTS ( 'NONE', 3,
 ( #1354, #6100, #4642, #5454, #485, #4781, #7563, #1313, #437, #5506 ),
 .UNSPECIFIED., .F., .F.,
 ( 4, 2, 2, 2, 4 ),
 ( 0.000000000000000000, 0.2625000028393374985, 0.5250000056786749969, 0.7875000085180123843, 1.000000000000000000 ),
 .UNSPECIFIED. ) ;
#5492 = CARTESIAN_POINT ( 'NONE',  ( -60.48853278315188930, -43.99122857198455705, -6.074144445081628874 ) ) ;
#5493 = CARTESIAN_POINT ( 'NONE',  ( 2.581013076269367268, -7.705038420782981845, 15.29329844003870598 ) ) ;
#5494 = CARTESIAN_POINT ( 'NONE',  ( -64.69168998434729190, -13.83311594803765132, 1.886622454739321331 ) ) ;
#5495 = ORIENTED_EDGE ( 'NONE', *, *, #6837, .T. ) ;
#5496 = ORIENTED_EDGE ( 'NONE', *, *, #7387, .F. ) ;
#5497 = EDGE_CURVE ( 'NONE', #6095, #6724, #2275, .T. ) ;
#5498 = DIRECTION ( 'NONE',  ( 1.000000000000000000, 0.000000000000000000, 0.000000000000000000 ) ) ;
#5499 = ADVANCED_FACE ( 'NONE', ( #896 ), #8571, .F. ) ;
#5500 = ORIENTED_EDGE ( 'NONE', *, *, #2590, .F. ) ;
#5501 = CARTESIAN_POINT ( 'NONE',  ( -9.238472942500717267, -72.12090631300681309, -10.67292089234714503 ) ) ;
#5502 = LINE ( 'NONE', #5793, #8784 ) ;
#5503 = CIRCLE ( 'NONE', #8425, 2.000000000000001776 ) ;
#5504 = VERTEX_POINT ( 'NONE', #974 ) ;
#5505 = CARTESIAN_POINT ( 'NONE',  ( -11.28244600348924465, -86.75818478260566735, 26.41188284895664040 ) ) ;
#5506 = CARTESIAN_POINT ( 'NONE',  ( -8.806692875869622128, 5.925776957490993091, 7.189660582010716006 ) ) ;
#5507 = ORIENTED_EDGE ( 'NONE', *, *, #647, .T. ) ;
#5508 = CARTESIAN_POINT ( 'NONE',  ( -9.903796963782522056, -71.21196702227396713, -10.84459054572555914 ) ) ;
#5509 = ORIENTED_EDGE ( 'NONE', *, *, #8285, .F. ) ;
#5510 = CARTESIAN_POINT ( 'NONE',  ( -5.725043958535127153, -75.20678767745161508, -9.438483326953363672 ) ) ;
#5511 = EDGE_CURVE ( 'NONE', #7995, #7585, #8004, .T. ) ;
#5512 = DIRECTION ( 'NONE',  ( 0.000000000000000000, 0.000000000000000000, 1.000000000000000000 ) ) ;
#5513 = ORIENTED_EDGE ( 'NONE', *, *, #5172, .F. ) ;
#5514 = CARTESIAN_POINT ( 'NONE',  ( -68.40060326564488946, -15.25481312925580824, -2.102384099679990292 ) ) ;
#5515 = CARTESIAN_POINT ( 'NONE',  ( -55.19877429581840289, -74.66755191013790238, -8.973909153754680901 ) ) ;
#5516 = CARTESIAN_POINT ( 'NONE',  ( -53.06021876302265383, -72.12890426967841506, -9.423139108331794134 ) ) ;
#5517 = CARTESIAN_POINT ( 'NONE',  ( -56.21929175185544381, -56.90542261093091270, -10.30035928204650908 ) ) ;
#5518 = DIRECTION ( 'NONE',  ( 1.000000000000000000, 0.000000000000000000, 0.000000000000000000 ) ) ;
#5519 = EDGE_CURVE ( 'NONE', #7107, #1276, #6672, .T. ) ;
#5520 = CARTESIAN_POINT ( 'NONE',  ( 4.261035742081307198, -9.142641511003384736, 13.24270482677712124 ) ) ;
#5521 = DIRECTION ( 'NONE',  ( 1.000000000000000000, 0.000000000000000000, 0.000000000000000000 ) ) ;
#5522 = CARTESIAN_POINT ( 'NONE',  ( -69.74875747105208745, -22.97728323375383042, -2.673480862743343955 ) ) ;
#5523 = FACE_OUTER_BOUND ( 'NONE', #6371, .T. ) ;
#5524 = CARTESIAN_POINT ( 'NONE',  ( -61.38974198593955123, -77.86717188194360517, -7.959643070342499627 ) ) ;
#5525 = CARTESIAN_POINT ( 'NONE',  ( -7.234368240071693990, -76.10624614438664537, -8.354313492956142895 ) ) ;
#5526 = CARTESIAN_POINT ( 'NONE',  ( -65.50317409934316970, -12.89278051652616952, 2.456362943299636115 ) ) ;
#5527 = ORIENTED_EDGE ( 'NONE', *, *, #5866, .T. ) ;
#5528 = CARTESIAN_POINT ( 'NONE',  ( -53.65094331681815021, -61.56003306627034277, -10.99699278637601374 ) ) ;
#5529 = DIRECTION ( 'NONE',  ( 0.000000000000000000, 0.000000000000000000, 1.000000000000000000 ) ) ;
#5530 = LINE ( 'NONE', #4250, #7530 ) ;
#5531 = CARTESIAN_POINT ( 'NONE',  ( -23.27106981855196821, -47.01477879752984279, 18.41188284895663685 ) ) ;
#5532 = CARTESIAN_POINT ( 'NONE',  ( 0.1536291611274424040, -17.34760943410260126, -4.435871669317006827 ) ) ;
#5533 = CARTESIAN_POINT ( 'NONE',  ( -61.83367883071007753, -18.17746161885786549, -4.206174143655379005 ) ) ;
#5534 = DIRECTION ( 'NONE',  ( -0.000000000000000000, 1.000000000000000000, -0.000000000000000000 ) ) ;
#5535 = EDGE_LOOP ( 'NONE', ( #3455, #4354, #420, #3999 ) ) ;
#5536 = LINE ( 'NONE', #1392, #2703 ) ;
#5537 = CARTESIAN_POINT ( 'NONE',  ( -60.75212738006128177, -14.14408268680775116, 9.411882848956636849 ) ) ;
#5538 = CARTESIAN_POINT ( 'NONE',  ( 2.259831036370093749, -7.475726470709829208, 15.31269238314876269 ) ) ;
#5539 = CARTESIAN_POINT ( 'NONE',  ( -7.034835786018278192, -55.83805981331036605, -9.965521167580339679 ) ) ;
#5540 = ORIENTED_EDGE ( 'NONE', *, *, #816, .T. ) ;
#5541 = ORIENTED_EDGE ( 'NONE', *, *, #6486, .F. ) ;
#5542 = CARTESIAN_POINT ( 'NONE',  ( -61.10800417660387041, -38.27122022001626789, -5.628330123851043254 ) ) ;
#5543 = CARTESIAN_POINT ( 'NONE',  ( -9.368531747332038861, -74.91003553473214538, -9.030537635328165891 ) ) ;
#5544 = CIRCLE ( 'NONE', #1608, 3.999999999986288746 ) ;
#5545 = VERTEX_POINT ( 'NONE', #7913 ) ;
#5546 = EDGE_CURVE ( 'NONE', #3983, #529, #6532, .T. ) ;
#5547 = EDGE_CURVE ( 'NONE', #8608, #5345, #6766, .T. ) ;
#5548 = CARTESIAN_POINT ( 'NONE',  ( -3.702587970099470827, -21.72589103943407807, -5.974915616061755586 ) ) ;
#5549 = CARTESIAN_POINT ( 'NONE',  ( -56.51009921112066792, -73.72207342575144651, -10.20474031179226593 ) ) ;
#5550 = ORIENTED_EDGE ( 'NONE', *, *, #4372, .T. ) ;
#5551 = CARTESIAN_POINT ( 'NONE',  ( 2.197212579354179685, -77.45818478260564177, -4.081932985784849421 ) ) ;
#5552 = ORIENTED_EDGE ( 'NONE', *, *, #1934, .F. ) ;
#5553 = DIRECTION ( 'NONE',  ( 0.000000000000000000, 0.000000000000000000, 1.000000000000000000 ) ) ;
#5554 = EDGE_LOOP ( 'NONE', ( #937, #7127, #318, #3814 ) ) ;
#5555 = CYLINDRICAL_SURFACE ( 'NONE', #5901, 2.149999999999999023 ) ;
#5556 = CARTESIAN_POINT ( 'NONE',  ( -30.45800448670127381, -114.8580868800252404, 8.411882848956651060 ) ) ;
#5557 = CARTESIAN_POINT ( 'NONE',  ( -38.85800448670128304, 0.000000000000000000, 2.011882848956656478 ) ) ;
#5558 = EDGE_CURVE ( 'NONE', #8338, #571, #7932, .T. ) ;
#5559 = CARTESIAN_POINT ( 'NONE',  ( -25.68804454261890768, 28.09864479076258803, -4.208254138421342105 ) ) ;
#5560 = CARTESIAN_POINT ( 'NONE',  ( -64.98847798171914292, -78.75816996316696361, -3.618417133780428063 ) ) ;
#5561 = CARTESIAN_POINT ( 'NONE',  ( 3.335604601799932567, -8.490503540014662676, 11.61864685872265746 ) ) ;
#5562 = CARTESIAN_POINT ( 'NONE',  ( -28.10800448671604457, 20.25624139275881674, -8.163916295666654221 ) ) ;
#5563 = CARTESIAN_POINT ( 'NONE',  ( 1.003894676266585906, -13.22102999868645590, 1.563611441588417916 ) ) ;
#5564 = FACE_BOUND ( 'NONE', #3915, .T. ) ;
#5565 = CARTESIAN_POINT ( 'NONE',  ( -54.07198646078414583, -70.50449031133523192, -10.90201210507085783 ) ) ;
#5566 = ADVANCED_FACE ( 'NONE', ( #5305 ), #4446, .F. ) ;
#5567 = CYLINDRICAL_SURFACE ( 'NONE', #3810, 3.499999999999999556 ) ;
#5568 = CARTESIAN_POINT ( 'NONE',  ( -32.10800448670241281, 5.000000000000024869, 23.41188284895664040 ) ) ;
#5569 = CARTESIAN_POINT ( 'NONE',  ( -3.887134123264108343, -50.73391810908030664, -8.554837575240336278 ) ) ;
#5570 = AXIS2_PLACEMENT_3D ( 'NONE', #3789, #1153, #3149 ) ;
#5571 = ORIENTED_EDGE ( 'NONE', *, *, #8998, .F. ) ;
#5572 = CARTESIAN_POINT ( 'NONE',  ( -53.81591229847408187, -73.47378728284245142, -9.236357903529283320 ) ) ;
#5573 = CARTESIAN_POINT ( 'NONE',  ( -42.73122889259956736, -123.2184047671175335, 0.6392780322749328503 ) ) ;
#5574 = DIRECTION ( 'NONE',  ( -0.6504307556469932639, 0.2773803023080314567, 0.7071067811865380248 ) ) ;
#5575 = CARTESIAN_POINT ( 'NONE',  ( -23.61479511936905951, -4.952083040493220345, -10.60634369227778251 ) ) ;
#5576 = DIRECTION ( 'NONE',  ( 0.000000000000000000, 0.000000000000000000, 1.000000000000000000 ) ) ;
#5577 = B_SPLINE_CURVE_WITH_KNOTS ( 'NONE', 3,
 ( #7865, #5030, #8460, #1657 ),
 .UNSPECIFIED., .F., .F.,
 ( 4, 4 ),
 ( 0.000000000000000000, 0.001361770799480721420 ),
 .UNSPECIFIED. ) ;
#5578 = FACE_OUTER_BOUND ( 'NONE', #8927, .T. ) ;
#5579 = VECTOR ( 'NONE', #1574, 1000.000000000000000 ) ;
#5580 = CARTESIAN_POINT ( 'NONE',  ( -4.411148453019149152, -46.60432558774412115, -6.593238612075190908 ) ) ;
#5581 = CARTESIAN_POINT ( 'NONE',  ( -53.12607092191938563, -64.08453650941353885, -11.10518651863123374 ) ) ;
#5582 = DIRECTION ( 'NONE',  ( -1.000000000000000000, 0.000000000000000000, 0.000000000000000000 ) ) ;
#5583 = EDGE_LOOP ( 'NONE', ( #5321, #4935, #5974, #5259 ) ) ;
#5584 = VECTOR ( 'NONE', #8982, 1000.000000000000000 ) ;
#5585 = CARTESIAN_POINT ( 'NONE',  ( -35.51237142310655059, 7.105982754683848768, -10.58923544278927764 ) ) ;
#5586 = CARTESIAN_POINT ( 'NONE',  ( -8.368464901268183098, -76.02743816200116100, -8.710060839213781492 ) ) ;
#5587 = AXIS2_PLACEMENT_3D ( 'NONE', #1130, #5369, #7473 ) ;
#5588 = AXIS2_PLACEMENT_3D ( 'NONE', #1996, #8295, #3406 ) ;
#5589 = CARTESIAN_POINT ( 'NONE',  ( -30.45800448670127025, -84.85808688002525457, 26.41188284895664040 ) ) ;
#5590 = CARTESIAN_POINT ( 'NONE',  ( 4.754102179791285465, -11.31884345324145436, 6.836042963406492312 ) ) ;
#5591 = ORIENTED_EDGE ( 'NONE', *, *, #464, .T. ) ;
#5592 = CARTESIAN_POINT ( 'NONE',  ( -7.784213898880147475, -75.70835206076829138, -8.559179605802480495 ) ) ;
#5593 = EDGE_LOOP ( 'NONE', ( #5177, #4225, #570, #8600 ) ) ;
#5594 = CARTESIAN_POINT ( 'NONE',  ( -2.707940375887520457, -76.64209483124716371, -7.887704712234780757 ) ) ;
#5595 = EDGE_CURVE ( 'NONE', #3766, #7241, #5167, .T. ) ;
#5596 = ADVANCED_FACE ( 'NONE', ( #7222 ), #2387, .F. ) ;
#5597 = ORIENTED_EDGE ( 'NONE', *, *, #3884, .T. ) ;
#5598 = CARTESIAN_POINT ( 'NONE',  ( -50.22650333979775183, -38.17822028544185997, -13.22822741526793955 ) ) ;
#5599 = CARTESIAN_POINT ( 'NONE',  ( -64.69519070849985098, -7.547569973033554369, 7.189660626734410975 ) ) ;
#5600 = DIRECTION ( 'NONE',  ( 1.000000000000000000, 0.000000000000000000, 0.000000000000000000 ) ) ;
#5601 = CIRCLE ( 'NONE', #3555, 1.824999999999996847 ) ;
#5602 = EDGE_LOOP ( 'NONE', ( #167, #2971, #6593, #28 ) ) ;
#5603 = CARTESIAN_POINT ( 'NONE',  ( -62.74071160087770238, -77.00718858484083285, -7.100742146339134919 ) ) ;
#5604 = CIRCLE ( 'NONE', #4156, 1.649999999999991696 ) ;
#5605 = DIRECTION ( 'NONE',  ( 1.000000000000000000, 0.000000000000000000, 0.000000000000000000 ) ) ;
#5606 = DIRECTION ( 'NONE',  ( -0.000000000000000000, 1.000000000000000000, -0.000000000000000000 ) ) ;
#5607 = EDGE_CURVE ( 'NONE', #1358, #8296, #7240, .T. ) ;
#5608 = DIRECTION ( 'NONE',  ( -1.000000000000000000, 0.000000000000000000, 0.000000000000000000 ) ) ;
#5609 = DIRECTION ( 'NONE',  ( 1.000000000000000000, 0.000000000000000000, 0.000000000000000000 ) ) ;
#5610 = CIRCLE ( 'NONE', #6209, 1.650000000000002132 ) ;
#5611 = CARTESIAN_POINT ( 'NONE',  ( -9.444327169886337359, -56.09745459949873236, -9.053057111121699307 ) ) ;
#5612 = CARTESIAN_POINT ( 'NONE',  ( -9.127922599292409345, 5.308120484391922744, 5.816976151250439209 ) ) ;
#5613 = ORIENTED_EDGE ( 'NONE', *, *, #6507, .T. ) ;
#5614 = CARTESIAN_POINT ( 'NONE',  ( -55.40201292752505680, -75.55872694755281316, -8.773161940232924394 ) ) ;
#5615 = CARTESIAN_POINT ( 'NONE',  ( -65.65706673857953035, -7.129052919261228638, 11.47558154174789635 ) ) ;
#5616 = DIRECTION ( 'NONE',  ( 0.7061456181296978940, -0.7080666395165265969, 0.000000000000000000 ) ) ;
#5617 = CARTESIAN_POINT ( 'NONE',  ( -28.04673599781001769, -9.191838150706292510, -8.684460830066257131 ) ) ;
#5618 = EDGE_CURVE ( 'NONE', #3080, #2398, #5120, .T. ) ;
#5619 = CIRCLE ( 'NONE', #2126, 2.149999999999999023 ) ;
#5620 = CARTESIAN_POINT ( 'NONE',  ( -34.42851229257374257, 28.00000000000000355, -6.462336353383723697 ) ) ;
#5621 = CARTESIAN_POINT ( 'NONE',  ( -3.967674143699631006, -45.03420245109225561, -6.298496871064093838 ) ) ;
#5622 = AXIS2_PLACEMENT_3D ( 'NONE', #4374, #3772, #5868 ) ;
#5623 = CARTESIAN_POINT ( 'NONE',  ( -53.79579014588360764, -61.12454116827132822, -10.96514370921802062 ) ) ;
#5624 = CARTESIAN_POINT ( 'NONE',  ( -44.97082005444821817, -7.261868819456940294, -6.567408138599518885 ) ) ;
#5625 = ORIENTED_EDGE ( 'NONE', *, *, #7002, .T. ) ;
#5626 = CARTESIAN_POINT ( 'NONE',  ( 2.278264545708268862, -65.45591833397313053, -1.588117151043344499 ) ) ;
#5627 = AXIS2_PLACEMENT_3D ( 'NONE', #7083, #5076, #2975 ) ;
#5628 = ORIENTED_EDGE ( 'NONE', *, *, #3079, .F. ) ;
#5629 = CARTESIAN_POINT ( 'NONE',  ( -7.649309850578561054, -76.70180706681418314, -8.453283627148753254 ) ) ;
#5630 = DIRECTION ( 'NONE',  ( 1.000000000000000000, 0.000000000000000000, 0.000000000000000000 ) ) ;
#5631 = DIRECTION ( 'NONE',  ( -1.000000000000000000, 0.000000000000000000, 0.000000000000000000 ) ) ;
#5632 = ORIENTED_EDGE ( 'NONE', *, *, #6770, .T. ) ;
#5633 = CARTESIAN_POINT ( 'NONE',  ( -8.053579970758352857, -75.49908406571029218, -8.654902360689394669 ) ) ;
#5634 = ORIENTED_EDGE ( 'NONE', *, *, #3362, .T. ) ;
#5635 = CARTESIAN_POINT ( 'NONE',  ( -60.21495610472547355, -30.83688303321203250, -6.251489749388514205 ) ) ;
#5636 = VERTEX_POINT ( 'NONE', #8816 ) ;
#5637 = FACE_BOUND ( 'NONE', #7010, .T. ) ;
#5638 = CARTESIAN_POINT ( 'NONE',  ( -53.65790042819815397, -72.96570623742729822, -9.404914363235869601 ) ) ;
#5639 = LINE ( 'NONE', #6459, #8253 ) ;
#5640 = EDGE_CURVE ( 'NONE', #4680, #7310, #6616, .T. ) ;
#5641 = ORIENTED_EDGE ( 'NONE', *, *, #5761, .T. ) ;
#5642 = CARTESIAN_POINT ( 'NONE',  ( -56.51009921112066792, -73.72207342575144651, -10.20474031179226593 ) ) ;
#5643 = LINE ( 'NONE', #2739, #1227 ) ;
#5644 = CARTESIAN_POINT ( 'NONE',  ( -35.98376877227934756, 21.02298081652325124, -8.031515116457068615 ) ) ;
#5645 = DIRECTION ( 'NONE',  ( 1.000000000000000000, 2.775557561562891351E-15, 0.000000000000000000 ) ) ;
#5646 = CARTESIAN_POINT ( 'NONE',  ( -35.13305150181309244, -5.484395752076602903, -11.52223254349466863 ) ) ;
#5647 = CARTESIAN_POINT ( 'NONE',  ( -67.67861744995893503, -9.800246552638828490, 7.103043929221630748 ) ) ;
#5648 = EDGE_CURVE ( 'NONE', #1262, #5822, #8546, .T. ) ;
#5649 = EDGE_CURVE ( 'NONE', #4814, #5364, #7653, .T. ) ;
#5650 = DIRECTION ( 'NONE',  ( 0.000000000000000000, 0.000000000000000000, -1.000000000000000000 ) ) ;
#5651 = ORIENTED_EDGE ( 'NONE', *, *, #6326, .T. ) ;
#5652 = CARTESIAN_POINT ( 'NONE',  ( -52.21131215961112559, -70.04121912072346845, -9.607757988187858089 ) ) ;
#5653 = DIRECTION ( 'NONE',  ( -0.000000000000000000, -0.000000000000000000, 1.000000000000000000 ) ) ;
#5654 = DIRECTION ( 'NONE',  ( -0.000000000000000000, -0.000000000000000000, 1.000000000000000000 ) ) ;
#5655 = CARTESIAN_POINT ( 'NONE',  ( -18.20639008271126258, -6.730724706137632296, -6.081528685931530731 ) ) ;
#5656 = CARTESIAN_POINT ( 'NONE',  ( -36.08110218542223180, 19.46860595099220603, -8.360246251977512699 ) ) ;
#5657 = LINE ( 'NONE', #6478, #1226 ) ;
#5658 = CARTESIAN_POINT ( 'NONE',  ( -4.845730224629014593, -47.89597529229793338, -6.868601471760301003 ) ) ;
#5659 = CARTESIAN_POINT ( 'NONE',  ( 0.2487643766034913495, -14.09607097868961922, -0.03002773349909245229 ) ) ;
#5660 = EDGE_CURVE ( 'NONE', #4083, #8042, #4291, .T. ) ;
#5661 = CYLINDRICAL_SURFACE ( 'NONE', #4547, 1.825000000000000178 ) ;
#5662 = ORIENTED_EDGE ( 'NONE', *, *, #8348, .F. ) ;
#5663 = CARTESIAN_POINT ( 'NONE',  ( -53.73140453852287379, 0.2910204015148935563, 1.930255442570677271 ) ) ;
#5664 = DIRECTION ( 'NONE',  ( -0.000000000000000000, -0.000000000000000000, -1.000000000000000000 ) ) ;
#5665 = EDGE_LOOP ( 'NONE', ( #3290, #8691, #211, #828 ) ) ;
#5666 = CARTESIAN_POINT ( 'NONE',  ( -12.55565798206986017, -63.20377969074983326, -9.800693420137928769 ) ) ;
#5667 = CYLINDRICAL_SURFACE ( 'NONE', #3596, 1.824999999999996847 ) ;
#5668 = EDGE_CURVE ( 'NONE', #4466, #5077, #935, .T. ) ;
#5669 = CARTESIAN_POINT ( 'NONE',  ( -57.25474732378567921, -74.34536787927164880, -9.938982852677771263 ) ) ;
#5670 = VERTEX_POINT ( 'NONE', #3437 ) ;
#5671 = CARTESIAN_POINT ( 'NONE',  ( -2.078750212227213456, -76.84228572316935413, -7.497736921478966643 ) ) ;
#5672 = ORIENTED_EDGE ( 'NONE', *, *, #1663, .T. ) ;
#5673 = CARTESIAN_POINT ( 'NONE',  ( -20.78300448670127665, -38.17822028544185997, 1.411882848956637293 ) ) ;
#5674 = EDGE_LOOP ( 'NONE', ( #1382, #7656, #6483, #2941 ) ) ;
#5675 = FACE_BOUND ( 'NONE', #3340, .T. ) ;
#5676 = CARTESIAN_POINT ( 'NONE',  ( -63.83800302840449348, -8.981594476027947138, 1.411882848956636627 ) ) ;
#5677 = CYLINDRICAL_SURFACE ( 'NONE', #1236, 28.99999999999831246 ) ;
#5678 = ORIENTED_EDGE ( 'NONE', *, *, #1193, .T. ) ;
#5679 = CARTESIAN_POINT ( 'NONE',  ( -55.80832839764624964, -73.04751547536174883, -10.43217441937780166 ) ) ;
#5680 = CARTESIAN_POINT ( 'NONE',  ( -36.10800448668864959, 20.00000000000003553, -8.224301224361708407 ) ) ;
#5681 = CARTESIAN_POINT ( 'NONE',  ( 2.127268099179277616, -78.75818478260569577, 162.2921154739354677 ) ) ;
#5682 = DIRECTION ( 'NONE',  ( 0.000000000000000000, 0.000000000000000000, -1.000000000000000000 ) ) ;
#5683 = CYLINDRICAL_SURFACE ( 'NONE', #2265, 18.00000000000000000 ) ;
#5684 =( BOUNDED_SURFACE ( )  B_SPLINE_SURFACE ( 3, 2, ( 
 ( #6813, #5307, #6674 ),
 ( #1161, #4720, #8818 ),
 ( #1841, #3391, #8145 ),
 ( #8867, #4626, #7363 ),
 ( #7503, #566, #6130 ),
 ( #1980, #1301, #4765 ) ),
 .UNSPECIFIED., .F., .F., .F. ) 
 B_SPLINE_SURFACE_WITH_KNOTS ( ( 4, 2, 4 ),
 ( 3, 3 ),
 ( 0.000000000000000000, 0.001600967087165638221, 0.003201934174331276441 ),
 ( 0.000000000000000000, 1.000000000000000000 ),
 .UNSPECIFIED. ) 
 GEOMETRIC_REPRESENTATION_ITEM ( )  RATIONAL_B_SPLINE_SURFACE ( (
 ( 1.000000000000000000, 0.7993052538854533706, 1.000000000000000000),
 ( 1.000000000000000000, 0.8004305250849839126, 1.000000000000000000),
 ( 1.000000000000000000, 0.8013259594699324584, 1.000000000000000000),
 ( 1.000000000000000000, 0.8027503913527056500, 1.000000000000000000),
 ( 1.000000000000000000, 0.8032790164576971703, 1.000000000000000000),
 ( 1.000000000000000000, 0.8036435923271666448, 1.000000000000000000) ) ) 
 REPRESENTATION_ITEM ( '' )  SURFACE ( )  );
#5685 = FILL_AREA_STYLE_COLOUR ( '', #1779 ) ;
#5686 = DIRECTION ( 'NONE',  ( 0.000000000000000000, 0.000000000000000000, -1.000000000000000000 ) ) ;
#5687 = ORIENTED_EDGE ( 'NONE', *, *, #2051, .F. ) ;
#5688 = B_SPLINE_CURVE_WITH_KNOTS ( 'NONE', 3,
 ( #6102, #3218, #8974, #7606, #6735, #7472, #2628, #1952, #4050, #6688, #487, #1998 ),
 .UNSPECIFIED., .F., .F.,
 ( 4, 2, 2, 2, 2, 4 ),
 ( 0.000000000000000000, 0.0003471788627158668055, 0.0006943577254317336109, 0.001388715450863476980, 0.002083073176295220565, 0.002777430901726963934 ),
 .UNSPECIFIED. ) ;
#5689 = CARTESIAN_POINT ( 'NONE',  ( -51.97576269359321799, -61.67130946531852231, -9.654391862561491067 ) ) ;
#5690 = DIRECTION ( 'NONE',  ( -0.000000000000000000, -0.000000000000000000, 1.000000000000000000 ) ) ;
#5691 = CARTESIAN_POINT ( 'NONE',  ( -28.60800448670127238, -87.85808688002525457, 18.97988941962054099 ) ) ;
#5692 = CARTESIAN_POINT ( 'NONE',  ( -24.79037161834924774, -8.964714746403119605, -8.237689814324040682 ) ) ;
#5693 = ADVANCED_FACE ( 'NONE', ( #608 ), #7548, .F. ) ;
#5694 = CARTESIAN_POINT ( 'NONE',  ( -31.56281445426888865, 16.03499031127790175, -9.892471398593684739 ) ) ;
#5695 = ADVANCED_FACE ( 'NONE', ( #8326 ), #4077, .F. ) ;
#5696 = CARTESIAN_POINT ( 'NONE',  ( -67.82653378625118989, -12.51534594745051265, 2.830175488526207150 ) ) ;
#5697 = B_SPLINE_CURVE_WITH_KNOTS ( 'NONE', 3,
 ( #1556, #4901, #5742, #7812, #6994, #3521, #5021, #2195, #5620, #7855, #6304, #912, #4346, #3696, #8538, #8452, #781, #4976, #2798, #190, #8490, #5067 ),
 .UNSPECIFIED., .F., .F.,
 ( 4, 2, 2, 2, 2, 2, 2, 2, 2, 2, 4 ),
 ( 8.673617379884035472E-18, 0.001744326540125256623, 0.002616489810187881682, 0.003488653080250505873, 0.005232979620375756424, 0.006105142890438371508, 0.006977306160500984858, 0.008721632700626215026, 0.01046595924075144346, 0.01221028578087667536, 0.01395461232100190206 ),
 .UNSPECIFIED. ) ;
#5698 = CARTESIAN_POINT ( 'NONE',  ( -65.37348156795270882, -6.760931055914118915, 14.98146614425219880 ) ) ;
#5699 = EDGE_LOOP ( 'NONE', ( #5168, #4666, #2619, #6589, #1407, #3074 ) ) ;
#5700 = AXIS2_PLACEMENT_3D ( 'NONE', #8405, #6380, #2147 ) ;
#5701 = CARTESIAN_POINT ( 'NONE',  ( -11.13312531572306874, -72.17414890345322931, -1.588117151043349606 ) ) ;
#5702 = CARTESIAN_POINT ( 'NONE',  ( -47.01409140366611439, -6.137679866547690821, -5.539231836152166188 ) ) ;
#5703 = ORIENTED_EDGE ( 'NONE', *, *, #5497, .T. ) ;
#5704 = DIRECTION ( 'NONE',  ( 1.000000000000000000, -1.734723475976805319E-15, -6.018531076210105735E-30 ) ) ;
#5705 = CIRCLE ( 'NONE', #6004, 1.825000000000000178 ) ;
#5706 = DIRECTION ( 'NONE',  ( 1.000000000000000000, 0.000000000000000000, 0.000000000000000000 ) ) ;
#5707 = ADVANCED_FACE ( 'NONE', ( #3390 ), #6905, .T. ) ;
#5708 = ORIENTED_EDGE ( 'NONE', *, *, #1152, .T. ) ;
#5709 = CARTESIAN_POINT ( 'NONE',  ( -6.106896471565216977, -77.89434503685431821, -7.829934327090091628 ) ) ;
#5710 = CARTESIAN_POINT ( 'NONE',  ( -52.93356296991329657, -86.75818478260559630, 2.411882848956659053 ) ) ;
#5711 = CARTESIAN_POINT ( 'NONE',  ( -60.22040547004256439, -76.13414830072039763, -8.612340799595157748 ) ) ;
#5712 = CONICAL_SURFACE ( 'NONE', #1792, 0.6999999999999784173, 0.7853981633974476129 ) ;
#5713 = VERTEX_POINT ( 'NONE', #8910 ) ;
#5714 = CARTESIAN_POINT ( 'NONE',  ( -10.90434729259936653, -72.50395824865913141, -9.489776517014854917 ) ) ;
#5715 = ORIENTED_EDGE ( 'NONE', *, *, #5954, .F. ) ;
#5716 = DIRECTION ( 'NONE',  ( -0.000000000000000000, -0.000000000000000000, 1.000000000000000000 ) ) ;
#5717 = EDGE_CURVE ( 'NONE', #3308, #3898, #2755, .T. ) ;
#5718 = VERTEX_POINT ( 'NONE', #6084 ) ;
#5719 = FACE_BOUND ( 'NONE', #4259, .T. ) ;
#5720 = AXIS2_PLACEMENT_3D ( 'NONE', #6615, #962, #2420 ) ;
#5721 = AXIS2_PLACEMENT_3D ( 'NONE', #6657, #6015, #8215 ) ;
#5722 = CARTESIAN_POINT ( 'NONE',  ( 0.9719031711689612996, -6.805696670146607730, 11.77826203906598579 ) ) ;
#5723 = CARTESIAN_POINT ( 'NONE',  ( -10.94775171055004748, -72.44135674263323210, -9.499869633791059087 ) ) ;
#5724 = VERTEX_POINT ( 'NONE', #1205 ) ;
#5725 = CIRCLE ( 'NONE', #475, 20.00000000000000355 ) ;
#5726 = CARTESIAN_POINT ( 'NONE',  ( -59.05803445564590248, -77.30850980243948811, -7.461129617167390649 ) ) ;
#5727 = CARTESIAN_POINT ( 'NONE',  ( -28.23196462494889758, 21.02164550125080922, -8.031723613821565522 ) ) ;
#5728 = VERTEX_POINT ( 'NONE', #7502 ) ;
#5729 = VECTOR ( 'NONE', #762, 1000.000000000000000 ) ;
#5730 = CARTESIAN_POINT ( 'NONE',  ( -42.91858867808097955, -47.16380447682146837, 1.411882848956637293 ) ) ;
#5731 = CARTESIAN_POINT ( 'NONE',  ( -48.31906208907589928, -79.13056771091258668, 26.10775348066830404 ) ) ;
#5732 = CARTESIAN_POINT ( 'NONE',  ( -3.862529449777628354, -31.43227590607190791, -6.225820033737380577 ) ) ;
#5733 = CARTESIAN_POINT ( 'NONE',  ( -1.136872777488252328, -15.96943313493916961, -2.426333975194629122 ) ) ;
#5734 = AXIS2_PLACEMENT_3D ( 'NONE', #2882, #3606, #2241 ) ;
#5735 = CYLINDRICAL_SURFACE ( 'NONE', #2054, 1.825000000000000178 ) ;
#5736 = ORIENTED_EDGE ( 'NONE', *, *, #5640, .T. ) ;
#5737 = CARTESIAN_POINT ( 'NONE',  ( -56.78116264693188953, -76.88747709938917296, -8.286380028989249524 ) ) ;
#5738 = CARTESIAN_POINT ( 'NONE',  ( -28.42289966375754773, -32.66811546249819997, -13.22822741526793955 ) ) ;
#5739 = CARTESIAN_POINT ( 'NONE',  ( 2.127268099179277616, -78.75818478260569577, 2.411882848956659053 ) ) ;
#5740 = CARTESIAN_POINT ( 'NONE',  ( -25.73095709011992938, -5.339290247042482562, -11.10552024416412742 ) ) ;
#5741 = SURFACE_STYLE_USAGE ( .BOTH. , #1555 ) ;
#5742 = CARTESIAN_POINT ( 'NONE',  ( -37.59972869636848003, 28.00000000000000355, -5.004330020564542458 ) ) ;
#5743 =( BOUNDED_CURVE ( )  B_SPLINE_CURVE ( 3, ( #5209, #6481, #2378, #5160 ),
 .UNSPECIFIED., .F., .T. ) 
 B_SPLINE_CURVE_WITH_KNOTS ( ( 4, 4 ),
 ( 0.8013596042620627635, 1.314049073992575645 ),
 .UNSPECIFIED. ) 
 CURVE ( )  GEOMETRIC_REPRESENTATION_ITEM ( )  RATIONAL_B_SPLINE_CURVE ( ( 1.000000000000000000, 0.9782154784512272494, 0.9782154784512272494, 1.000000000000000000 ) ) 
 REPRESENTATION_ITEM ( '' )  );
#5744 = CARTESIAN_POINT ( 'NONE',  ( -68.95480391512354856, -11.18590230114061157, 7.079884893669476931 ) ) ;
#5745 = CARTESIAN_POINT ( 'NONE',  ( -32.10800448670126883, -84.85808688002525457, -1.487612087655021398 ) ) ;
#5746 = ORIENTED_EDGE ( 'NONE', *, *, #7443, .T. ) ;
#5747 = CARTESIAN_POINT ( 'NONE',  ( -53.06782533121537426, -66.06801852954001220, -11.11649817714038768 ) ) ;
#5748 = CARTESIAN_POINT ( 'NONE',  ( -36.41365363274753975, -9.196751108793669971, -8.663477219307944566 ) ) ;
#5749 = EDGE_CURVE ( 'NONE', #5965, #4543, #3982, .T. ) ;
#5750 = VERTEX_POINT ( 'NONE', #2657 ) ;
#5751 = EDGE_CURVE ( 'NONE', #4893, #5005, #3199, .T. ) ;
#5752 = CIRCLE ( 'NONE', #8528, 26.00000000000000000 ) ;
#5753 = ORIENTED_EDGE ( 'NONE', *, *, #4423, .T. ) ;
#5754 = CYLINDRICAL_SURFACE ( 'NONE', #2945, 26.00000000000000000 ) ;
#5755 = CARTESIAN_POINT ( 'NONE',  ( -24.43300448670127878, -38.17822028544185997, 1.411882848956637293 ) ) ;
#5756 = VERTEX_POINT ( 'NONE', #5489 ) ;
#5757 = PLANE ( 'NONE',  #7064 ) ;
#5758 = CIRCLE ( 'NONE', #3442, 28.99999999999831246 ) ;
#5759 = CARTESIAN_POINT ( 'NONE',  ( -1.785847601268254037, -31.11471212521057694, -7.307647350000070929 ) ) ;
#5760 = DIRECTION ( 'NONE',  ( -0.000000000000000000, 1.000000000000000000, -0.000000000000000000 ) ) ;
#5761 = EDGE_CURVE ( 'NONE', #2044, #7950, #2118, .T. ) ;
#5762 = EDGE_LOOP ( 'NONE', ( #3457, #5249, #2980, #5031, #1785 ) ) ;
#5763 = EDGE_CURVE ( 'NONE', #1870, #757, #7203, .T. ) ;
#5764 = CARTESIAN_POINT ( 'NONE',  ( -42.16265641500462635, -122.0812598119286463, -0.7867845103524768735 ) ) ;
#5765 = EDGE_LOOP ( 'NONE', ( #2561, #7746, #8872, #3446 ) ) ;
#5766 = CARTESIAN_POINT ( 'NONE',  ( -61.86808283368878847, -26.61621481502198350, -7.667259819455312098 ) ) ;
#5767 = ORIENTED_EDGE ( 'NONE', *, *, #8420, .F. ) ;
#5768 = CARTESIAN_POINT ( 'NONE',  ( -32.10800448670126883, -38.00442471284927848, 18.41188284895663685 ) ) ;
#5769 = CARTESIAN_POINT ( 'NONE',  ( 0.3614071809433218041, -6.352755676824266118, 12.67099063262093850 ) ) ;
#5770 = DIRECTION ( 'NONE',  ( -0.000000000000000000, -0.000000000000000000, -1.000000000000000000 ) ) ;
#5771 = VERTEX_POINT ( 'NONE', #1600 ) ;
#5772 = EDGE_CURVE ( 'NONE', #4526, #7873, #5697, .T. ) ;
#5773 = CARTESIAN_POINT ( 'NONE',  ( -55.97331704074656500, -75.34999109282644270, -8.721439567594895692 ) ) ;
#5774 = DIRECTION ( 'NONE',  ( -0.000000000000000000, -0.000000000000000000, -1.000000000000000000 ) ) ;
#5775 = ORIENTED_EDGE ( 'NONE', *, *, #1259, .T. ) ;
#5776 = CARTESIAN_POINT ( 'NONE',  ( -36.10800448668864959, 20.00000000000003553, -8.224301224361708407 ) ) ;
#5777 = DIRECTION ( 'NONE',  ( -0.000000000000000000, -0.000000000000000000, 1.000000000000000000 ) ) ;
#5778 = CARTESIAN_POINT ( 'NONE',  ( -4.239276945189310197, -29.31202942037308645, -6.452196739651513191 ) ) ;
#5779 = CARTESIAN_POINT ( 'NONE',  ( -0.06125820591425644446, -17.75349127349251788, -4.780278563838325390 ) ) ;
#5780 = VECTOR ( 'NONE', #2290, 1000.000000000000000 ) ;
#5781 = CIRCLE ( 'NONE', #7396, 1.825000000000007283 ) ;
#5782 = CARTESIAN_POINT ( 'NONE',  ( -3.299736746119506403, -49.43538572233279638, -8.231801274453262707 ) ) ;
#5783 = ADVANCED_FACE ( 'NONE', ( #5578 ), #2920, .T. ) ;
#5784 = DIRECTION ( 'NONE',  ( 1.000000000000000000, 1.869761830394168059E-15, 0.000000000000000000 ) ) ;
#5785 = ORIENTED_EDGE ( 'NONE', *, *, #5428, .T. ) ;
#5786 = FACE_OUTER_BOUND ( 'NONE', #1150, .T. ) ;
#5787 = DIRECTION ( 'NONE',  ( -1.000000000000000000, 0.000000000000000000, 0.000000000000000000 ) ) ;
#5788 = CARTESIAN_POINT ( 'NONE',  ( -18.49800842419558933, -82.71687705220656994, 23.17877389663283694 ) ) ;
#5789 = CARTESIAN_POINT ( 'NONE',  ( 1.892627809238665693, -77.89151811593900732, -3.773702721872464139 ) ) ;
#5790 = DIRECTION ( 'NONE',  ( 1.000000000000000000, 0.000000000000000000, 0.000000000000000000 ) ) ;
#5791 = VECTOR ( 'NONE', #691, 1000.000000000000000 ) ;
#5792 = CARTESIAN_POINT ( 'NONE',  ( -36.08279780605671050, 9.555478575166622690, 7.189660626734410087 ) ) ;
#5793 = CARTESIAN_POINT ( 'NONE',  ( -33.75800448670126741, -74.85808688002526878, 26.41188284895664040 ) ) ;
#5794 = CIRCLE ( 'NONE', #1871, 1.825000000000000178 ) ;
#5795 = CARTESIAN_POINT ( 'NONE',  ( -21.28244600348924820, -123.6230729217454041, 2.411882848956650172 ) ) ;
#5796 = ORIENTED_EDGE ( 'NONE', *, *, #7179, .T. ) ;
#5797 = CARTESIAN_POINT ( 'NONE',  ( -23.03084897349712534, -71.48596535551243392, 26.41188284895664040 ) ) ;
#5798 = DIRECTION ( 'NONE',  ( -0.7071067811865499042, 0.7071067811865452413, 0.000000000000000000 ) ) ;
#5799 = ORIENTED_EDGE ( 'NONE', *, *, #3935, .F. ) ;
#5800 = DIRECTION ( 'NONE',  ( 0.000000000000000000, 0.000000000000000000, -1.000000000000000000 ) ) ;
#5801 = CARTESIAN_POINT ( 'NONE',  ( -53.36036671327040892, -0.1389325785476209774, 1.161391476535690526 ) ) ;
#5802 = DIRECTION ( 'NONE',  ( 0.000000000000000000, 0.000000000000000000, -1.000000000000000000 ) ) ;
#5803 = B_SPLINE_CURVE_WITH_KNOTS ( 'NONE', 1,
 ( #4610, #7391 ),
 .UNSPECIFIED., .F., .F.,
 ( 2, 2 ),
 ( 0.000000000000000000, 1.000000000000000000 ),
 .UNSPECIFIED. ) ;
#5804 = EDGE_LOOP ( 'NONE', ( #6167, #438 ) ) ;
#5805 = CARTESIAN_POINT ( 'NONE',  ( -2.159491168231057134, -79.78514818064434166, -5.710860959859483721 ) ) ;
#5806 = DIRECTION ( 'NONE',  ( 0.000000000000000000, 0.000000000000000000, -1.000000000000000000 ) ) ;
#5807 = CARTESIAN_POINT ( 'NONE',  ( -10.38816530762052182, -61.30240707162634095, -10.95797449182652095 ) ) ;
#5808 = CARTESIAN_POINT ( 'NONE',  ( -72.83813534582833427, -22.21112135110120533, 26.41188284895664040 ) ) ;
#5809 = ORIENTED_EDGE ( 'NONE', *, *, #7387, .T. ) ;
#5810 = CARTESIAN_POINT ( 'NONE',  ( -3.164167262381562207, -78.08384274672657455, -6.402255932957080731 ) ) ;
#5811 = VERTEX_POINT ( 'NONE', #66 ) ;
#5812 = CARTESIAN_POINT ( 'NONE',  ( -19.53084897349712534, -71.48596535551243392, 8.411882848956651060 ) ) ;
#5813 = EDGE_LOOP ( 'NONE', ( #6451, #6696, #4822, #8018 ) ) ;
#5814 = CARTESIAN_POINT ( 'NONE',  ( -9.798578910979824030, -59.84815772817372448, -10.81856477570568131 ) ) ;
#5815 = EDGE_CURVE ( 'NONE', #5728, #6709, #5604, .T. ) ;
#5816 = CARTESIAN_POINT ( 'NONE',  ( -64.98847798171914292, -78.75816996316696361, -3.618417133780428063 ) ) ;
#5817 = CARTESIAN_POINT ( 'NONE',  ( -25.92836677603908768, -5.363844804735526495, -11.14215743632421152 ) ) ;
#5818 = ADVANCED_FACE ( 'NONE', ( #8373 ), #2117, .F. ) ;
#5819 = ORIENTED_EDGE ( 'NONE', *, *, #8165, .F. ) ;
#5820 = DIRECTION ( 'NONE',  ( 0.000000000000000000, 0.000000000000000000, -1.000000000000000000 ) ) ;
#5821 = CARTESIAN_POINT ( 'NONE',  ( -42.71919744814270814, -8.168512373200874421, -7.411612744689391796 ) ) ;
#5822 = VERTEX_POINT ( 'NONE', #7692 ) ;
#5823 = CARTESIAN_POINT ( 'NONE',  ( -61.77031978064901097, -47.00795392376166149, -7.728017686001841469 ) ) ;
#5824 = DIRECTION ( 'NONE',  ( -0.000000000000000000, -1.000000000000000000, 0.000000000000000000 ) ) ;
#5825 = CYLINDRICAL_SURFACE ( 'NONE', #1684, 4.000000000020695445 ) ;
#5826 = EDGE_CURVE ( 'NONE', #1870, #6561, #2964, .T. ) ;
#5827 = B_SPLINE_SURFACE_WITH_KNOTS ( 'NONE', 1, 3, ( 
 ( #6778, #5451, #6097, #1267, #8783, #7559, #2534, #4042, #1171, #8876 ),
 ( #6046, #3946, #6139, #1310, #6730, #482, #3261, #2624, #6641, #8154 ) ),
 .UNSPECIFIED., .F., .F., .F.,
 ( 2, 2 ),
 ( 4, 2, 2, 2, 4 ),
 ( 0.000000000000000000, 1.000000000000000000 ),
 ( 5.508742385119758112, 5.638145132937365744, 5.767547880754973377, 5.896950628572581010, 6.026353376390189531 ),
 .UNSPECIFIED. ) ;
#5828 = CARTESIAN_POINT ( 'NONE',  ( -1.780414922433798397, -22.47743045199607792, -7.206950036328593434 ) ) ;
#5829 = CONICAL_SURFACE ( 'NONE', #7877, 0.6999999999999472200, 0.7853981633974547183 ) ;
#5830 = CARTESIAN_POINT ( 'NONE',  ( -54.65583290910983294, 3.770458203840239442, 4.291270289246283731 ) ) ;
#5831 = CARTESIAN_POINT ( 'NONE',  ( -22.92019680803761261, 38.31504329681102661, 26.41188284895664040 ) ) ;
#5832 = ORIENTED_EDGE ( 'NONE', *, *, #1370, .T. ) ;
#5833 = CARTESIAN_POINT ( 'NONE',  ( -39.08047009497451540, -5.256007573719856829, -10.98732055738711111 ) ) ;
#5834 = CARTESIAN_POINT ( 'NONE',  ( -17.04306094531152382, -81.20703035383556312, 24.41188284895663685 ) ) ;
#5835 = PLANE ( 'NONE',  #767 ) ;
#5836 = DIRECTION ( 'NONE',  ( -0.000000000000000000, 1.000000000000000000, -0.000000000000000000 ) ) ;
#5837 = EDGE_CURVE ( 'NONE', #5462, #4923, #5060, .T. ) ;
#5838 = CARTESIAN_POINT ( 'NONE',  ( -64.69168998434729190, -13.83311594803765132, 0.5615641565026012749 ) ) ;
#5839 = CARTESIAN_POINT ( 'NONE',  ( -21.12996970384336137, -8.042071988504737590, -7.291512946751383062 ) ) ;
#5840 = VERTEX_POINT ( 'NONE', #5245 ) ;
#5841 = CARTESIAN_POINT ( 'NONE',  ( -54.19401265032431070, -60.12515621978131719, -10.87310641588897475 ) ) ;
#5842 = CARTESIAN_POINT ( 'NONE',  ( -6.234935369089497748, -51.11445574823603266, -7.664220625879949900 ) ) ;
#5843 = ORIENTED_EDGE ( 'NONE', *, *, #8336, .T. ) ;
#5844 = DIRECTION ( 'NONE',  ( -1.000000000000000000, 0.000000000000000000, 0.000000000000000000 ) ) ;
#5845 = DIRECTION ( 'NONE',  ( -1.000000000000000000, 0.000000000000000000, 0.000000000000000000 ) ) ;
#5846 = CYLINDRICAL_SURFACE ( 'NONE', #7234, 8.000000000000000000 ) ;
#5847 = CARTESIAN_POINT ( 'NONE',  ( -9.444327169886337359, -56.09745459949873236, 108.4362694665913835 ) ) ;
#5848 = ORIENTED_EDGE ( 'NONE', *, *, #1706, .F. ) ;
#5849 = CARTESIAN_POINT ( 'NONE',  ( -74.13813534582835985, -77.45818478260554230, 162.2921154739354677 ) ) ;
#5850 = CARTESIAN_POINT ( 'NONE',  ( -32.10800448670127594, -54.17822028544186708, 1.411882848956637293 ) ) ;
#5851 = CARTESIAN_POINT ( 'NONE',  ( -11.02664963231256756, -64.34055332873681721, -11.09273506338267268 ) ) ;
#5852 = DIRECTION ( 'NONE',  ( -0.000000000000000000, -0.000000000000000000, 1.000000000000000000 ) ) ;
#5853 = VERTEX_POINT ( 'NONE', #7210 ) ;
#5854 = CARTESIAN_POINT ( 'NONE',  ( -41.32623679913799464, -120.0157467509726814, -1.588117151037649277 ) ) ;
#5855 = ORIENTED_EDGE ( 'NONE', *, *, #9016, .F. ) ;
#5856 = AXIS2_PLACEMENT_3D ( 'NONE', #3522, #6996, #1558 ) ;
#5857 = CARTESIAN_POINT ( 'NONE',  ( -58.49842920818370828, -77.05999765996888584, -0.9087723184305094293 ) ) ;
#5858 = ORIENTED_EDGE ( 'NONE', *, *, #7573, .F. ) ;
#5859 = CARTESIAN_POINT ( 'NONE',  ( -10.38816530762052182, -61.30240707162634095, -10.95797449182652095 ) ) ;
#5860 = TOROIDAL_SURFACE ( 'NONE', #1938, 10.00000000000000000, 2.000000000000000000 ) ;
#5861 = DIRECTION ( 'NONE',  ( -0.000000000000000000, -0.000000000000000000, -1.000000000000000000 ) ) ;
#5862 = CIRCLE ( 'NONE', #1940, 2.149999999999999023 ) ;
#5863 = ORIENTED_EDGE ( 'NONE', *, *, #8140, .F. ) ;
#5864 = CARTESIAN_POINT ( 'NONE',  ( -53.89793713419548027, -73.26792490446791817, -9.343803042726277042 ) ) ;
#5865 = ADVANCED_FACE ( 'NONE', ( #1644 ), #3096, .F. ) ;
#5866 = EDGE_CURVE ( 'NONE', #8249, #6895, #7939, .T. ) ;
#5867 = AXIS2_PLACEMENT_3D ( 'NONE', #86, #6930, #4921 ) ;
#5868 = DIRECTION ( 'NONE',  ( 1.000000000000000000, 0.000000000000000000, 0.000000000000000000 ) ) ;
#5869 = VERTEX_POINT ( 'NONE', #6522 ) ;
#5870 = CARTESIAN_POINT ( 'NONE',  ( -60.96971613328206274, -49.15394295169758010, -8.201518682075979783 ) ) ;
#5871 = DIRECTION ( 'NONE',  ( 1.000000000000000000, 0.000000000000000000, 0.000000000000000000 ) ) ;
#5872 = CARTESIAN_POINT ( 'NONE',  ( -51.82452017280079559, -68.59055499538713718, -9.683084298103782572 ) ) ;
#5873 = CARTESIAN_POINT ( 'NONE',  ( -1.366891688319124665, -16.32893982861559579, -2.789495059359307305 ) ) ;
#5874 = VECTOR ( 'NONE', #8929, 1000.000000000000114 ) ;
#5875 = CARTESIAN_POINT ( 'NONE',  ( -54.06800945040136241, 0.6810730460595836311, 2.726617157244324297 ) ) ;
#5876 = CARTESIAN_POINT ( 'NONE',  ( -32.10800448670126883, -104.8580868800252546, 8.411882848956651060 ) ) ;
#5877 = ORIENTED_EDGE ( 'NONE', *, *, #5429, .F. ) ;
#5878 = EDGE_CURVE ( 'NONE', #571, #8338, #6773, .T. ) ;
#5879 = CARTESIAN_POINT ( 'NONE',  ( -30.28300448670128020, -47.67822028544098600, -13.22822741526793955 ) ) ;
#5880 = DIRECTION ( 'NONE',  ( -1.000000000000000000, 0.000000000000000000, 0.000000000000000000 ) ) ;
#5881 = CARTESIAN_POINT ( 'NONE',  ( -15.83007205662171479, -5.195802521731965662, -4.671536640462675471 ) ) ;
#5882 = CARTESIAN_POINT ( 'NONE',  ( -28.23674976207123777, 18.96038334768260114, -8.519155568012486412 ) ) ;
#5883 = LINE ( 'NONE', #4614, #63 ) ;
#5884 = CIRCLE ( 'NONE', #1572, 1.650000000000002132 ) ;
#5885 = VECTOR ( 'NONE', #3932, 1000.000000000000000 ) ;
#5886 = CARTESIAN_POINT ( 'NONE',  ( -15.97752266922247699, -5.305303579186459118, -4.773007568697484437 ) ) ;
#5887 = ORIENTED_EDGE ( 'NONE', *, *, #5929, .T. ) ;
#5888 = CARTESIAN_POINT ( 'NONE',  ( -55.82223457043558312, -57.37602779732294067, -10.43017491581488621 ) ) ;
#5889 = CARTESIAN_POINT ( 'NONE',  ( -7.002143967764793864, -52.52970599655879624, -8.050668893229319778 ) ) ;
#5890 = EDGE_LOOP ( 'NONE', ( #3546, #6548 ) ) ;
#5891 = EDGE_CURVE ( 'NONE', #8698, #7305, #6470, .T. ) ;
#5892 = CARTESIAN_POINT ( 'NONE',  ( -38.85800448670128304, 0.000000000000000000, 2.011882848956656478 ) ) ;
#5893 = CARTESIAN_POINT ( 'NONE',  ( -41.09358867808181515, -29.19263609406135629, -13.22822741526793955 ) ) ;
#5894 = CARTESIAN_POINT ( 'NONE',  ( -62.80875262743087006, -20.85985320712983082, -6.706541337486655152 ) ) ;
#5895 = CARTESIAN_POINT ( 'NONE',  ( -54.77168180351621629, -56.09745459949871815, -8.968493760838997630 ) ) ;
#5896 = ORIENTED_EDGE ( 'NONE', *, *, #1919, .F. ) ;
#5897 = CARTESIAN_POINT ( 'NONE',  ( -4.492074749626911334, -78.84460923316188996, -7.062018212305737563 ) ) ;
#5898 = DIRECTION ( 'NONE',  ( 0.000000000000000000, 0.000000000000000000, 1.000000000000000000 ) ) ;
#5899 = CARTESIAN_POINT ( 'NONE',  ( -9.661035447002467080, -59.56793411049424947, -10.78393460181067098 ) ) ;
#5900 = CARTESIAN_POINT ( 'NONE',  ( -74.13813534582835985, -12.00000000000000000, 14.41188284895664573 ) ) ;
#5901 = AXIS2_PLACEMENT_3D ( 'NONE', #1532, #4194, #7096 ) ;
#5902 = VERTEX_POINT ( 'NONE', #366 ) ;
#5903 = CARTESIAN_POINT ( 'NONE',  ( -40.93356296991329657, -119.6230729217454041, -1.588117151043349162 ) ) ;
#5904 = VERTEX_POINT ( 'NONE', #3143 ) ;
#5905 = CARTESIAN_POINT ( 'NONE',  ( -47.10800448670126883, 28.00000000000000000, 7.274226355486626439 ) ) ;
#5906 = AXIS2_PLACEMENT_3D ( 'NONE', #6056, #1178, #2001 ) ;
#5907 = ORIENTED_EDGE ( 'NONE', *, *, #3201, .T. ) ;
#5908 = VECTOR ( 'NONE', #1682, 1000.000000000000114 ) ;
#5909 = CARTESIAN_POINT ( 'NONE',  ( -10.85995956856999811, -63.10820349470991175, -11.05923004160529821 ) ) ;
#5910 = CARTESIAN_POINT ( 'NONE',  ( -57.77229305872089071, -76.61578133316614014, -8.036751200379420368 ) ) ;
#5911 = ORIENTED_EDGE ( 'NONE', *, *, #755, .T. ) ;
#5912 = AXIS2_PLACEMENT_3D ( 'NONE', #320, #7348, #1097 ) ;
#5913 = CARTESIAN_POINT ( 'NONE',  ( -28.27615023720892395, -43.83507453493427874, 18.41188284895663685 ) ) ;
#5914 = CARTESIAN_POINT ( 'NONE',  ( -64.70648434079926403, -7.876778132788770925, 26.41188284895664040 ) ) ;
#5915 = EDGE_LOOP ( 'NONE', ( #7058, #7960 ) ) ;
#5916 = CARTESIAN_POINT ( 'NONE',  ( -62.26154335061396949, -45.36659541444497989, -7.418266835847136420 ) ) ;
#5917 = CARTESIAN_POINT ( 'NONE',  ( -42.91858867808181088, -29.19263609406135629, 18.41188284895663685 ) ) ;
#5918 = CARTESIAN_POINT ( 'NONE',  ( -71.39923338432244293, 3.777450567737123066, 1.411882848956637293 ) ) ;
#5919 = EDGE_CURVE ( 'NONE', #1276, #3584, #3271, .T. ) ;
#5920 = CARTESIAN_POINT ( 'NONE',  ( 0.2623577657921754014, -17.15191147659976068, -4.258297267745935422 ) ) ;
#5921 = CARTESIAN_POINT ( 'NONE',  ( -54.38500965186690905, 2.480538902746912022, 3.500586574228792269 ) ) ;
#5922 = CARTESIAN_POINT ( 'NONE',  ( -60.35347952362491952, -31.43227590607191502, 1.411882848956630410 ) ) ;
#5923 = EDGE_LOOP ( 'NONE', ( #1550, #5091, #5746, #5809 ) ) ;
#5924 = FACE_OUTER_BOUND ( 'NONE', #7368, .T. ) ;
#5925 = PLANE ( 'NONE',  #5912 ) ;
#5926 = CARTESIAN_POINT ( 'NONE',  ( -12.68477732587505180, -2.258506430399187082, -1.856357737921005002 ) ) ;
#5927 = CARTESIAN_POINT ( 'NONE',  ( -30.28951695987934301, 16.42747029575117779, -9.667021471200181182 ) ) ;
#5928 = CARTESIAN_POINT ( 'NONE',  ( -48.40150333979774899, -38.17822028544185997, 18.41188284895663685 ) ) ;
#5929 = EDGE_CURVE ( 'NONE', #7305, #5005, #2449, .T. ) ;
#5930 = AXIS2_PLACEMENT_3D ( 'NONE', #881, #4538, #3800 ) ;
#5931 = EDGE_CURVE ( 'NONE', #4331, #8379, #7683, .T. ) ;
#5932 = CARTESIAN_POINT ( 'NONE',  ( -28.04673599781001769, -9.191838150706292510, -8.684460830066257131 ) ) ;
#5933 = EDGE_LOOP ( 'NONE', ( #7448, #6920 ) ) ;
#5934 = FACE_BOUND ( 'NONE', #7322, .T. ) ;
#5935 = CARTESIAN_POINT ( 'NONE',  ( -9.444327169886340911, -56.09745459949873947, -9.053057111121781020 ) ) ;
#5936 = ORIENTED_EDGE ( 'NONE', *, *, #6447, .F. ) ;
#5937 = DIRECTION ( 'NONE',  ( -0.7061050442837366603, 0.7081071009650038439, 0.000000000000000000 ) ) ;
#5938 = VECTOR ( 'NONE', #2390, 1000.000000000000000 ) ;
#5939 = CARTESIAN_POINT ( 'NONE',  ( -42.28832066944580248, -30.57221591009645678, 18.41188284895663685 ) ) ;
#5940 = FACE_OUTER_BOUND ( 'NONE', #1166, .T. ) ;
#5941 = DIRECTION ( 'NONE',  ( -0.000000000000000000, -0.000000000000000000, 1.000000000000000000 ) ) ;
#5942 = ORIENTED_EDGE ( 'NONE', *, *, #3779, .T. ) ;
#5943 = FACE_OUTER_BOUND ( 'NONE', #990, .T. ) ;
#5944 = ADVANCED_FACE ( 'NONE', ( #2328 ), #3785, .F. ) ;
#5945 = CARTESIAN_POINT ( 'NONE',  ( -19.28244600348924465, -86.75818478260566735, 2.411882848956650172 ) ) ;
#5946 = CARTESIAN_POINT ( 'NONE',  ( -8.348633083403226962, -57.45325462555558715, -10.41630329239339225 ) ) ;
#5947 = CYLINDRICAL_SURFACE ( 'NONE', #2439, 1.649999999999998579 ) ;
#5948 = EDGE_LOOP ( 'NONE', ( #1804, #1795 ) ) ;
#5949 = EDGE_LOOP ( 'NONE', ( #3209, #7428, #8775, #4004 ) ) ;
#5950 = CARTESIAN_POINT ( 'NONE',  ( -79.83311748012511089, -26.89975948760450564, 1.411882848956630410 ) ) ;
#5951 = VERTEX_POINT ( 'NONE', #5202 ) ;
#5952 = DIRECTION ( 'NONE',  ( -0.7359867518379721307, 0.000000000000000000, -0.6769959387758477387 ) ) ;
#5953 = CARTESIAN_POINT ( 'NONE',  ( -32.10800448670241281, 5.000000000000024869, 23.41188284895664040 ) ) ;
#5954 = EDGE_CURVE ( 'NONE', #5670, #2958, #7991, .T. ) ;
#5955 = ORIENTED_EDGE ( 'NONE', *, *, #6942, .F. ) ;
#5956 = DIRECTION ( 'NONE',  ( -0.000000000000000000, -0.000000000000000000, 1.000000000000000000 ) ) ;
#5957 = CARTESIAN_POINT ( 'NONE',  ( 9.922126372425774221, -77.45818478260565598, 24.41188284895663685 ) ) ;
#5958 = DIRECTION ( 'NONE',  ( -0.3627986633483191170, 0.6069407960194100893, -0.7071067811865459074 ) ) ;
#5959 = VERTEX_POINT ( 'NONE', #1050 ) ;
#5960 = CARTESIAN_POINT ( 'NONE',  ( -61.63207949241640904, -47.41465992045925759, -7.812346898892069902 ) ) ;
#5961 = CARTESIAN_POINT ( 'NONE',  ( -0.9369606890378988640, -78.59970926007608227, 1.272793316879501813 ) ) ;
#5962 = CARTESIAN_POINT ( 'NONE',  ( -52.93356296991329657, -86.75818478260559630, 24.41188284895662264 ) ) ;
#5963 = DIRECTION ( 'NONE',  ( -0.000000000000000000, -0.000000000000000000, 1.000000000000000000 ) ) ;
#5964 = CARTESIAN_POINT ( 'NONE',  ( -29.66078646733424051, 1.825180047228638802, -11.25030871229933283 ) ) ;
#5965 = VERTEX_POINT ( 'NONE', #6207 ) ;
#5966 = CARTESIAN_POINT ( 'NONE',  ( 2.052456002275106606, -7.557406810573779943, 11.31269238314865966 ) ) ;
#5967 = CARTESIAN_POINT ( 'NONE',  ( -64.56461942707794321, -6.280525036026062935, 13.95864888115951175 ) ) ;
#5968 = ADVANCED_FACE ( 'NONE', ( #5523 ), #3422, .T. ) ;
#5969 = CARTESIAN_POINT ( 'NONE',  ( -28.27615023720892395, -43.83507453493427874, 1.411882848956637293 ) ) ;
#5970 = CARTESIAN_POINT ( 'NONE',  ( -34.09572182924462425, -9.067429837037419560, -8.830925432338688097 ) ) ;
#5971 = FACE_OUTER_BOUND ( 'NONE', #2764, .T. ) ;
#5972 = AXIS2_PLACEMENT_3D ( 'NONE', #8203, #3906, #6785 ) ;
#5973 = CARTESIAN_POINT ( 'NONE',  ( -28.10800448668171470, 5.000000000000023981, 26.41188284895664040 ) ) ;
#5974 = ORIENTED_EDGE ( 'NONE', *, *, #4842, .T. ) ;
#5975 = DIRECTION ( 'NONE',  ( 1.000000000000000000, 0.000000000000000000, 0.000000000000000000 ) ) ;
#5976 = CARTESIAN_POINT ( 'NONE',  ( -3.261881438394201194, -41.00056786256523367, -5.797466461442645880 ) ) ;
#5977 = ORIENTED_EDGE ( 'NONE', *, *, #55, .T. ) ;
#5978 = CARTESIAN_POINT ( 'NONE',  ( -44.93356296991329657, -78.75818478260570998, 8.411882848956651060 ) ) ;
#5979 = EDGE_CURVE ( 'NONE', #8664, #3862, #4586, .T. ) ;
#5980 = CARTESIAN_POINT ( 'NONE',  ( -33.13619272238610591, 8.871194440553139771, -10.89669591623538913 ) ) ;
#5981 = EDGE_CURVE ( 'NONE', #8341, #6490, #6117, .T. ) ;
#5982 = CARTESIAN_POINT ( 'NONE',  ( -60.81783516943450962, -20.69994596033998491, -5.554049321286589347 ) ) ;
#5983 = CARTESIAN_POINT ( 'NONE',  ( -51.50169245073097812, -64.95525010121166076, -9.741814806270692628 ) ) ;
#5984 = ORIENTED_EDGE ( 'NONE', *, *, #2761, .F. ) ;
#5985 = CARTESIAN_POINT ( 'NONE',  ( -60.10590573264186531, -23.55517183853125474, -6.316587083856314067 ) ) ;
#5986 = CARTESIAN_POINT ( 'NONE',  ( -16.07787362757422400, -77.45818478260561335, 14.41188284895664573 ) ) ;
#5987 = FACE_OUTER_BOUND ( 'NONE', #8094, .T. ) ;
#5988 = CARTESIAN_POINT ( 'NONE',  ( -42.81994953929599035, -4.284250934265054767, -9.836121496536998521 ) ) ;
#5989 = ORIENTED_EDGE ( 'NONE', *, *, #7639, .T. ) ;
#5990 = EDGE_LOOP ( 'NONE', ( #985, #2558 ) ) ;
#5991 = CARTESIAN_POINT ( 'NONE',  ( -64.60819707302958648, -78.73333893047518472, 1.952105266470751443 ) ) ;
#5992 = EDGE_CURVE ( 'NONE', #8778, #7415, #6923, .T. ) ;
#5993 = ORIENTED_EDGE ( 'NONE', *, *, #8285, .T. ) ;
#5994 = CARTESIAN_POINT ( 'NONE',  ( -3.219122474013850432, -77.59386522837988309, -8.187678993781451808 ) ) ;
#5995 = DIRECTION ( 'NONE',  ( -0.000000000000000000, -0.000000000000000000, 1.000000000000000000 ) ) ;
#5996 = CARTESIAN_POINT ( 'NONE',  ( -65.92195468458346852, -77.45817124751827976, -4.567380290766593909 ) ) ;
#5997 = AXIS2_PLACEMENT_3D ( 'NONE', #7216, #830, #4945 ) ;
#5998 = ORIENTED_EDGE ( 'NONE', *, *, #5751, .T. ) ;
#5999 = CARTESIAN_POINT ( 'NONE',  ( -9.008086950491076550, -72.38365802804719351, -10.60870580443125100 ) ) ;
#6000 = CARTESIAN_POINT ( 'NONE',  ( -7.284077916246832984, -74.08215178327077410, -10.05617982251666298 ) ) ;
#6001 = ADVANCED_FACE ( 'NONE', ( #5472 ), #7579, .T. ) ;
#6002 = LINE ( 'NONE', #6105, #1537 ) ;
#6003 = B_SPLINE_CURVE_WITH_KNOTS ( 'NONE', 3,
 ( #1257, #1891, #2759, #1936, #3249, #6132, #6858, #5493, #4722, #5538 ),
 .UNSPECIFIED., .F., .F.,
 ( 4, 2, 2, 2, 4 ),
 ( 1.939479807224432123E-18, 0.0005931812790637025100, 0.001186362558127403068, 0.001779543837191103735, 0.002372725116254803968 ),
 .UNSPECIFIED. ) ;
#6004 = AXIS2_PLACEMENT_3D ( 'NONE', #1399, #1347, #9015 ) ;
#6005 = ORIENTED_EDGE ( 'NONE', *, *, #5547, .T. ) ;
#6006 = CARTESIAN_POINT ( 'NONE',  ( -48.13813534582836695, -77.45818478260558493, 14.41188284895664573 ) ) ;
#6007 = AXIS2_PLACEMENT_3D ( 'NONE', #4760, #1386, #695 ) ;
#6008 = DIRECTION ( 'NONE',  ( -1.000000000000000000, 0.000000000000000000, 0.000000000000000000 ) ) ;
#6009 = DIRECTION ( 'NONE',  ( 1.000000000000000000, 0.000000000000000000, 0.000000000000000000 ) ) ;
#6010 = CYLINDRICAL_SURFACE ( 'NONE', #8131, 29.00000000000169820 ) ;
#6011 = VECTOR ( 'NONE', #544, 1000.000000000000000 ) ;
#6012 = CARTESIAN_POINT ( 'NONE',  ( -28.63419625845767058, 2.999667450906007282, -10.98092775742838967 ) ) ;
#6013 = ORIENTED_EDGE ( 'NONE', *, *, #6094, .F. ) ;
#6014 = CARTESIAN_POINT ( 'NONE',  ( 1.245457456041340727, -6.994053716437463208, 11.57423901306060365 ) ) ;
#6015 = DIRECTION ( 'NONE',  ( 0.000000000000000000, 0.000000000000000000, -1.000000000000000000 ) ) ;
#6016 = CARTESIAN_POINT ( 'NONE',  ( -4.104697527073501995, -30.22753435763028307, -6.372277516698035882 ) ) ;
#6017 = FACE_BOUND ( 'NONE', #4193, .T. ) ;
#6018 = CIRCLE ( 'NONE', #8220, 4.000000000020695445 ) ;
#6019 = CARTESIAN_POINT ( 'NONE',  ( -9.809905944088839647, -72.23480831392964774, -10.28004707981514088 ) ) ;
#6020 = AXIS2_PLACEMENT_3D ( 'NONE', #2583, #5365, #1173 ) ;
#6021 = CARTESIAN_POINT ( 'NONE',  ( -12.64830806966228494, -66.97732796913265929, -9.817547094677296471 ) ) ;
#6022 = ORIENTED_EDGE ( 'NONE', *, *, #2271, .T. ) ;
#6023 = CARTESIAN_POINT ( 'NONE',  ( -39.05319079663108539, -33.79848952859116196, -13.22822741526793955 ) ) ;
#6024 = CARTESIAN_POINT ( 'NONE',  ( -3.126081619124026378, -39.06504330400751002, -5.696577824845666882 ) ) ;
#6025 = ORIENTED_EDGE ( 'NONE', *, *, #6956, .F. ) ;
#6026 = CARTESIAN_POINT ( 'NONE',  ( -60.52441232965912121, -79.21752884483582591, -6.532428891457006337 ) ) ;
#6027 = VECTOR ( 'NONE', #4576, 1000.000000000000000 ) ;
#6028 = CARTESIAN_POINT ( 'NONE',  ( -12.17420711068477246, -1.666865442306252776, -1.139106280828169337 ) ) ;
#6029 = LINE ( 'NONE', #3241, #4126 ) ;
#6030 = CARTESIAN_POINT ( 'NONE',  ( 1.100602761937711671, -13.10896614211832656, 2.283472281320442221 ) ) ;
#6031 = DIRECTION ( 'NONE',  ( 0.8583439052881717268, -0.5130747901180198189, 0.000000000000000000 ) ) ;
#6032 = ORIENTED_EDGE ( 'NONE', *, *, #6396, .F. ) ;
#6033 = FACE_OUTER_BOUND ( 'NONE', #1724, .T. ) ;
#6034 = AXIS2_PLACEMENT_3D ( 'NONE', #3346, #4764, #5350 ) ;
#6035 = CARTESIAN_POINT ( 'NONE',  ( -59.26889000649288164, -48.17103091610225363, -6.865931960266537182 ) ) ;
#6036 = EDGE_CURVE ( 'NONE', #6085, #5771, #8804, .T. ) ;
#6037 = EDGE_CURVE ( 'NONE', #887, #7785, #8989, .T. ) ;
#6038 = DIRECTION ( 'NONE',  ( 0.000000000000000000, 0.000000000000000000, -1.000000000000000000 ) ) ;
#6039 = CARTESIAN_POINT ( 'NONE',  ( -38.30504871155361002, -5.364618373502099580, -11.14137987515746708 ) ) ;
#6040 = ORIENTED_EDGE ( 'NONE', *, *, #1742, .F. ) ;
#6041 = AXIS2_PLACEMENT_3D ( 'NONE', #6129, #1888, #657 ) ;
#6042 = ORIENTED_EDGE ( 'NONE', *, *, #2250, .F. ) ;
#6043 = CARTESIAN_POINT ( 'NONE',  ( -60.75212738006128177, -14.14408268680774938, 1.411882848956637293 ) ) ;
#6044 = VERTEX_POINT ( 'NONE', #2742 ) ;
#6045 = CARTESIAN_POINT ( 'NONE',  ( -8.267517794099447315, -73.54167021282026440, -10.38747811575276891 ) ) ;
#6046 = CARTESIAN_POINT ( 'NONE',  ( -50.62944839326709712, 0.8401891360741829962, -3.770384594529973210 ) ) ;
#6047 =( BOUNDED_SURFACE ( )  B_SPLINE_SURFACE ( 3, 2, ( 
 ( #5903, #8555, #7183 ),
 ( #7921, #5854, #7968 ),
 ( #1713, #2441, #8011 ),
 ( #883, #210, #2981 ),
 ( #5764, #3385, #2699 ),
 ( #6808, #2112, #8953 ),
 ( #4805, #6898, #4169 ),
 ( #5482, #4712, #3517 ),
 ( #5573, #561, #8182 ),
 ( #737, #7543, #7587 ),
 ( #4896, #654, #5391 ),
 ( #4213, #8368, #4850 ),
 ( #19, #6949, #6990 ),
 ( #1335, #4073, #3431 ) ),
 .UNSPECIFIED., .F., .F., .F. ) 
 B_SPLINE_SURFACE_WITH_KNOTS ( ( 4, 2, 2, 2, 2, 2, 4 ),
 ( 3, 3 ),
 ( 1.570796326794896558, 1.963495408493620697, 2.356194490192344837, 2.552544031041707129, 2.748893571891068976, 2.945243112740430824, 3.141592653589793116 ),
 ( 0.000000000000000000, 1.000000000000000000 ),
 .UNSPECIFIED. ) 
 GEOMETRIC_REPRESENTATION_ITEM ( )  RATIONAL_B_SPLINE_SURFACE ( (
 ( 1.000000000000000000, 1.000000000000000000, 1.000000000000000000),
 ( 1.000000000000000000, 1.000158582174050403, 1.000000000000000000),
 ( 1.000000000000000000, 0.9867291873849483030, 1.000000000000000000),
 ( 1.000000000000000000, 0.9386556523773644800, 1.000000000000000000),
 ( 1.000000000000000000, 0.9038128866905684733, 1.000000000000000000),
 ( 1.000000000000000000, 0.8471316623313741578, 1.000000000000000000),
 ( 1.000000000000000000, 0.8275942669551727970, 1.000000000000000000),
 ( 1.000000000000000000, 0.7902180112881694862, 1.000000000000000000),
 ( 1.000000000000000000, 0.7723968187712489941, 1.000000000000000000),
 ( 1.000000000000000000, 0.7418334209259592749, 1.000000000000000000),
 ( 1.000000000000000000, 0.7291288917603336861, 1.000000000000000000),
 ( 1.000000000000000000, 0.7117460047829785585, 1.000000000000000000),
 ( 1.000000000000000000, 0.7070717266846109350, 1.000000000000000000),
 ( 1.000000000000000000, 0.7071067811865475727, 1.000000000000000000) ) ) 
 REPRESENTATION_ITEM ( '' )  SURFACE ( )  );
#6048 = ORIENTED_EDGE ( 'NONE', *, *, #8500, .T. ) ;
#6049 = ADVANCED_FACE ( 'NONE', ( #8265, #6842, #6017 ), #5425, .T. ) ;
#6050 = ADVANCED_FACE ( 'NONE', ( #2554, #5338 ), #5383, .T. ) ;
#6051 = CARTESIAN_POINT ( 'NONE',  ( -28.10800448668165785, 20.00000000000003553, 26.41188284895664040 ) ) ;
#6052 = ORIENTED_EDGE ( 'NONE', *, *, #2974, .F. ) ;
#6053 = CARTESIAN_POINT ( 'NONE',  ( -61.10800448669958485, -38.00442471284928558, 108.4362694665913835 ) ) ;
#6054 = CARTESIAN_POINT ( 'NONE',  ( -25.35800448670127949, 0.000000000000000000, 2.011882848956656478 ) ) ;
#6055 = CIRCLE ( 'NONE', #3568, 1.650000000000002132 ) ;
#6056 = CARTESIAN_POINT ( 'NONE',  ( -26.59789966375754133, -32.66811546249819997, 1.411882848956637293 ) ) ;
#6057 = ORIENTED_EDGE ( 'NONE', *, *, #8051, .F. ) ;
#6058 = CARTESIAN_POINT ( 'NONE',  ( -32.10800448670235596, 20.00000000000003553, -6.588117151043352493 ) ) ;
#6059 = CARTESIAN_POINT ( 'NONE',  ( -63.20147827573746468, -19.72128541625674458, -6.162663451239760448 ) ) ;
#6060 = CARTESIAN_POINT ( 'NONE',  ( -52.73610842368727702, -71.44110559905789160, -9.497027996314713505 ) ) ;
#6061 = B_SPLINE_CURVE_WITH_KNOTS ( 'NONE', 1,
 ( #7832, #2942 ),
 .UNSPECIFIED., .F., .F.,
 ( 2, 2 ),
 ( 0.000000000000000000, 1.000000000000000000 ),
 .UNSPECIFIED. ) ;
#6062 = B_SPLINE_SURFACE_WITH_KNOTS ( 'NONE', 1, 3, ( 
 ( #2057, #6841, #5563, #7535, #4888, #3421, #6205, #11, #4840, #7624 ),
 ( #8358, #5382, #4159, #1287, #6253, #2103, #2690, #6800, #503, #5471 ) ),
 .UNSPECIFIED., .F., .F., .F.,
 ( 2, 2 ),
 ( 4, 2, 2, 2, 4 ),
 ( 0.000000000000000000, 1.000000000000000000 ),
 ( 0.000000000000000000, 0.002088108054583300531, 0.004176216109166601062, 0.006264324163749901593, 0.008352432218333202124 ),
 .UNSPECIFIED. ) ;
#6063 = ADVANCED_FACE ( 'NONE', ( #2643 ), #4192, .T. ) ;
#6064 = AXIS2_PLACEMENT_3D ( 'NONE', #2415, #8712, #5880 ) ;
#6065 = CARTESIAN_POINT ( 'NONE',  ( -55.29824504811704600, 5.772852753667209846, 6.689758934856663508 ) ) ;
#6066 = CARTESIAN_POINT ( 'NONE',  ( -65.41547957740127117, -77.43440372828445106, -5.029228390286912820 ) ) ;
#6067 = ORIENTED_EDGE ( 'NONE', *, *, #1281, .F. ) ;
#6068 = CARTESIAN_POINT ( 'NONE',  ( -47.95455758249435263, -5.513494971636510478, -4.965658596939663383 ) ) ;
#6069 = CARTESIAN_POINT ( 'NONE',  ( -32.10800448670126883, -84.85808688002525457, 8.411882848956651060 ) ) ;
#6070 = CARTESIAN_POINT ( 'NONE',  ( -4.389399654834944542, -26.56152329007726109, -6.540041218898281272 ) ) ;
#6071 = CARTESIAN_POINT ( 'NONE',  ( -15.86689915341048973, -1.235568493769026999, -6.336693979519983699 ) ) ;
#6072 = DIRECTION ( 'NONE',  ( -1.000000000000000000, 0.000000000000000000, 0.000000000000000000 ) ) ;
#6073 = CARTESIAN_POINT ( 'NONE',  ( -56.41671037761705776, -74.24026330809003582, -10.23588644642808454 ) ) ;
#6074 = CARTESIAN_POINT ( 'NONE',  ( -19.97866699214328179, -122.9268519330911431, 0.03880739345224801240 ) ) ;
#6075 = ORIENTED_EDGE ( 'NONE', *, *, #2216, .T. ) ;
#6076 = DIRECTION ( 'NONE',  ( 1.000000000000000000, 0.000000000000000000, 0.000000000000000000 ) ) ;
#6077 = CARTESIAN_POINT ( 'NONE',  ( -1.304154706101217531, -33.37075516053089075, -6.983590433402774522 ) ) ;
#6078 = ORIENTED_EDGE ( 'NONE', *, *, #4324, .F. ) ;
#6079 = CARTESIAN_POINT ( 'NONE',  ( -59.07116467669366244, -78.49392447747827362, -7.295587155926869904 ) ) ;
#6080 = CARTESIAN_POINT ( 'NONE',  ( -37.91160816274148004, -43.98182396148199302, -13.22822741526793955 ) ) ;
#6081 = CARTESIAN_POINT ( 'NONE',  ( -10.41843141706994302, 0.3677006865711928141, 2.068171682545765666 ) ) ;
#6082 = CARTESIAN_POINT ( 'NONE',  ( -1.579556127439112556, -21.66615862535082471, -6.967974919727800476 ) ) ;
#6083 = DIRECTION ( 'NONE',  ( -1.000000000000000000, 0.000000000000000000, 0.000000000000000000 ) ) ;
#6084 = CARTESIAN_POINT ( 'NONE',  ( -27.10800448670130436, -38.17822028544185997, 18.41188284895663685 ) ) ;
#6085 = VERTEX_POINT ( 'NONE', #4930 ) ;
#6086 = CARTESIAN_POINT ( 'NONE',  ( -32.10800448670126883, -38.00442471284927848, -1.588117151043349606 ) ) ;
#6087 = CARTESIAN_POINT ( 'NONE',  ( -61.10459872075171006, -38.52845236204085211, -5.630864227901795971 ) ) ;
#6088 = CARTESIAN_POINT ( 'NONE',  ( -3.702587970099470827, -21.72589103943407807, -5.974915616061755586 ) ) ;
#6089 = CARTESIAN_POINT ( 'NONE',  ( -40.60633146123249304, -4.948065224695406883, -10.60219105799111539 ) ) ;
#6090 = CIRCLE ( 'NONE', #7547, 1.825000000000000178 ) ;
#6091 = VERTEX_POINT ( 'NONE', #2954 ) ;
#6092 = ORIENTED_EDGE ( 'NONE', *, *, #3922, .T. ) ;
#6093 = CARTESIAN_POINT ( 'NONE',  ( -59.94395217225940087, -4.707518683843368024, 7.189660626734410975 ) ) ;
#6094 = EDGE_CURVE ( 'NONE', #8042, #5840, #4889, .T. ) ;
#6095 = VERTEX_POINT ( 'NONE', #3593 ) ;
#6096 = CARTESIAN_POINT ( 'NONE',  ( -10.13078594040897862, -70.30625768905386508, -10.89889597661158582 ) ) ;
#6097 = CARTESIAN_POINT ( 'NONE',  ( -52.51853519727229980, -1.114434116073195424, -0.3763680163896308550 ) ) ;
#6098 = ORIENTED_EDGE ( 'NONE', *, *, #606, .T. ) ;
#6099 = DIRECTION ( 'NONE',  ( -1.000000000000000000, 1.780377182154265206E-15, 0.000000000000000000 ) ) ;
#6100 = CARTESIAN_POINT ( 'NONE',  ( -13.00004603122225255, 1.464217064765714449, -2.968745489953878103 ) ) ;
#6101 = ORIENTED_EDGE ( 'NONE', *, *, #8454, .T. ) ;
#6102 = CARTESIAN_POINT ( 'NONE',  ( -15.84624179439621550, -79.31036231487702537, 25.96091318491692945 ) ) ;
#6103 = DIRECTION ( 'NONE',  ( 0.000000000000000000, 0.000000000000000000, 1.000000000000000000 ) ) ;
#6104 = EDGE_CURVE ( 'NONE', #7415, #8778, #3097, .T. ) ;
#6105 = CARTESIAN_POINT ( 'NONE',  ( -52.93356296991328236, -78.75818478260559630, 2.411882848956659053 ) ) ;
#6106 = EDGE_CURVE ( 'NONE', #7462, #3254, #6917, .T. ) ;
#6107 = ORIENTED_EDGE ( 'NONE', *, *, #2612, .T. ) ;
#6108 = CYLINDRICAL_SURFACE ( 'NONE', #3284, 1.650000000000002132 ) ;
#6109 = CARTESIAN_POINT ( 'NONE',  ( -35.60800448670127594, -84.85808688002525457, 21.43002350340707451 ) ) ;
#6110 = CARTESIAN_POINT ( 'NONE',  ( -3.613083614353937101, -32.50454059555524822, -6.053665073658251572 ) ) ;
#6111 = DIRECTION ( 'NONE',  ( 0.000000000000000000, 0.000000000000000000, 1.000000000000000000 ) ) ;
#6112 = FACE_OUTER_BOUND ( 'NONE', #5665, .T. ) ;
#6113 = CARTESIAN_POINT ( 'NONE',  ( 4.569609808759841130, -11.53591204622657784, 5.982592576106269711 ) ) ;
#6114 = CYLINDRICAL_SURFACE ( 'NONE', #2133, 1.825000000000003730 ) ;
#6115 = ADVANCED_FACE ( 'NONE', ( #134, #5564, #8479 ), #4244, .F. ) ;
#6116 = CARTESIAN_POINT ( 'NONE',  ( -15.36525796554864165, -0.8333233348686868158, -5.854086178552556419 ) ) ;
#6117 = LINE ( 'NONE', #4798, #1816 ) ;
#6118 = LINE ( 'NONE', #8174, #1800 ) ;
#6119 = CARTESIAN_POINT ( 'NONE',  ( -22.05335255839736064, -122.0812598119286463, -0.7867845103524768735 ) ) ;
#6120 = CARTESIAN_POINT ( 'NONE',  ( -7.372493528370870131, -76.00984567025632543, -8.406983605219210176 ) ) ;
#6121 = CARTESIAN_POINT ( 'NONE',  ( -32.10800448670126883, -74.85808688002526878, 8.411882848956651060 ) ) ;
#6122 = VERTEX_POINT ( 'NONE', #2104 ) ;
#6123 = CARTESIAN_POINT ( 'NONE',  ( -54.13233357559891346, -60.26552896346289856, -10.88778701194952347 ) ) ;
#6124 = CARTESIAN_POINT ( 'NONE',  ( -20.93930025298163144, -120.7946457969992053, -1.588117151043349162 ) ) ;
#6125 = DIRECTION ( 'NONE',  ( 0.8583439052881718379, -0.5130747901180198189, 0.000000000000000000 ) ) ;
#6126 = CARTESIAN_POINT ( 'NONE',  ( -44.68515999990541587, -71.48596535551243392, 26.41188284895664040 ) ) ;
#6127 = EDGE_CURVE ( 'NONE', #8123, #7859, #6892, .T. ) ;
#6128 = CARTESIAN_POINT ( 'NONE',  ( -64.69168998434730611, -13.83311594803766198, 0.5615641565025891735 ) ) ;
#6129 = CARTESIAN_POINT ( 'NONE',  ( -35.94078930454640641, 9.317906716018294233, 26.41188284895664040 ) ) ;
#6130 = CARTESIAN_POINT ( 'NONE',  ( -1.373779480702585154, -15.80541522814147726, 1.411882848956637293 ) ) ;
#6131 = LINE ( 'NONE', #8912, #3471 ) ;
#6132 = CARTESIAN_POINT ( 'NONE',  ( 3.045283311293311979, -8.058061186252915675, 15.15910019911028428 ) ) ;
#6133 = CARTESIAN_POINT ( 'NONE',  ( -40.79484897834850443, -4.901825370466428744, -10.54708468190259474 ) ) ;
#6134 = ORIENTED_EDGE ( 'NONE', *, *, #2821, .T. ) ;
#6135 = ORIENTED_EDGE ( 'NONE', *, *, #2090, .T. ) ;
#6136 = CARTESIAN_POINT ( 'NONE',  ( -59.12969210997103175, -5.418184342684042143, 3.635293306391429002 ) ) ;
#6137 = ORIENTED_EDGE ( 'NONE', *, *, #2888, .F. ) ;
#6138 = CARTESIAN_POINT ( 'NONE',  ( -6.917605847768479421, -75.03986849250212288, -9.922111929837974742 ) ) ;
#6139 = CARTESIAN_POINT ( 'NONE',  ( -51.76360757234010634, 2.046888960715973038, -2.116267864032264079 ) ) ;
#6140 = CARTESIAN_POINT ( 'NONE',  ( -67.11894408210879703, -13.34927062176558366, 0.9511794278799395874 ) ) ;
#6141 = CARTESIAN_POINT ( 'NONE',  ( -66.47584000977293783, 27.99999999999999645, 13.31269238314865966 ) ) ;
#6142 = EDGE_LOOP ( 'NONE', ( #230, #9005 ) ) ;
#6143 = DIRECTION ( 'NONE',  ( 1.000000000000000000, 0.000000000000000000, 0.000000000000000000 ) ) ;
#6144 = CARTESIAN_POINT ( 'NONE',  ( -6.124649850406254536, -74.94803505999324500, -9.607976576491655152 ) ) ;
#6145 = CARTESIAN_POINT ( 'NONE',  ( -41.18515999990541587, -71.48596535551243392, 8.411882848956651060 ) ) ;
#6146 = ORIENTED_EDGE ( 'NONE', *, *, #1075, .F. ) ;
#6147 = CARTESIAN_POINT ( 'NONE',  ( -61.61030677528781752, -11.12522360471989735, -1.841470221629206261 ) ) ;
#6148 = FACE_OUTER_BOUND ( 'NONE', #8722, .T. ) ;
#6149 = B_SPLINE_CURVE_WITH_KNOTS ( 'NONE', 3,
 ( #680, #7667, #5638, #761, #3461, #5, #7099, #3542, #5515, #6327, #2177, #4833, #2219, #3627, #6247, #2778, #8606, #8562, #5230, #2352, #5910, #5134, #1029, #7927, #1762, #8697, #1672, #1720, #1622, #4368, #5045, #7239, #7325, #3122, #3034, #7974, #8017, #347, #4461, #7878, #989, #169, #5816, #3768 ),
 .UNSPECIFIED., .F., .F.,
 ( 4, 2, 2, 2, 2, 2, 2, 2, 2, 2, 2, 2, 2, 2, 2, 2, 2, 2, 2, 2, 2, 4 ),
 ( 0.000000000000000000, 0.006606739216199124937, 0.04086167924322674228, 0.1093715592972819700, 0.1778814393513372116, 0.2463913194053924394, 0.2635187894189063296, 0.2806462594324200532, 0.3149011994594476671, 0.3491561394864752810, 0.3834110795135028948, 0.4519209595675581226, 0.5204308396216134058, 0.5546857796486409642, 0.5889407196756686336, 0.6231956597026961919, 0.6574505997297238613, 0.6917055397567514197, 0.7259604797837790890, 0.7944703598378343168, 0.8629802398918895445, 1.000000000000000000 ),
 .UNSPECIFIED. ) ;
#6150 = FACE_OUTER_BOUND ( 'NONE', #112, .T. ) ;
#6151 = VECTOR ( 'NONE', #7296, 1000.000000000000000 ) ;
#6152 = ADVANCED_FACE ( 'NONE', ( #855 ), #4457, .F. ) ;
#6153 = CARTESIAN_POINT ( 'NONE',  ( -55.18876639978819298, 5.556550494967419596, 6.223943194077349972 ) ) ;
#6154 = EDGE_CURVE ( 'NONE', #3308, #7374, #4967, .T. ) ;
#6155 = DIRECTION ( 'NONE',  ( -1.000000000000000000, 0.000000000000000000, 0.000000000000000000 ) ) ;
#6156 = CARTESIAN_POINT ( 'NONE',  ( -64.57774888627454857, -6.353035104246342435, 12.66994259339670315 ) ) ;
#6157 = VECTOR ( 'NONE', #3267, 1000.000000000000000 ) ;
#6158 = CARTESIAN_POINT ( 'NONE',  ( -32.10800448670241281, 5.000000000000024869, -6.588117151043349828 ) ) ;
#6159 = CARTESIAN_POINT ( 'NONE',  ( -50.37784746121668178, 22.52974528766258899, 26.41188284895664040 ) ) ;
#6160 = CARTESIAN_POINT ( 'NONE',  ( -22.60800448670127594, -38.17822028544185997, 1.411882848956637293 ) ) ;
#6161 = CARTESIAN_POINT ( 'NONE',  ( -55.92873319797191556, -73.65057976425366348, -10.39354076674495708 ) ) ;
#6162 = CARTESIAN_POINT ( 'NONE',  ( -12.50954590033550495, -67.99313153570844293, -9.792192576751974187 ) ) ;
#6163 = CIRCLE ( 'NONE', #631, 1.825000000000007283 ) ;
#6164 = CARTESIAN_POINT ( 'NONE',  ( -10.37168905218169535, -73.20213359148328891, -9.357676371761812106 ) ) ;
#6165 = EDGE_CURVE ( 'NONE', #4453, #7305, #4086, .T. ) ;
#6166 = CARTESIAN_POINT ( 'NONE',  ( -1.093158006437537466, -40.85762321149287146, -6.835688583148876063 ) ) ;
#6167 = ORIENTED_EDGE ( 'NONE', *, *, #5047, .T. ) ;
#6168 = CARTESIAN_POINT ( 'NONE',  ( -53.95658087310167161, -60.69207469859164661, -10.92877263315891945 ) ) ;
#6169 = FACE_OUTER_BOUND ( 'NONE', #381, .T. ) ;
#6170 = FACE_OUTER_BOUND ( 'NONE', #5674, .T. ) ;
#6171 = CARTESIAN_POINT ( 'NONE',  ( -28.69030434926390427, -5.501181742548359566, -11.49693961631827932 ) ) ;
#6172 = CIRCLE ( 'NONE', #8651, 4.000000000020695445 ) ;
#6173 = CARTESIAN_POINT ( 'NONE',  ( -62.72709315955375331, -16.53468474199229377, -2.874321055418505022 ) ) ;
#6174 = CARTESIAN_POINT ( 'NONE',  ( -68.47212205964470400, -9.120423168911079514, 13.54533521160260534 ) ) ;
#6175 = VERTEX_POINT ( 'NONE', #5917 ) ;
#6176 = DIRECTION ( 'NONE',  ( 1.000000000000000000, -3.469446951953613400E-15, 0.000000000000000000 ) ) ;
#6177 = CARTESIAN_POINT ( 'NONE',  ( -60.79071834224557591, -33.58782500880742106, -5.860823076760111938 ) ) ;
#6178 = DIRECTION ( 'NONE',  ( 0.000000000000000000, 0.000000000000000000, -1.000000000000000000 ) ) ;
#6179 = EDGE_CURVE ( 'NONE', #2165, #3071, #2997, .T. ) ;
#6180 = CARTESIAN_POINT ( 'NONE',  ( -3.461402451365891419, -3.999999999999999112, 162.2921154739354677 ) ) ;
#6181 = VECTOR ( 'NONE', #799, 1000.000000000000114 ) ;
#6182 = ORIENTED_EDGE ( 'NONE', *, *, #4098, .F. ) ;
#6183 = ORIENTED_EDGE ( 'NONE', *, *, #4739, .T. ) ;
#6184 = AXIS2_PLACEMENT_3D ( 'NONE', #1747, #3109, #333 ) ;
#6185 = EDGE_LOOP ( 'NONE', ( #7831, #1721, #222, #525, #3656 ) ) ;
#6186 = CARTESIAN_POINT ( 'NONE',  ( -9.542756499483338928, -71.57816190659464439, -10.75390816507901803 ) ) ;
#6187 = CARTESIAN_POINT ( 'NONE',  ( -60.75212738006128177, -14.14408268680774938, 1.411882848956637293 ) ) ;
#6188 = ORIENTED_EDGE ( 'NONE', *, *, #2193, .F. ) ;
#6189 = FACE_OUTER_BOUND ( 'NONE', #83, .T. ) ;
#6190 = DIRECTION ( 'NONE',  ( -0.000000000000000000, -1.000000000000000000, 0.000000000000000000 ) ) ;
#6191 = AXIS2_PLACEMENT_3D ( 'NONE', #9004, #6854, #3484 ) ;
#6192 = ORIENTED_EDGE ( 'NONE', *, *, #3921, .T. ) ;
#6193 = CARTESIAN_POINT ( 'NONE',  ( -30.45800448670127025, -74.85808688002526878, 8.411882848956651060 ) ) ;
#6194 = DIRECTION ( 'NONE',  ( -0.000000000000000000, -0.000000000000000000, 1.000000000000000000 ) ) ;
#6195 = CARTESIAN_POINT ( 'NONE',  ( -32.10800448670241281, 5.000000000000024869, 23.41188284895664040 ) ) ;
#6196 = ORIENTED_EDGE ( 'NONE', *, *, #3860, .T. ) ;
#6197 = CARTESIAN_POINT ( 'NONE',  ( -70.34931834994286248, -22.87245588310257816, 0.8521963543862468571 ) ) ;
#6198 = DIRECTION ( 'NONE',  ( 1.734723475976805517E-15, 1.000000000000000000, 0.000000000000000000 ) ) ;
#6199 = DIRECTION ( 'NONE',  ( -1.000000000000000000, 0.000000000000000000, 0.000000000000000000 ) ) ;
#6200 = CARTESIAN_POINT ( 'NONE',  ( -35.93029422303669662, 15.47231511599994214, -9.343758255123468359 ) ) ;
#6201 = AXIS2_PLACEMENT_3D ( 'NONE', #8480, #4175, #9006 ) ;
#6202 = CARTESIAN_POINT ( 'NONE',  ( -10.36068553260811775, -10.02152037603275758, 1.411882848956637293 ) ) ;
#6203 = DIRECTION ( 'NONE',  ( -1.000000000000000000, 0.000000000000000000, 0.000000000000000000 ) ) ;
#6204 = CARTESIAN_POINT ( 'NONE',  ( -47.10800448670128304, 28.00000000000000000, -11.58811715104335072 ) ) ;
#6205 = CARTESIAN_POINT ( 'NONE',  ( 2.279805932512287026, -11.74252347028907195, 5.257192182051609208 ) ) ;
#6206 = EDGE_CURVE ( 'NONE', #5137, #1262, #6311, .T. ) ;
#6207 = CARTESIAN_POINT ( 'NONE',  ( -28.60800448670126883, -94.85808688002525457, 8.411882848956651060 ) ) ;
#6208 = VECTOR ( 'NONE', #7797, 1000.000000000000000 ) ;
#6209 = AXIS2_PLACEMENT_3D ( 'NONE', #4334, #3734, #6512 ) ;
#6210 = CARTESIAN_POINT ( 'NONE',  ( -57.69950593115065374, -75.51736848135810476, -9.767479380813110623 ) ) ;
#6211 = CARTESIAN_POINT ( 'NONE',  ( -4.491337337717869360, -4.898901209172946025, 26.41188284895664040 ) ) ;
#6212 = CARTESIAN_POINT ( 'NONE',  ( -6.817446810173729332, -76.38365946393184913, -8.190287533585774327 ) ) ;
#6213 = CARTESIAN_POINT ( 'NONE',  ( -67.19032878552242494, -12.26429739913537453, 3.711021318821445369 ) ) ;
#6214 = ORIENTED_EDGE ( 'NONE', *, *, #1191, .T. ) ;
#6215 = CARTESIAN_POINT ( 'NONE',  ( -53.05335983639807296, -65.45842155520969641, -11.11928577829737819 ) ) ;
#6216 = CARTESIAN_POINT ( 'NONE',  ( -32.10800448670127594, -28.67822028544097890, 1.411882848956637293 ) ) ;
#6217 = DIRECTION ( 'NONE',  ( -1.000000000000000000, 0.000000000000000000, 0.000000000000000000 ) ) ;
#6218 = CARTESIAN_POINT ( 'NONE',  ( 9.922126372425774221, -78.75818478260570998, 14.41188284895664573 ) ) ;
#6219 = CARTESIAN_POINT ( 'NONE',  ( -61.52158150727486685, -18.85302915707404381, -4.641115255560699815 ) ) ;
#6220 = ADVANCED_FACE ( 'NONE', ( #6602, #3682, #3817 ), #2362, .T. ) ;
#6221 = DIRECTION ( 'NONE',  ( 1.000000000000000000, 0.000000000000000000, 0.000000000000000000 ) ) ;
#6222 = ADVANCED_FACE ( 'NONE', ( #5143 ), #224, .F. ) ;
#6223 = ORIENTED_EDGE ( 'NONE', *, *, #7511, .T. ) ;
#6224 = LINE ( 'NONE', #3683, #8396 ) ;
#6225 = CARTESIAN_POINT ( 'NONE',  ( -59.49935156707820028, -47.52979888241479500, -6.724180103851920443 ) ) ;
#6226 = CARTESIAN_POINT ( 'NONE',  ( -1.987285282607587966, -17.40771745378922830, -3.724276846400613294 ) ) ;
#6227 = LINE ( 'NONE', #2844, #4779 ) ;
#6228 = ORIENTED_EDGE ( 'NONE', *, *, #7948, .T. ) ;
#6229 = EDGE_LOOP ( 'NONE', ( #2269, #1167, #8100, #4872 ) ) ;
#6230 = DIRECTION ( 'NONE',  ( -0.000000000000000000, -0.000000000000000000, 1.000000000000000000 ) ) ;
#6231 = EDGE_CURVE ( 'NONE', #2398, #4136, #1681, .T. ) ;
#6232 = CARTESIAN_POINT ( 'NONE',  ( -12.70574903119918986, -64.74227283104326602, -9.827845766184244880 ) ) ;
#6233 = CARTESIAN_POINT ( 'NONE',  ( -59.87015374675181079, -25.67342659244649994, -6.455702084079713465 ) ) ;
#6234 = ORIENTED_EDGE ( 'NONE', *, *, #7467, .F. ) ;
#6235 = AXIS2_PLACEMENT_3D ( 'NONE', #5102, #3524, #8376 ) ;
#6236 = CARTESIAN_POINT ( 'NONE',  ( -68.23741543821300581, -12.03116267033436770, 4.128798610978163808 ) ) ;
#6237 = CARTESIAN_POINT ( 'NONE',  ( 3.321183313513137669, -12.14966453492043108, 4.040760849704982505 ) ) ;
#6238 = ORIENTED_EDGE ( 'NONE', *, *, #6104, .T. ) ;
#6239 = CARTESIAN_POINT ( 'NONE',  ( -2.707940375887520457, -76.64209483124716371, -7.887704712234780757 ) ) ;
#6240 = EDGE_LOOP ( 'NONE', ( #6682, #1346, #3848, #3588 ) ) ;
#6241 = DIRECTION ( 'NONE',  ( -1.000000000000000000, 0.000000000000000000, 0.000000000000000000 ) ) ;
#6242 = CIRCLE ( 'NONE', #2298, 1.649999999999998579 ) ;
#6243 = EDGE_CURVE ( 'NONE', #2577, #8012, #949, .T. ) ;
#6244 = ORIENTED_EDGE ( 'NONE', *, *, #6871, .F. ) ;
#6245 = CARTESIAN_POINT ( 'NONE',  ( -65.37348156795270882, -6.760931055914095822, 14.41188284895664573 ) ) ;
#6246 = APPLICATION_CONTEXT ( 'automotive_design' ) ;
#6247 = CARTESIAN_POINT ( 'NONE',  ( -56.58476324986335015, -75.82198948589626752, -8.503185093075360967 ) ) ;
#6248 = CARTESIAN_POINT ( 'NONE',  ( -3.189659174262553964, -35.76156818500991363, -5.744022022865471477 ) ) ;
#6249 = CARTESIAN_POINT ( 'NONE',  ( -28.28571475036540050, 15.47231511599468767, -9.343758255124383183 ) ) ;
#6250 = CARTESIAN_POINT ( 'NONE',  ( -36.48773524355191000, -31.23303397551219263, 1.411882848956637293 ) ) ;
#6251 = CARTESIAN_POINT ( 'NONE',  ( 4.208340847573965426, -9.122060117929672529, 12.85147773798869153 ) ) ;
#6252 = CARTESIAN_POINT ( 'NONE',  ( -34.64213081907679737, -9.115357512064429457, -8.792177366502409441 ) ) ;
#6253 = CARTESIAN_POINT ( 'NONE',  ( 3.652753217216642145, -12.61476212278927989, 2.772206609551643997 ) ) ;
#6254 = CARTESIAN_POINT ( 'NONE',  ( 6.844732465492283424, -13.74575792382263906, 1.909500080428052415 ) ) ;
#6255 = CARTESIAN_POINT ( 'NONE',  ( -58.04371798629519930, -75.80615634465488029, -9.627559111544304216 ) ) ;
#6256 = DIRECTION ( 'NONE',  ( -1.000000000000000000, 0.000000000000000000, 0.000000000000000000 ) ) ;
#6257 = CARTESIAN_POINT ( 'NONE',  ( -68.95480391512354856, -11.18590230114061157, 7.079884893669476931 ) ) ;
#6258 = VERTEX_POINT ( 'NONE', #356 ) ;
#6259 = CARTESIAN_POINT ( 'NONE',  ( -53.64310687682461776, -73.19378507393275868, -9.281004063889650268 ) ) ;
#6260 = CARTESIAN_POINT ( 'NONE',  ( -16.07787362757422400, -78.75818478260566735, 14.41188284895664573 ) ) ;
#6261 = CARTESIAN_POINT ( 'NONE',  ( -35.12436515703237205, 2.360039044286426524, -11.11974697359593023 ) ) ;
#6262 = DIRECTION ( 'NONE',  ( -1.000000000000000000, 0.000000000000000000, 0.000000000000000000 ) ) ;
#6263 = DIRECTION ( 'NONE',  ( -0.000000000000000000, -0.000000000000000000, -1.000000000000000000 ) ) ;
#6264 = CARTESIAN_POINT ( 'NONE',  ( -67.26345626343000106, -8.277358192858349284, 11.46691685915955716 ) ) ;
#6265 = VERTEX_POINT ( 'NONE', #8026 ) ;
#6266 = CARTESIAN_POINT ( 'NONE',  ( -59.94395217225940087, -4.707518683843368024, 7.189660626734410975 ) ) ;
#6267 = CARTESIAN_POINT ( 'NONE',  ( -53.08574825647089312, -64.54000234375922673, -11.11303223516177141 ) ) ;
#6268 = CARTESIAN_POINT ( 'NONE',  ( -1.632807228038441139, -44.26226313446382932, -7.206766748653822496 ) ) ;
#6269 = EDGE_CURVE ( 'NONE', #6044, #2664, #1900, .T. ) ;
#6270 = VERTEX_POINT ( 'NONE', #2455 ) ;
#6271 = EDGE_CURVE ( 'NONE', #8735, #7866, #6163, .T. ) ;
#6272 = DIRECTION ( 'NONE',  ( 1.000000000000000000, -1.685561272204183163E-15, 0.000000000000000000 ) ) ;
#6273 = ORIENTED_EDGE ( 'NONE', *, *, #6094, .T. ) ;
#6274 = CARTESIAN_POINT ( 'NONE',  ( -11.11989220389957644, -72.20902308195712749, -9.500426165010127377 ) ) ;
#6275 = CIRCLE ( 'NONE', #154, 4.999999999999976907 ) ;
#6276 = CARTESIAN_POINT ( 'NONE',  ( 8.622126372425734431, -78.75818478260570998, 24.41188284895663685 ) ) ;
#6277 = CARTESIAN_POINT ( 'NONE',  ( 4.157156158253481948, -11.75243498383229124, 5.236588079163225551 ) ) ;
#6278 = ORIENTED_EDGE ( 'NONE', *, *, #1585, .F. ) ;
#6279 = EDGE_CURVE ( 'NONE', #4083, #2129, #3980, .T. ) ;
#6280 = CARTESIAN_POINT ( 'NONE',  ( -9.923371996864498001, -73.73455158101181439, -9.238897769002141658 ) ) ;
#6281 = ORIENTED_EDGE ( 'NONE', *, *, #1624, .T. ) ;
#6282 = PLANE ( 'NONE',  #4139 ) ;
#6283 = ORIENTED_EDGE ( 'NONE', *, *, #8787, .T. ) ;
#6284 = FACE_BOUND ( 'NONE', #5948, .T. ) ;
#6285 = CARTESIAN_POINT ( 'NONE',  ( -61.63702023562473897, -14.72364740942139427, 1.411882848956637293 ) ) ;
#6286 = LINE ( 'NONE', #217, #5729 ) ;
#6287 = B_SPLINE_CURVE_WITH_KNOTS ( 'NONE', 3,
 ( #6768, #522, #4860, #7647, #6958, #8913, #7459, #2661, #6088, #6816, #2617, #8962, #5443, #8189, #2574, #8237, #4767, #7552, #4081, #2711, #5354, #8147, #4812, #7594, #1343, #4129, #6226, #869, #149, #3611, #4352, #8495, #8542, #3653, #5659, #8416 ),
 .UNSPECIFIED., .F., .F.,
 ( 4, 2, 2, 2, 2, 2, 2, 2, 2, 2, 2, 2, 2, 2, 2, 2, 2, 4 ),
 ( 0.000000000000000000, 0.06249999999999991673, 0.1249999999999999722, 0.1562499999999999167, 0.1875000000000000278, 0.2187499999999999722, 0.2499999999999999445, 0.3125000000000000000, 0.3750000000000000555, 0.4375000000000000000, 0.4687500000000000555, 0.5000000000000000000, 0.5312500000000000000, 0.5625000000000000000, 0.6250000000000000000, 0.7500000000000001110, 0.8750000000000000000, 1.000000000000000000 ),
 .UNSPECIFIED. ) ;
#6288 = ORIENTED_EDGE ( 'NONE', *, *, #1774, .F. ) ;
#6289 = EDGE_CURVE ( 'NONE', #2889, #5869, #3326, .T. ) ;
#6290 = CARTESIAN_POINT ( 'NONE',  ( -62.32133957773777411, -76.89584729640399985, -7.379513190967002423 ) ) ;
#6291 = CARTESIAN_POINT ( 'NONE',  ( 2.893278532087805832, -8.163961001798028860, 11.40885719679321220 ) ) ;
#6292 = CARTESIAN_POINT ( 'NONE',  ( -29.66093935255209146, 23.17508275385025840, -7.958796821486733286 ) ) ;
#6293 = DIRECTION ( 'NONE',  ( -0.000000000000000000, -0.000000000000000000, 1.000000000000000000 ) ) ;
#6294 = CARTESIAN_POINT ( 'NONE',  ( -3.052425463139137207, -11.64330504508102315, -2.649850468887889221 ) ) ;
#6295 = CARTESIAN_POINT ( 'NONE',  ( -54.66290473234555236, -71.74007343532669267, -10.75651190118860256 ) ) ;
#6296 = CARTESIAN_POINT ( 'NONE',  ( -12.67516449929956224, -64.22562152806651170, -9.822376446246169124 ) ) ;
#6297 = CARTESIAN_POINT ( 'NONE',  ( -8.917015066116878330, 5.774074471320858493, 6.693052721063466493 ) ) ;
#6298 = VECTOR ( 'NONE', #3228, 1000.000000000000000 ) ;
#6299 = ORIENTED_EDGE ( 'NONE', *, *, #2993, .T. ) ;
#6300 = CARTESIAN_POINT ( 'NONE',  ( -51.89755963173287512, -68.91475538976365556, -9.669270323375517506 ) ) ;
#6301 = CARTESIAN_POINT ( 'NONE',  ( 0.4904753673966831817, -7.876778132788770925, 26.41188284895664040 ) ) ;
#6302 = FACE_OUTER_BOUND ( 'NONE', #6445, .T. ) ;
#6303 = CARTESIAN_POINT ( 'NONE',  ( -23.99213066435764219, -5.038919981427170569, -10.71114756737293661 ) ) ;
#6304 = CARTESIAN_POINT ( 'NONE',  ( -33.28309716933885909, 27.99999999999999645, -6.665269986042799744 ) ) ;
#6305 = CIRCLE ( 'NONE', #931, 2.000000000000001776 ) ;
#6306 = CARTESIAN_POINT ( 'NONE',  ( -6.234935369089497748, -51.11445574823603266, -7.664220625879949900 ) ) ;
#6307 = CARTESIAN_POINT ( 'NONE',  ( -53.51924065562657518, -61.99805571218465161, -11.02532963859159132 ) ) ;
#6308 = CARTESIAN_POINT ( 'NONE',  ( -2.052685295160536327, -45.92554573194100698, -7.481794926890564135 ) ) ;
#6309 = CARTESIAN_POINT ( 'NONE',  ( -39.43176627283977353, -8.963762143119447856, -8.236523687742451472 ) ) ;
#6310 = ORIENTED_EDGE ( 'NONE', *, *, #3489, .T. ) ;
#6311 = CIRCLE ( 'NONE', #7328, 17.99999999999999645 ) ;
#6312 = ORIENTED_EDGE ( 'NONE', *, *, #266, .F. ) ;
#6313 = CARTESIAN_POINT ( 'NONE',  ( -16.07787362757422400, 28.00000000000000000, 14.41188284895664573 ) ) ;
#6314 = ORIENTED_EDGE ( 'NONE', *, *, #1694, .F. ) ;
#6315 = CARTESIAN_POINT ( 'NONE',  ( -12.07115603712018093, -69.82901591625160620, -9.707502498363380639 ) ) ;
#6316 = EDGE_CURVE ( 'NONE', #1218, #1314, #3413, .T. ) ;
#6317 = VECTOR ( 'NONE', #3962, 1000.000000000000000 ) ;
#6318 = DIRECTION ( 'NONE',  ( -1.000000000000000000, 0.000000000000000000, 0.000000000000000000 ) ) ;
#6319 = CARTESIAN_POINT ( 'NONE',  ( 4.692215219634115364, -11.37808844588712276, 6.597029495191645054 ) ) ;
#6320 = ORIENTED_EDGE ( 'NONE', *, *, #2707, .F. ) ;
#6321 = CARTESIAN_POINT ( 'NONE',  ( -6.388881611092072532, -74.76640210452968915, -9.715774366805971951 ) ) ;
#6322 = ORIENTED_EDGE ( 'NONE', *, *, #2866, .F. ) ;
#6323 = CARTESIAN_POINT ( 'NONE',  ( -62.05708396376525116, -24.31985779060777730, -7.548601421004994982 ) ) ;
#6324 = EDGE_LOOP ( 'NONE', ( #8973, #6874, #4101, #1345 ) ) ;
#6325 = CARTESIAN_POINT ( 'NONE',  ( -45.64044230974505467, 28.62585115596975527, 14.41188284895664573 ) ) ;
#6326 = EDGE_CURVE ( 'NONE', #5504, #3216, #8846, .T. ) ;
#6327 = CARTESIAN_POINT ( 'NONE',  ( -55.71023000121841307, -75.12873473413748115, -8.809799651998233117 ) ) ;
#6328 = DIRECTION ( 'NONE',  ( 1.000000000000000000, 0.000000000000000000, 0.000000000000000000 ) ) ;
#6329 = ADVANCED_FACE ( 'NONE', ( #5282 ), #4742, .T. ) ;
#6330 = AXIS2_PLACEMENT_3D ( 'NONE', #8264, #2012, #4797 ) ;
#6331 = ORIENTED_EDGE ( 'NONE', *, *, #7327, .T. ) ;
#6332 = CARTESIAN_POINT ( 'NONE',  ( -60.65718158236148838, -77.95594080035917273, -6.628652194845667367 ) ) ;
#6333 = CARTESIAN_POINT ( 'NONE',  ( 4.254963265543603157, -9.143598723538366002, 13.14197660398418144 ) ) ;
#6334 = CARTESIAN_POINT ( 'NONE',  ( -34.11775585483552220, 23.46835212666935888, -7.980037630314703812 ) ) ;
#6335 = CARTESIAN_POINT ( 'NONE',  ( -33.75800448670126741, -94.85808688002525457, 8.411882848956651060 ) ) ;
#6336 = CARTESIAN_POINT ( 'NONE',  ( -2.236740720073451261, -24.33344045150156632, -7.597729592812954458 ) ) ;
#6337 = EDGE_CURVE ( 'NONE', #8318, #5904, #4416, .T. ) ;
#6338 =( BOUNDED_CURVE ( )  B_SPLINE_CURVE ( 3, ( #3119, #5905, #4085, #1307 ),
 .UNSPECIFIED., .F., .F. ) 
 B_SPLINE_CURVE_WITH_KNOTS ( ( 4, 4 ),
 ( 3.141592653589793116, 3.942952257851871423 ),
 .UNSPECIFIED. ) 
 CURVE ( )  GEOMETRIC_REPRESENTATION_ITEM ( )  RATIONAL_B_SPLINE_CURVE ( ( 1.000000000000000000, 0.9471973691859504330, 0.9471973691859504330, 1.000000000000000000 ) ) 
 REPRESENTATION_ITEM ( '' )  );
#6339 = AXIS2_PLACEMENT_3D ( 'NONE', #7337, #1089, #6649 ) ;
#6340 = CARTESIAN_POINT ( 'NONE',  ( 0.9305552620696004862, -6.625291294252974694, 14.83156911034304670 ) ) ;
#6341 = CARTESIAN_POINT ( 'NONE',  ( -8.964183218357582916, 5.688242009896054441, 6.489251671793182297 ) ) ;
#6342 = ORIENTED_EDGE ( 'NONE', *, *, #3807, .T. ) ;
#6343 = CARTESIAN_POINT ( 'NONE',  ( -51.56562181283581481, -66.95430154280344937, -9.730505661017682328 ) ) ;
#6344 = DIRECTION ( 'NONE',  ( -0.000000000000000000, -0.000000000000000000, 1.000000000000000000 ) ) ;
#6345 = CARTESIAN_POINT ( 'NONE',  ( -35.58015881070917885, 2.997112249278384155, -10.98146532702942935 ) ) ;
#6346 = CARTESIAN_POINT ( 'NONE',  ( -26.52182084515409244, -5.425610511049451468, -11.24263612206087437 ) ) ;
#6347 = AXIS2_PLACEMENT_3D ( 'NONE', #6204, #592, #5470 ) ;
#6348 = APPLICATION_PROTOCOL_DEFINITION ( 'draft international standard', 'automotive_design', 1998, #6246 ) ;
#6349 = CARTESIAN_POINT ( 'NONE',  ( -32.78168220840516511, 16.05480307395732709, -9.880817765986222412 ) ) ;
#6350 = EDGE_CURVE ( 'NONE', #2985, #4908, #1231, .T. ) ;
#6351 = CARTESIAN_POINT ( 'NONE',  ( -7.002143967764793864, -52.52970599655879624, -8.050668893229319778 ) ) ;
#6352 = CARTESIAN_POINT ( 'NONE',  ( -15.84624179439621550, -79.31036231487702537, 25.96091318491692945 ) ) ;
#6353 = CARTESIAN_POINT ( 'NONE',  ( -29.95800448670241067, 5.000000000000024869, 26.41188284895664395 ) ) ;
#6354 = ORIENTED_EDGE ( 'NONE', *, *, #2636, .T. ) ;
#6355 = FACE_BOUND ( 'NONE', #8685, .T. ) ;
#6356 = LINE ( 'NONE', #2729, #4016 ) ;
#6357 = B_SPLINE_CURVE_WITH_KNOTS ( 'NONE', 3,
 ( #5483, #7588, #562, #3432, #6760, #4761 ),
 .UNSPECIFIED., .F., .F.,
 ( 4, 2, 4 ),
 ( 0.000000000000000000, 0.4785796984357398864, 1.000000000000000000 ),
 .UNSPECIFIED. ) ;
#6358 = ORIENTED_EDGE ( 'NONE', *, *, #4152, .T. ) ;
#6359 = CARTESIAN_POINT ( 'NONE',  ( -12.10709713463632831, -61.20258429165720315, -9.714706858152936775 ) ) ;
#6360 = DIRECTION ( 'NONE',  ( -0.000000000000000000, -0.000000000000000000, 1.000000000000000000 ) ) ;
#6361 = CARTESIAN_POINT ( 'NONE',  ( -32.10800448670126883, -94.85808688002525457, 8.411882848956651060 ) ) ;
#6362 = ORIENTED_EDGE ( 'NONE', *, *, #2933, .T. ) ;
#6363 = CARTESIAN_POINT ( 'NONE',  ( -9.209346885910026259, -74.48290312705158556, -9.032678436972419789 ) ) ;
#6364 = ORIENTED_EDGE ( 'NONE', *, *, #8443, .F. ) ;
#6365 = CARTESIAN_POINT ( 'NONE',  ( -61.87516640483588048, -27.47449488090803982, -7.662859020411601385 ) ) ;
#6366 = ORIENTED_EDGE ( 'NONE', *, *, #2369, .F. ) ;
#6367 = CARTESIAN_POINT ( 'NONE',  ( -63.65768176962007630, -17.94539907118630850, -6.703166171866137724 ) ) ;
#6368 = VECTOR ( 'NONE', #2511, 1000.000000000000000 ) ;
#6369 = CARTESIAN_POINT ( 'NONE',  ( -62.43796414337872847, -15.40154480489094269, 1.411882848956637293 ) ) ;
#6370 = CARTESIAN_POINT ( 'NONE',  ( -74.13813534582835985, -22.21112135110119112, 14.41188284895664573 ) ) ;
#6371 = EDGE_LOOP ( 'NONE', ( #6833, #2725, #6314, #1541, #7003, #3212 ) ) ;
#6372 = CARTESIAN_POINT ( 'NONE',  ( -59.39325811404518873, -75.72919344386984619, -9.027671063875240876 ) ) ;
#6373 = AXIS2_PLACEMENT_3D ( 'NONE', #5170, #7916, #1797 ) ;
#6374 = EDGE_CURVE ( 'NONE', #3048, #38, #7630, .T. ) ;
#6375 = ADVANCED_FACE ( 'NONE', ( #6148 ), #2683, .F. ) ;
#6376 = CARTESIAN_POINT ( 'NONE',  ( -35.90820822453312644, 21.27530357047524845, -8.000886486865157465 ) ) ;
#6377 = CARTESIAN_POINT ( 'NONE',  ( -51.53123164752749119, -2.258506430399188858, -1.856357737921053630 ) ) ;
#6378 = CARTESIAN_POINT ( 'NONE',  ( -48.14574516126552339, -78.49685508475837992, 26.36352544759565220 ) ) ;
#6379 = CARTESIAN_POINT ( 'NONE',  ( -33.93300448670127878, -22.17822028544098245, 1.411882848956637293 ) ) ;
#6380 = DIRECTION ( 'NONE',  ( 1.780377182154265206E-15, 1.000000000000000000, 0.000000000000000000 ) ) ;
#6381 = CARTESIAN_POINT ( 'NONE',  ( -63.12625665901136784, -35.67051925774638477, -6.833307381338513231 ) ) ;
#6382 = ORIENTED_EDGE ( 'NONE', *, *, #1856, .F. ) ;
#6383 = EDGE_CURVE ( 'NONE', #1027, #3720, #3399, .T. ) ;
#6384 = CARTESIAN_POINT ( 'NONE',  ( -53.90467219638091478, -73.61245553585406753, -9.212999798964343512 ) ) ;
#6385 = CARTESIAN_POINT ( 'NONE',  ( -66.26786712012895464, -7.556979414380255555, 11.31269238314665948 ) ) ;
#6386 = CARTESIAN_POINT ( 'NONE',  ( -32.10800448670126883, -38.00442471284927848, 18.41188284895663685 ) ) ;
#6387 = CARTESIAN_POINT ( 'NONE',  ( -21.41748475151017317, -4.292113711493104944, -9.845008649666924683 ) ) ;
#6388 =( NAMED_UNIT ( * ) PLANE_ANGLE_UNIT ( ) SI_UNIT ( $, .RADIAN. ) );
#6389 = CARTESIAN_POINT ( 'NONE',  ( -44.68515999990541587, -71.48596535551243392, 8.411882848956651060 ) ) ;
#6390 = CARTESIAN_POINT ( 'NONE',  ( -44.93356296991329657, -78.75818478260570998, 8.411882848956651060 ) ) ;
#6391 = CARTESIAN_POINT ( 'NONE',  ( -8.152520783328162324, -54.35091486158290053, -8.563443328210249561 ) ) ;
#6392 = ORIENTED_EDGE ( 'NONE', *, *, #5442, .T. ) ;
#6393 = CARTESIAN_POINT ( 'NONE',  ( -16.16036006698069016, -78.15850799683869354, 26.41188284895664040 ) ) ;
#6394 = CARTESIAN_POINT ( 'NONE',  ( -45.32560885246188320, -7.088910275912648551, -6.409039566769064500 ) ) ;
#6395 = VERTEX_POINT ( 'NONE', #2004 ) ;
#6396 = EDGE_CURVE ( 'NONE', #5728, #8593, #4790, .T. ) ;
#6397 = ORIENTED_EDGE ( 'NONE', *, *, #7682, .T. ) ;
#6398 = LINE ( 'NONE', #1517, #8377 ) ;
#6399 = CARTESIAN_POINT ( 'NONE',  ( -66.47584000977293783, 27.99999999999999645, 15.31269238314865611 ) ) ;
#6400 = EDGE_LOOP ( 'NONE', ( #8877, #7644, #3851, #4548 ) ) ;
#6401 = CARTESIAN_POINT ( 'NONE',  ( -7.401751563117784372, -76.91558827260739406, -8.360159403982910575 ) ) ;
#6402 = CARTESIAN_POINT ( 'NONE',  ( -72.83813534582839111, -78.75818478260555366, 14.41188284895664573 ) ) ;
#6403 = CARTESIAN_POINT ( 'NONE',  ( -55.80832839764624964, -73.04751547536174883, -10.43217441937780166 ) ) ;
#6404 = ORIENTED_EDGE ( 'NONE', *, *, #636, .F. ) ;
#6405 = CARTESIAN_POINT ( 'NONE',  ( -8.186624067157541873, -75.39204506136728412, -8.701047886400028020 ) ) ;
#6406 = EDGE_LOOP ( 'NONE', ( #4487, #6137 ) ) ;
#6407 = CARTESIAN_POINT ( 'NONE',  ( -62.01511989496916044, -24.60496495374055925, -7.575197971443243361 ) ) ;
#6408 = ORIENTED_EDGE ( 'NONE', *, *, #6420, .F. ) ;
#6409 = CARTESIAN_POINT ( 'NONE',  ( -7.944091458679065632, -56.97170306023298281, -10.28308804855532266 ) ) ;
#6410 = AXIS2_PLACEMENT_3D ( 'NONE', #638, #2550, #6155 ) ;
#6411 = CARTESIAN_POINT ( 'NONE',  ( -63.15468655240056961, -16.17809412273863146, 1.411882848956637293 ) ) ;
#6412 = CARTESIAN_POINT ( 'NONE',  ( -27.50890963510671483, -5.488507511776287373, -11.37902689481929563 ) ) ;
#6413 = ORIENTED_EDGE ( 'NONE', *, *, #5660, .T. ) ;
#6414 = CARTESIAN_POINT ( 'NONE',  ( -61.24331263335699305, -78.14248680501241040, -6.289943388971252602 ) ) ;
#6415 = CARTESIAN_POINT ( 'NONE',  ( -31.06800808953492776, 23.87130933574799130, -8.021134633589200646 ) ) ;
#6416 = VERTEX_POINT ( 'NONE', #1320 ) ;
#6417 = CARTESIAN_POINT ( 'NONE',  ( -21.28244600348924820, -121.6230729217454041, 8.411882848956651060 ) ) ;
#6418 = DIRECTION ( 'NONE',  ( 0.000000000000000000, 0.6325553371592734786, -0.7745151679801486333 ) ) ;
#6419 = CARTESIAN_POINT ( 'NONE',  ( -23.27106981855196821, -47.01477879752984279, 1.411882848956637293 ) ) ;
#6420 = EDGE_CURVE ( 'NONE', #1160, #7508, #2990, .T. ) ;
#6421 = ADVANCED_FACE ( 'NONE', ( #4195 ), #6976, .F. ) ;
#6422 = CARTESIAN_POINT ( 'NONE',  ( -2.208248705193823103, -17.82940096002512931, -4.044075895397680753 ) ) ;
#6423 = DIRECTION ( 'NONE',  ( 0.7061456181296978940, -0.7080666395165265969, 0.000000000000000000 ) ) ;
#6424 = ORIENTED_EDGE ( 'NONE', *, *, #2169, .F. ) ;
#6425 = CARTESIAN_POINT ( 'NONE',  ( -52.48789447787263640, -70.82704216547672615, -9.550544587014789144 ) ) ;
#6426 = DIRECTION ( 'NONE',  ( 1.000000000000000000, 0.000000000000000000, 0.000000000000000000 ) ) ;
#6427 = CARTESIAN_POINT ( 'NONE',  ( -67.68400721873840098, -8.400995888566784586, 14.91524951909309138 ) ) ;
#6428 = CARTESIAN_POINT ( 'NONE',  ( -21.77581176355418080, -4.418345802743861128, -9.987957225979062770 ) ) ;
#6429 = FILL_AREA_STYLE ('',( #8451 ) ) ;
#6430 = CARTESIAN_POINT ( 'NONE',  ( -34.78724526862071542, 17.01876053072398065, -9.349406756178879618 ) ) ;
#6431 = DIRECTION ( 'NONE',  ( 0.000000000000000000, 0.000000000000000000, -1.000000000000000000 ) ) ;
#6432 = EDGE_CURVE ( 'NONE', #7828, #8698, #8342, .T. ) ;
#6433 = ADVANCED_FACE ( 'NONE', ( #8349 ), #1412, .F. ) ;
#6434 = CARTESIAN_POINT ( 'NONE',  ( -62.05708396376524405, -24.31985779060778086, -7.548601421004996759 ) ) ;
#6435 = ORIENTED_EDGE ( 'NONE', *, *, #7167, .T. ) ;
#6436 = AXIS2_PLACEMENT_3D ( 'NONE', #8588, #111, #870 ) ;
#6437 = CARTESIAN_POINT ( 'NONE',  ( -53.09466872639075063, -66.52302852910703734, -11.11130490012357441 ) ) ;
#6438 = CARTESIAN_POINT ( 'NONE',  ( -25.30956760332031052, -42.41120161574383474, -13.22822741526793955 ) ) ;
#6439 = ORIENTED_EDGE ( 'NONE', *, *, #462, .F. ) ;
#6440 = ORIENTED_EDGE ( 'NONE', *, *, #6104, .F. ) ;
#6441 = CARTESIAN_POINT ( 'NONE',  ( -58.44017546463244628, -50.16601959383462628, -7.346564138675322653 ) ) ;
#6442 = CIRCLE ( 'NONE', #5136, 1.825000000000000178 ) ;
#6443 = FACE_OUTER_BOUND ( 'NONE', #4574, .T. ) ;
#6444 = AXIS2_PLACEMENT_3D ( 'NONE', #3342, #8321, #8227 ) ;
#6445 = EDGE_LOOP ( 'NONE', ( #7953, #6455, #7051, #1081 ) ) ;
#6446 = CARTESIAN_POINT ( 'NONE',  ( -2.023740448073646725, -79.82646225124028661, -5.622636395814021526 ) ) ;
#6447 = EDGE_CURVE ( 'NONE', #5713, #5253, #3822, .T. ) ;
#6448 = CARTESIAN_POINT ( 'NONE',  ( -1.997204310741748090, -30.13549682847776268, -7.445285541681296415 ) ) ;
#6449 = DIRECTION ( 'NONE',  ( 0.000000000000000000, 0.000000000000000000, -1.000000000000000000 ) ) ;
#6450 = AXIS2_PLACEMENT_3D ( 'NONE', #5003, #8434, #804 ) ;
#6451 = ORIENTED_EDGE ( 'NONE', *, *, #4818, .F. ) ;
#6452 = CARTESIAN_POINT ( 'NONE',  ( -3.091252177522525013, -78.10627462286200284, -6.359555588124991665 ) ) ;
#6453 = VERTEX_POINT ( 'NONE', #5556 ) ;
#6454 = CARTESIAN_POINT ( 'NONE',  ( -48.36976717900618183, -79.31036231487702537, 25.96091318491692945 ) ) ;
#6455 = ORIENTED_EDGE ( 'NONE', *, *, #7402, .T. ) ;
#6456 = DIRECTION ( 'NONE',  ( -0.8583439052881717268, 0.5130747901180198189, 0.000000000000000000 ) ) ;
#6457 = VECTOR ( 'NONE', #5469, 1000.000000000000000 ) ;
#6458 = CARTESIAN_POINT ( 'NONE',  ( 0.5146795579649274810, -6.473904137018839045, 12.32808809576319753 ) ) ;
#6459 = CARTESIAN_POINT ( 'NONE',  ( -39.73660816274148999, -43.98182396148199302, -13.22822741526793955 ) ) ;
#6460 = ORIENTED_EDGE ( 'NONE', *, *, #7274, .T. ) ;
#6461 = CARTESIAN_POINT ( 'NONE',  ( -53.57030658197615480, -72.85357934457140061, -9.426972075261662809 ) ) ;
#6462 = CARTESIAN_POINT ( 'NONE',  ( -40.89266926198963148, -8.679527753298705406, -7.919682224218030697 ) ) ;
#6463 = ORIENTED_EDGE ( 'NONE', *, *, #7498, .T. ) ;
#6464 = CIRCLE ( 'NONE', #6330, 1.825000000000000178 ) ;
#6465 = DIRECTION ( 'NONE',  ( 0.000000000000000000, -0.000000000000000000, 1.000000000000000000 ) ) ;
#6466 = CARTESIAN_POINT ( 'NONE',  ( -16.10800448670127949, -38.17822028544185997, -13.22822741526793955 ) ) ;
#6467 = CARTESIAN_POINT ( 'NONE',  ( -4.176398033651128827, -29.77046063785038754, -6.414965585104460466 ) ) ;
#6468 = CARTESIAN_POINT ( 'NONE',  ( -2.153247693921619632, -17.72214487368711033, -3.965186075903579965 ) ) ;
#6469 = CARTESIAN_POINT ( 'NONE',  ( -54.77168180351621629, -56.09745459949871815, -8.968493760838997630 ) ) ;
#6470 = CIRCLE ( 'NONE', #4444, 28.99999999999831246 ) ;
#6471 = CARTESIAN_POINT ( 'NONE',  ( -63.17920446246402832, -36.53132531759776924, -6.795820905114869248 ) ) ;
#6472 = ORIENTED_EDGE ( 'NONE', *, *, #4771, .F. ) ;
#6473 = DIRECTION ( 'NONE',  ( -1.000000000000000000, 0.000000000000000000, 0.000000000000000000 ) ) ;
#6474 = DIRECTION ( 'NONE',  ( -1.000000000000000000, 0.000000000000000000, 0.000000000000000000 ) ) ;
#6475 = DIRECTION ( 'NONE',  ( -1.000000000000000000, 0.000000000000000000, 0.000000000000000000 ) ) ;
#6476 = CARTESIAN_POINT ( 'NONE',  ( 1.283458269007731634, -78.75818478260569577, -3.157242194047721995 ) ) ;
#6477 = DIRECTION ( 'NONE',  ( 1.000000000000000000, 0.000000000000000000, 0.000000000000000000 ) ) ;
#6478 = CARTESIAN_POINT ( 'NONE',  ( -60.75460652203669554, -3.999999999999998224, 25.11188284895660061 ) ) ;
#6479 = DIRECTION ( 'NONE',  ( 0.000000000000000000, 0.000000000000000000, -1.000000000000000000 ) ) ;
#6480 = ORIENTED_EDGE ( 'NONE', *, *, #5172, .T. ) ;
#6481 = CARTESIAN_POINT ( 'NONE',  ( -26.85004773777063392, 22.45057007313937447, -7.389679183979110277 ) ) ;
#6482 = CARTESIAN_POINT ( 'NONE',  ( -43.10943089806406192, -8.033647359831975976, -7.283561334242374841 ) ) ;
#6483 = ORIENTED_EDGE ( 'NONE', *, *, #4098, .T. ) ;
#6484 = VECTOR ( 'NONE', #3022, 1000.000000000000000 ) ;
#6485 = DIRECTION ( 'NONE',  ( 0.7081071009650039549, 0.7061050442837367713, 0.000000000000000000 ) ) ;
#6486 = EDGE_CURVE ( 'NONE', #8608, #7067, #2137, .T. ) ;
#6487 = CARTESIAN_POINT ( 'NONE',  ( -11.28244600348922511, -74.75818478260566735, 2.411882848956650172 ) ) ;
#6488 = ADVANCED_FACE ( 'NONE', ( #3586 ), #4529, .T. ) ;
#6489 = DIRECTION ( 'NONE',  ( 1.000000000000000000, 0.000000000000000000, 0.000000000000000000 ) ) ;
#6490 = VERTEX_POINT ( 'NONE', #4236 ) ;
#6491 = CARTESIAN_POINT ( 'NONE',  ( -30.28300448670128020, -54.17822028544186708, -13.22822741526793955 ) ) ;
#6492 = CIRCLE ( 'NONE', #7072, 1.824999999999993294 ) ;
#6493 = CARTESIAN_POINT ( 'NONE',  ( 2.197212579354177020, -77.45818478260561335, -4.081932985784846757 ) ) ;
#6494 = CARTESIAN_POINT ( 'NONE',  ( -2.104485657089750550, -24.31035545154559330, -7.514002050547856193 ) ) ;
#6495 = DIRECTION ( 'NONE',  ( 0.000000000000000000, 1.000000000000000000, 0.000000000000000000 ) ) ;
#6496 = ORIENTED_EDGE ( 'NONE', *, *, #55, .F. ) ;
#6497 = CARTESIAN_POINT ( 'NONE',  ( -2.873172302247863019, -78.17096159677295475, -6.230032546854765485 ) ) ;
#6498 = VERTEX_POINT ( 'NONE', #8472 ) ;
#6499 = DIRECTION ( 'NONE',  ( 0.000000000000000000, 0.000000000000000000, -1.000000000000000000 ) ) ;
#6500 = EDGE_CURVE ( 'NONE', #2591, #6635, #6149, .T. ) ;
#6501 = EDGE_LOOP ( 'NONE', ( #256, #6618, #6342, #7422 ) ) ;
#6502 = CARTESIAN_POINT ( 'NONE',  ( -11.04965600650218072, -66.21588491798164000, -11.09727399079342725 ) ) ;
#6503 = CARTESIAN_POINT ( 'NONE',  ( -62.24558507257642503, -30.58194777042506374, -7.428580861944316993 ) ) ;
#6504 = CARTESIAN_POINT ( 'NONE',  ( -21.77581176355418080, -4.418345802743861128, -9.987957225979062770 ) ) ;
#6505 = EDGE_LOOP ( 'NONE', ( #2085, #8389 ) ) ;
#6506 = DIRECTION ( 'NONE',  ( -0.000000000000000000, -0.000000000000000000, 1.000000000000000000 ) ) ;
#6507 = EDGE_CURVE ( 'NONE', #6655, #6987, #6592, .T. ) ;
#6508 = CARTESIAN_POINT ( 'NONE',  ( -41.50925163580170363, -8.526701151334142637, -7.762791287428992604 ) ) ;
#6509 = ORIENTED_EDGE ( 'NONE', *, *, #1523, .T. ) ;
#6510 = CARTESIAN_POINT ( 'NONE',  ( -62.86530283263648755, -33.39059594853609525, -7.015659822757157826 ) ) ;
#6511 = CARTESIAN_POINT ( 'NONE',  ( -7.372251942331456753, -76.01880315309918501, -1.396679233059327840 ) ) ;
#6512 = DIRECTION ( 'NONE',  ( 1.000000000000000000, 0.000000000000000000, 0.000000000000000000 ) ) ;
#6513 = DIRECTION ( 'NONE',  ( -0.000000000000000000, -0.000000000000000000, -1.000000000000000000 ) ) ;
#6514 = CIRCLE ( 'NONE', #4925, 4.000000000020695445 ) ;
#6515 = CIRCLE ( 'NONE', #1132, 3.500000000000003109 ) ;
#6516 = CARTESIAN_POINT ( 'NONE',  ( -0.9543988493417584484, -37.37806865225820729, -6.737124942074107281 ) ) ;
#6517 = CARTESIAN_POINT ( 'NONE',  ( -9.604247496941040296, 3.578338240612083165, 4.153322462107644775 ) ) ;
#6518 = ORIENTED_EDGE ( 'NONE', *, *, #5595, .F. ) ;
#6519 = CYLINDRICAL_SURFACE ( 'NONE', #7616, 1.825000000000000178 ) ;
#6520 = DIRECTION ( 'NONE',  ( -1.000000000000000000, 0.000000000000000000, 0.000000000000000000 ) ) ;
#6521 = CARTESIAN_POINT ( 'NONE',  ( -13.57263124156802725, -3.238494133290078292, -2.821384458666605699 ) ) ;
#6522 = CARTESIAN_POINT ( 'NONE',  ( -66.57937556913876165, -13.98527112699968278, -0.2501661401582300770 ) ) ;
#6523 = FACE_OUTER_BOUND ( 'NONE', #7737, .T. ) ;
#6524 = CARTESIAN_POINT ( 'NONE',  ( -22.88977217426320010, -120.0157467509695408, -1.588117151037649277 ) ) ;
#6525 = ORIENTED_EDGE ( 'NONE', *, *, #3107, .T. ) ;
#6526 = DIRECTION ( 'NONE',  ( -0.000000000000000000, -0.000000000000000000, 1.000000000000000000 ) ) ;
#6527 = CARTESIAN_POINT ( 'NONE',  ( -3.188026065459993674, -40.17498399246122887, -5.742788323534618655 ) ) ;
#6528 = VERTEX_POINT ( 'NONE', #7144 ) ;
#6529 = CARTESIAN_POINT ( 'NONE',  ( -1.841725189809460872, -15.29030708685649564, 1.411882848956637293 ) ) ;
#6530 = CARTESIAN_POINT ( 'NONE',  ( 1.933406357294711553, -14.65237639206761955, -1.255558999757446337 ) ) ;
#6531 = CARTESIAN_POINT ( 'NONE',  ( 2.278264545708268862, -65.45591833397313053, 108.4362694665913835 ) ) ;
#6532 = LINE ( 'NONE', #5847, #3116 ) ;
#6533 = ORIENTED_EDGE ( 'NONE', *, *, #350, .F. ) ;
#6534 = CYLINDRICAL_SURFACE ( 'NONE', #1977, 1.825000000000000178 ) ;
#6535 = CARTESIAN_POINT ( 'NONE',  ( -31.86084752820515931, -78.35807002814783573, 26.38726753470188413 ) ) ;
#6536 = EDGE_CURVE ( 'NONE', #6122, #7663, #3633, .T. ) ;
#6537 = EDGE_CURVE ( 'NONE', #1603, #3404, #8517, .T. ) ;
#6538 = CARTESIAN_POINT ( 'NONE',  ( -10.22954579965677979, -60.85888156904388779, -10.92189136509121283 ) ) ;
#6539 = DIRECTION ( 'NONE',  ( -1.000000000000000000, 0.000000000000000000, 0.000000000000000000 ) ) ;
#6540 = VERTEX_POINT ( 'NONE', #3073 ) ;
#6541 = PLANE ( 'NONE',  #623 ) ;
#6542 = ORIENTED_EDGE ( 'NONE', *, *, #4258, .T. ) ;
#6543 = FACE_OUTER_BOUND ( 'NONE', #2281, .T. ) ;
#6544 = EDGE_LOOP ( 'NONE', ( #244, #7512 ) ) ;
#6545 = CARTESIAN_POINT ( 'NONE',  ( -10.70491974368246346, -68.51627038521458246, -11.02691899101908390 ) ) ;
#6546 = CARTESIAN_POINT ( 'NONE',  ( 0.3235715006228357393, -6.320706253499357885, 12.79538235264916146 ) ) ;
#6547 = EDGE_CURVE ( 'NONE', #1122, #2802, #6595, .T. ) ;
#6548 = ORIENTED_EDGE ( 'NONE', *, *, #1052, .F. ) ;
#6549 = CARTESIAN_POINT ( 'NONE',  ( -57.63102236767961273, -76.52984325639810947, -8.095512438873115002 ) ) ;
#6550 = B_SPLINE_CURVE_WITH_KNOTS ( 'NONE', 3,
 ( #1298, #6810, #3344, #1928, #4669, #7638 ),
 .UNSPECIFIED., .F., .F.,
 ( 4, 2, 4 ),
 ( 5.421010862427522170E-19, 0.002853425947362221368, 0.005706851894724442736 ),
 .UNSPECIFIED. ) ;
#6551 = CARTESIAN_POINT ( 'NONE',  ( -51.53123164752749119, -2.258506430399188858, -1.856357737921053630 ) ) ;
#6552 = ORIENTED_EDGE ( 'NONE', *, *, #2772, .T. ) ;
#6553 = CARTESIAN_POINT ( 'NONE',  ( -63.04359320493107788, -41.15378129155320863, -6.891381603974207515 ) ) ;
#6554 = DIRECTION ( 'NONE',  ( -1.000000000000000000, 0.000000000000000000, 0.000000000000000000 ) ) ;
#6555 = CARTESIAN_POINT ( 'NONE',  ( -4.188107605853433668, -24.11526406937159805, -6.421896420258782712 ) ) ;
#6556 = B_SPLINE_SURFACE_WITH_KNOTS ( 'NONE', 1, 3, ( 
 ( #4843, #5475, #4660, #2014, #1377, #3470, #5427, #7440, #8221, #4161, #4066, #1194, #8854, #5524, #4753, #1241, #7537, #7490, #505, #7627, #1918, #4018, #6802, #3968, #596, #1289, #2059, #8266, #6255, #6210, #6940, #3285, #6752, #6073, #3377, #2788, #6161, #4799, #7580, #1329, #645, #4111, #6890, #3423, #4207, #54, #6295, #1422, #731, #5565, #8361, #6984, #3511, #2106, #4890, #7680, #5390, #6759, #2652, #653, #4072, #8952, #1247, #8995, #2608, #2065, #601, #4759, #6215, #6849, #2698, #1884, #2750, #460, #5481, #8181, #3384, #7542, #6807, #3975, #1334, #5528, #1200, #7450, #8812, #6168, #8320, #6123, #4117, #3430, #560, #1155, #1925, #8272, #7586, #2020 ),
 ( #8861, #3928, #7403, #4804, #6897, #2564, #512, #6711, #3341, #3239, #4024, #3293, #6026, #5346, #8137, #4667, #6079, #4711, #7496, #8905, #5434, #8226, #1971, #1295, #1427, #3645, #2111, #5737, #3600, #8532, #1551, #4248, #5614, #7027, #7635, #5018, #775, #1385, #7806, #4295, #2189, #6384, #5572, #6259, #694, #736, #7761, #6989, #2793, #4895, #6425, #2836, #4168, #5652, #4212, #6948, #8447, #7723, #6300, #1504, #3558, #3516, #861, #6343, #4341, #4971, #3477, #7068, #7115, #184, #60, #18, #820, #141, #8410, #2152, #2959, #4849, #8366, #2917, #5689, #7687, #4936, #1462, #102, #2877, #8485, #2236, #396, #1766, #6689, #4689, #8113, #3952, #5276, #4001 ) ),
 .UNSPECIFIED., .F., .F., .F.,
 ( 2, 2 ),
 ( 4, 2, 2, 2, 2, 2, 2, 2, 2, 2, 2, 2, 2, 2, 2, 2, 2, 2, 2, 2, 2, 2, 2, 2, 2, 2, 2, 2, 2, 2, 2, 2, 2, 2, 2, 2, 2, 2, 2, 2, 2, 2, 2, 2, 2, 2, 2, 4 ),
 ( 0.000000000000000000, 1.000000000000000000 ),
 ( 0.000000000000000000, 0.0009082983039100874000, 0.001816596607820174800, 0.002270745759775218663, 0.002724894911730262308, 0.003179044063685305954, 0.003633193215640349600, 0.004541491519550437325, 0.005449789823460524617, 0.005903938975415568696, 0.006358088127370611908, 0.006812237279325655120, 0.007266386431280699200, 0.007720535583235743279, 0.008174684735190786491, 0.009082983039100874650, 0.009991281343010961075, 0.01089957964692104923, 0.01112665422289857084, 0.01135372879887609418, 0.01180787795083113739, 0.01226202710278618060, 0.01271617625474122382, 0.01362447455865131024, 0.01453277286256139840, 0.01498692201451644335, 0.01544107116647148656, 0.01589522031842652977, 0.01634936947038157298, 0.01680351862233661620, 0.01725766777429166288, 0.01816596607820174930, 0.01907426438211183573, 0.01952841353406687894, 0.01998256268602192215, 0.02043671183797696536, 0.02089086098993200857, 0.02134501014188705525, 0.02179915929384209847, 0.02270745759775218836, 0.02361575590166227478, 0.02406990505361731800, 0.02452405420557236121, 0.02497820335752740442, 0.02543235250948244763, 0.02634065081339253406, 0.02724894911730262048, 0.02906554572512279680 ),
 .UNSPECIFIED. ) ;
#6557 = ADVANCED_FACE ( 'NONE', ( #2400 ), #2988, .F. ) ;
#6558 = CARTESIAN_POINT ( 'NONE',  ( -1.543114175524561427, -21.53302855029437879, -6.922477607397319765 ) ) ;
#6559 = DIRECTION ( 'NONE',  ( 1.000000000000000000, 0.000000000000000000, 0.000000000000000000 ) ) ;
#6560 = DIRECTION ( 'NONE',  ( -1.000000000000000000, 0.000000000000000000, 0.000000000000000000 ) ) ;
#6561 = VERTEX_POINT ( 'NONE', #941 ) ;
#6562 = B_SPLINE_CURVE_WITH_KNOTS ( 'NONE', 3,
 ( #7784, #1525, #8340, #4315, #1404, #7048 ),
 .UNSPECIFIED., .F., .F.,
 ( 4, 2, 4 ),
 ( 0.002372725116254803968, 0.003053217490639095755, 0.003733709865023387107 ),
 .UNSPECIFIED. ) ;
#6563 = LINE ( 'NONE', #4609, #8919 ) ;
#6564 = CARTESIAN_POINT ( 'NONE',  ( -67.54745995645494361, -8.287716794607826287, 15.00912874359833005 ) ) ;
#6565 = DIRECTION ( 'NONE',  ( 0.000000000000000000, 0.000000000000000000, -1.000000000000000000 ) ) ;
#6566 = CARTESIAN_POINT ( 'NONE',  ( -61.08710142023119261, -36.86950342534582603, -5.643858141342377621 ) ) ;
#6567 = CARTESIAN_POINT ( 'NONE',  ( -53.42744232610563415, -72.66672119500093174, -9.419679750660062467 ) ) ;
#6568 = LINE ( 'NONE', #1053, #6579 ) ;
#6569 = ORIENTED_EDGE ( 'NONE', *, *, #3807, .F. ) ;
#6570 = DIRECTION ( 'NONE',  ( -0.000000000000000000, -0.000000000000000000, 1.000000000000000000 ) ) ;
#6571 = DIRECTION ( 'NONE',  ( -0.000000000000000000, -0.000000000000000000, 1.000000000000000000 ) ) ;
#6572 = ORIENTED_EDGE ( 'NONE', *, *, #916, .F. ) ;
#6573 = DIRECTION ( 'NONE',  ( -1.000000000000000000, 0.000000000000000000, 0.000000000000000000 ) ) ;
#6574 = FACE_BOUND ( 'NONE', #6406, .T. ) ;
#6575 = CARTESIAN_POINT ( 'NONE',  ( -62.47521087017960184, -22.05451705896430781, -7.131259481714490533 ) ) ;
#6576 = DIRECTION ( 'NONE',  ( 1.000000000000000000, 0.000000000000000000, 0.000000000000000000 ) ) ;
#6577 = ORIENTED_EDGE ( 'NONE', *, *, #1030, .T. ) ;
#6578 = LINE ( 'NONE', #1749, #8245 ) ;
#6579 = VECTOR ( 'NONE', #325, 1000.000000000000000 ) ;
#6580 = CARTESIAN_POINT ( 'NONE',  ( -33.55437262421511946, -78.04525164055847597, 26.41188284895664040 ) ) ;
#6581 = CARTESIAN_POINT ( 'NONE',  ( -10.65831984742481708, -62.19869260887512041, -11.01715745805485369 ) ) ;
#6582 = DIRECTION ( 'NONE',  ( 0.000000000000000000, 0.000000000000000000, -1.000000000000000000 ) ) ;
#6583 = ORIENTED_EDGE ( 'NONE', *, *, #3871, .F. ) ;
#6584 = DIRECTION ( 'NONE',  ( -0.000000000000000000, -0.000000000000000000, 1.000000000000000000 ) ) ;
#6585 = ORIENTED_EDGE ( 'NONE', *, *, #1164, .F. ) ;
#6586 = AXIS2_PLACEMENT_3D ( 'NONE', #7206, #2237, #7116 ) ;
#6587 = CARTESIAN_POINT ( 'NONE',  ( -50.62944839326710422, 0.8401891360741770010, -3.770384594529971878 ) ) ;
#6588 = EDGE_CURVE ( 'NONE', #3429, #2889, #494, .T. ) ;
#6589 = ORIENTED_EDGE ( 'NONE', *, *, #7639, .F. ) ;
#6590 = CARTESIAN_POINT ( 'NONE',  ( -32.10800448670126883, -74.85808688002526878, -1.588117151043349606 ) ) ;
#6591 = VECTOR ( 'NONE', #3151, 1000.000000000000000 ) ;
#6592 = LINE ( 'NONE', #4410, #339 ) ;
#6593 = ORIENTED_EDGE ( 'NONE', *, *, #4205, .F. ) ;
#6594 = CYLINDRICAL_SURFACE ( 'NONE', #4963, 2.000000000000000000 ) ;
#6595 = CIRCLE ( 'NONE', #2950, 29.00000000000169820 ) ;
#6596 = AXIS2_PLACEMENT_3D ( 'NONE', #4106, #7674, #5605 ) ;
#6597 = EDGE_CURVE ( 'NONE', #2896, #1594, #2220, .T. ) ;
#6598 = DIRECTION ( 'NONE',  ( -1.000000000000000000, 0.000000000000000000, 0.000000000000000000 ) ) ;
#6599 = EDGE_CURVE ( 'NONE', #2958, #1160, #1898, .T. ) ;
#6600 = ORIENTED_EDGE ( 'NONE', *, *, #3979, .T. ) ;
#6601 = CARTESIAN_POINT ( 'NONE',  ( -63.17920446246402832, -36.53132531759776924, -6.795820905114869248 ) ) ;
#6602 = FACE_BOUND ( 'NONE', #2539, .T. ) ;
#6603 = CARTESIAN_POINT ( 'NONE',  ( -51.53123164752749119, -2.258506430399188858, -1.856357737921053630 ) ) ;
#6604 = B_SPLINE_CURVE_WITH_KNOTS ( 'NONE', 3,
 ( #4303, #2246, #1513, #26, #1470, #8375, #196, #2161, #705, #3565, #829, #5025, #4255, #2969, #7817, #1560, #8456, #5071, #7035, #4393, #6437, #5747, #783, #4980, #7860, #7770, #1604, #3486, #6267, #2800, #5581, #2120, #1437, #6997, #744, #3523, #6307, #68, #2843, #5623, #8675, #1105, #418, #327, #5841, #919, #4524, #3013, #3835, #7355, #5888, #8630 ),
 .UNSPECIFIED., .F., .F.,
 ( 4, 2, 2, 2, 2, 2, 2, 2, 2, 2, 2, 2, 2, 2, 2, 2, 2, 2, 2, 2, 2, 2, 2, 2, 2, 4 ),
 ( 0.4362612038237932421, 0.4421874993939231557, 0.4749999994295747152, 0.4914062494474005782, 0.5078124994652263302, 0.5242187494830521377, 0.5406249995008778342, 0.5570312495187036417, 0.5734374995365295602, 0.6062499995721810642, 0.6390624996078326792, 0.6554687496256584867, 0.6718749996434841831, 0.6882812496613099906, 0.7046874996791357981, 0.7210937496969616056, 0.7374999997147874131, 0.7703124997504391391, 0.8031249997860906431, 0.8195312498039164506, 0.8359374998217421471, 0.8523437498395679546, 0.8687499998573937621, 0.9015624998930452660, 0.9343749999286967700, 1.000000000000000000 ),
 .UNSPECIFIED. ) ;
#6605 = CARTESIAN_POINT ( 'NONE',  ( -32.10800448670235596, 20.00000000000003553, 2.011882848956657810 ) ) ;
#6606 = VECTOR ( 'NONE', #7946, 1000.000000000000000 ) ;
#6607 = CARTESIAN_POINT ( 'NONE',  ( -55.02362713515828574, 5.124036818492673895, 5.567717801977062564 ) ) ;
#6608 = CARTESIAN_POINT ( 'NONE',  ( -9.348902134812590248, 4.608939512760199086, 4.994490870510244207 ) ) ;
#6609 = ORIENTED_EDGE ( 'NONE', *, *, #6881, .T. ) ;
#6610 = CARTESIAN_POINT ( 'NONE',  ( -46.70977677456382793, -2.379552146594847706, -7.676502057232322151 ) ) ;
#6611 = PLANE ( 'NONE',  #2134 ) ;
#6612 = CARTESIAN_POINT ( 'NONE',  ( -44.93356296991329657, -86.75818478260559630, 2.411882848956650172 ) ) ;
#6613 = ADVANCED_FACE ( 'NONE', ( #8740, #3214 ), #4638, .T. ) ;
#6614 = CARTESIAN_POINT ( 'NONE',  ( -28.31239528183194665, 18.71162957390249915, -8.606450839102631534 ) ) ;
#6615 = CARTESIAN_POINT ( 'NONE',  ( -66.49427351911083406, -65.45591833397311632, 108.4362694665913835 ) ) ;
#6616 = CIRCLE ( 'NONE', #2538, 1.825000000000000178 ) ;
#6617 = CARTESIAN_POINT ( 'NONE',  ( -27.17359979186813845, -9.182407197758724493, -8.594895482554793631 ) ) ;
#6618 = ORIENTED_EDGE ( 'NONE', *, *, #5763, .T. ) ;
#6619 = CARTESIAN_POINT ( 'NONE',  ( -36.38980415174967931, 10.80813710916765658, 1.411882848956630410 ) ) ;
#6620 = DIRECTION ( 'NONE',  ( -1.000000000000000000, -0.000000000000000000, 0.000000000000000000 ) ) ;
#6621 = ORIENTED_EDGE ( 'NONE', *, *, #6843, .T. ) ;
#6622 = CARTESIAN_POINT ( 'NONE',  ( -32.10800448670126883, -94.85808688002525457, 8.411882848956651060 ) ) ;
#6623 = PLANE ( 'NONE',  #8055 ) ;
#6624 = EDGE_CURVE ( 'NONE', #5965, #8980, #2516, .T. ) ;
#6625 = CARTESIAN_POINT ( 'NONE',  ( -61.08451700606950396, -19.93499568761147600, -5.220259742841896866 ) ) ;
#6626 = CARTESIAN_POINT ( 'NONE',  ( -32.10800448670126883, -104.8580868800252546, 26.41188284895664040 ) ) ;
#6627 = ORIENTED_EDGE ( 'NONE', *, *, #3440, .F. ) ;
#6628 = CARTESIAN_POINT ( 'NONE',  ( -32.10800448670241281, 5.000000000000024869, 2.011882848956657810 ) ) ;
#6629 = CARTESIAN_POINT ( 'NONE',  ( -34.25800448670235454, 20.00000000000003553, 26.41188284895664395 ) ) ;
#6630 = CARTESIAN_POINT ( 'NONE',  ( -11.04965600650218072, -66.21588491798164000, -11.09727399079342725 ) ) ;
#6631 = FACE_OUTER_BOUND ( 'NONE', #1064, .T. ) ;
#6632 = CIRCLE ( 'NONE', #5174, 1.825000000000000178 ) ;
#6633 = ORIENTED_EDGE ( 'NONE', *, *, #1370, .F. ) ;
#6634 = DIRECTION ( 'NONE',  ( -0.5130747901180198189, 0.8583439052881717268, 0.000000000000000000 ) ) ;
#6635 = VERTEX_POINT ( 'NONE', #4731 ) ;
#6636 = CARTESIAN_POINT ( 'NONE',  ( -36.83855862550250748, -14.19914962193822383, -11.58811715104334361 ) ) ;
#6637 = AXIS2_PLACEMENT_3D ( 'NONE', #6788, #6832, #6737 ) ;
#6638 = EDGE_LOOP ( 'NONE', ( #3208, #7135, #3227, #5073 ) ) ;
#6639 = AXIS2_PLACEMENT_3D ( 'NONE', #8888, #2635, #7480 ) ;
#6640 = DIRECTION ( 'NONE',  ( -0.000000000000000000, -0.000000000000000000, -1.000000000000000000 ) ) ;
#6641 = CARTESIAN_POINT ( 'NONE',  ( -55.32372920887987533, 5.834715426157317530, 6.722711489175506649 ) ) ;
#6642 = EDGE_CURVE ( 'NONE', #1405, #4136, #4993, .T. ) ;
#6643 = EDGE_LOOP ( 'NONE', ( #7914, #8524 ) ) ;
#6644 = VECTOR ( 'NONE', #156, 1000.000000000000000 ) ;
#6645 = CARTESIAN_POINT ( 'NONE',  ( -29.57387815432574030, -9.115357512064429457, -8.792177366502397007 ) ) ;
#6646 = LINE ( 'NONE', #6054, #1653 ) ;
#6647 = CARTESIAN_POINT ( 'NONE',  ( -32.10800448670126883, -74.85808688002526878, 8.411882848956651060 ) ) ;
#6648 = EDGE_LOOP ( 'NONE', ( #7014, #8423, #5832, #2902 ) ) ;
#6649 = DIRECTION ( 'NONE',  ( -1.000000000000000000, 0.000000000000000000, 0.000000000000000000 ) ) ;
#6650 = CARTESIAN_POINT ( 'NONE',  ( -38.85800448670128304, 28.00000000000000000, 2.011882848956656478 ) ) ;
#6651 = ADVANCED_FACE ( 'NONE', ( #1808 ), #5712, .T. ) ;
#6652 = CARTESIAN_POINT ( 'NONE',  ( -29.95800448670241067, 5.000000000000024869, 26.41188284895664395 ) ) ;
#6653 = ADVANCED_FACE ( 'NONE', ( #3903 ), #5827, .F. ) ;
#6654 = CARTESIAN_POINT ( 'NONE',  ( -46.57650333979775326, -38.17822028544185997, 18.41188284895663685 ) ) ;
#6655 = VERTEX_POINT ( 'NONE', #7466 ) ;
#6656 = LINE ( 'NONE', #7988, #3082 ) ;
#6657 = CARTESIAN_POINT ( 'NONE',  ( -32.10800448670241281, 5.000000000000024869, -6.588117151043349828 ) ) ;
#6658 = PLANE ( 'NONE',  #5179 ) ;
#6659 = CARTESIAN_POINT ( 'NONE',  ( -32.10800448670126883, -114.8580868800252404, -1.588117151043349606 ) ) ;
#6660 = LINE ( 'NONE', #7300, #1069 ) ;
#6661 = CIRCLE ( 'NONE', #5356, 12.00000000000000000 ) ;
#6662 = AXIS2_PLACEMENT_3D ( 'NONE', #8914, #2663, #5444 ) ;
#6663 = FACE_OUTER_BOUND ( 'NONE', #6400, .T. ) ;
#6664 = ORIENTED_EDGE ( 'NONE', *, *, #7963, .T. ) ;
#6665 = DIRECTION ( 'NONE',  ( -1.000000000000000000, 0.000000000000000000, 0.000000000000000000 ) ) ;
#6666 = EDGE_CURVE ( 'NONE', #5750, #5718, #531, .T. ) ;
#6667 = FACE_OUTER_BOUND ( 'NONE', #2401, .T. ) ;
#6668 = VERTEX_POINT ( 'NONE', #3403 ) ;
#6669 = LINE ( 'NONE', #5892, #4266 ) ;
#6670 = CARTESIAN_POINT ( 'NONE',  ( -48.39509834565561874, -79.40018381173175044, 25.88755494795008616 ) ) ;
#6671 = CARTESIAN_POINT ( 'NONE',  ( -62.93362996692219724, -20.47289391442985007, -6.537923781287589442 ) ) ;
#6672 = LINE ( 'NONE', #3754, #2108 ) ;
#6673 = ORIENTED_EDGE ( 'NONE', *, *, #5979, .F. ) ;
#6674 = CARTESIAN_POINT ( 'NONE',  ( -3.463881593341303411, -14.14408268680777070, 1.411882848956637293 ) ) ;
#6675 = CARTESIAN_POINT ( 'NONE',  ( -36.10800448668869933, 5.000000000000023981, -10.66697983548655415 ) ) ;
#6676 = CARTESIAN_POINT ( 'NONE',  ( -10.13078594040897862, -70.30625768905386508, -10.89889597661158582 ) ) ;
#6677 = EDGE_CURVE ( 'NONE', #3305, #1215, #7767, .T. ) ;
#6678 = CARTESIAN_POINT ( 'NONE',  ( -41.09358867808181515, -29.19263609406135629, 1.411882848956637293 ) ) ;
#6679 = EDGE_LOOP ( 'NONE', ( #2719, #5163 ) ) ;
#6680 = ORIENTED_EDGE ( 'NONE', *, *, #8689, .F. ) ;
#6681 = DIRECTION ( 'NONE',  ( 0.000000000000000000, 0.000000000000000000, -1.000000000000000000 ) ) ;
#6682 = ORIENTED_EDGE ( 'NONE', *, *, #7522, .T. ) ;
#6683 = CARTESIAN_POINT ( 'NONE',  ( -4.759832014728576866, -76.73237276154472397, -8.995849231531483525 ) ) ;
#6684 = DIRECTION ( 'NONE',  ( 1.000000000000000000, 0.000000000000000000, 0.000000000000000000 ) ) ;
#6685 =( BOUNDED_CURVE ( )  B_SPLINE_CURVE ( 3, ( #8616, #357, #4650, #7339 ),
 .UNSPECIFIED., .F., .F. ) 
 B_SPLINE_CURVE_WITH_KNOTS ( ( 4, 4 ),
 ( 0.1041264925365077421, 0.2814800732308456177 ),
 .UNSPECIFIED. ) 
 CURVE ( )  GEOMETRIC_REPRESENTATION_ITEM ( )  RATIONAL_B_SPLINE_CURVE ( ( 1.000000000000000000, 0.9973805261617014750, 0.9973805261617014750, 1.000000000000000000 ) ) 
 REPRESENTATION_ITEM ( '' )  );
#6686 = VERTEX_POINT ( 'NONE', #146 ) ;
#6687 = B_SPLINE_CURVE_WITH_KNOTS ( 'NONE', 3,
 ( #4848, #7634, #1383, #6947 ),
 .UNSPECIFIED., .F., .F.,
 ( 4, 4 ),
 ( 1.748223473168675632E-18, 0.0009999808914053583044 ),
 .UNSPECIFIED. ) ;
#6688 = CARTESIAN_POINT ( 'NONE',  ( -16.76796820484556605, -80.91765166096075745, 24.64822171513467453 ) ) ;
#6689 = CARTESIAN_POINT ( 'NONE',  ( -53.01500151999348986, -58.86670971826814736, -9.434059656167367081 ) ) ;
#6690 = DIRECTION ( 'NONE',  ( 0.3922749854591619512, 0.9198479960205461214, 0.000000000000000000 ) ) ;
#6691 = ORIENTED_EDGE ( 'NONE', *, *, #984, .T. ) ;
#6692 = CARTESIAN_POINT ( 'NONE',  ( -58.44017546463244628, -50.16601959383462628, -7.346564138675322653 ) ) ;
#6693 = CARTESIAN_POINT ( 'NONE',  ( -51.53611591352033372, -66.62386372396017009, -9.735733490046774463 ) ) ;
#6694 = CARTESIAN_POINT ( 'NONE',  ( -54.67257265028551672, 3.842396601460873917, 4.344195897983507137 ) ) ;
#6695 = CARTESIAN_POINT ( 'NONE',  ( -9.434863420146106350, 4.289138876478395090, 4.697594643908563405 ) ) ;
#6696 = ORIENTED_EDGE ( 'NONE', *, *, #3372, .T. ) ;
#6697 = LINE ( 'NONE', #5879, #6298 ) ;
#6698 = CARTESIAN_POINT ( 'NONE',  ( -64.66601041085728241, -6.338040401940835622, 14.20064061230445063 ) ) ;
#6699 = CARTESIAN_POINT ( 'NONE',  ( -4.239276945189310197, -29.31202942037308645, -6.452196739651513191 ) ) ;
#6700 = EDGE_CURVE ( 'NONE', #8693, #4037, #5502, .T. ) ;
#6701 = DIRECTION ( 'NONE',  ( -0.000000000000000000, -0.000000000000000000, 1.000000000000000000 ) ) ;
#6702 = ADVANCED_FACE ( 'NONE', ( #3451 ), #914, .F. ) ;
#6703 = CYLINDRICAL_SURFACE ( 'NONE', #5720, 15.00000000000000000 ) ;
#6704 = VECTOR ( 'NONE', #6423, 1000.000000000000000 ) ;
#6705 = CARTESIAN_POINT ( 'NONE',  ( -12.07115603712018093, -69.82901591625160620, -9.707502498363380639 ) ) ;
#6706 = ORIENTED_EDGE ( 'NONE', *, *, #3779, .F. ) ;
#6707 = CARTESIAN_POINT ( 'NONE',  ( -56.21929175185544381, -56.90542261093091270, -10.30035928204650908 ) ) ;
#6708 = CARTESIAN_POINT ( 'NONE',  ( -3.168578795352306354, -39.89838773568968833, -5.728308572808463950 ) ) ;
#6709 = VERTEX_POINT ( 'NONE', #1350 ) ;
#6710 = B_SPLINE_SURFACE_WITH_KNOTS ( 'NONE', 1, 3, ( 
 ( #4075, #6171, #21, #739, #3648, #4251, #2156, #6346, #8413, #1430, #5740, #62, #3519, #6303, #5575, #4975, #2839, #6428, #6387, #2285, #4344, #8450, #2114, #4898, #7690, #7764, #864, #2192, #1598, #8535, #1507, #1554, #1466, #4215, #6993, #7071, #7160, #2962 ),
 ( #823, #8370, #7030, #5617, #5064, #7726, #2796, #911, #778, #4939, #4298, #7854, #5692, #7118, #2880, #4388, #3561, #3693, #2239, #144, #105, #8489, #187, #5655, #3603, #2919, #5020, #7809, #8713, #3827, #5881, #3051, #411, #8082, #280, #6521, #7898, #5926 ) ),
 .UNSPECIFIED., .F., .F., .F.,
 ( 2, 2 ),
 ( 4, 2, 2, 2, 2, 2, 2, 2, 2, 2, 2, 2, 2, 2, 2, 2, 2, 2, 4 ),
 ( 0.000000000000000000, 1.000000000000000000 ),
 ( 0.001932351596495713838, 0.003013012848491457459, 0.003553343474489329377, 0.004093674100487201296, 0.004634004726485073215, 0.005174335352482945134, 0.006254996604478688972, 0.007335657856474431943, 0.008416319108470175780, 0.009496980360465919618, 0.01057764161246166346, 0.01165830286445740729, 0.01273896411645315113, 0.01381962536844889497, 0.01435995599444676689, 0.01490028662044463881, 0.01598094787244038265, 0.01706160912443612648, 0.01922293162842761416 ),
 .UNSPECIFIED. ) ;
#6711 = CARTESIAN_POINT ( 'NONE',  ( -61.45871666780309539, -79.58613481704243497, -5.981993550747890076 ) ) ;
#6712 = CARTESIAN_POINT ( 'NONE',  ( -12.45240140106243665, 2.046888960715981920, -2.116267864032230772 ) ) ;
#6713 = CARTESIAN_POINT ( 'NONE',  ( -34.27451355652454623, 8.368937500469431967, -10.76421081239325694 ) ) ;
#6714 = CARTESIAN_POINT ( 'NONE',  ( -62.84964009235269344, -20.73018080831442234, -6.651830988673949285 ) ) ;
#6715 = EDGE_CURVE ( 'NONE', #6540, #8419, #2330, .T. ) ;
#6716 = DIRECTION ( 'NONE',  ( 0.000000000000000000, 0.000000000000000000, -1.000000000000000000 ) ) ;
#6717 = ADVANCED_FACE ( 'NONE', ( #7813 ), #7075, .T. ) ;
#6718 = ORIENTED_EDGE ( 'NONE', *, *, #1990, .F. ) ;
#6719 = CARTESIAN_POINT ( 'NONE',  ( -60.99282347306426288, -20.18698653248361907, -5.336964629986209019 ) ) ;
#6720 = B_SPLINE_CURVE_WITH_KNOTS ( 'NONE', 3,
 ( #8268, #598, #2746, #5386, #1151, #7493, #8858, #1880, #4801, #1243, #8316, #7583, #7446, #6804, #8177, #1922, #648, #557, #4617, #5343, #2017, #7539, #6756, #2559, #1197, #6212, #8992, #5525, #6120, #8809, #2647, #8134, #4708, #3972, #3379, #5431, #509, #3427, #8223, #4755, #6164, #2695, #5477, #7399, #1331, #4113 ),
 .UNSPECIFIED., .F., .F.,
 ( 4, 2, 2, 2, 2, 2, 2, 2, 2, 2, 2, 2, 2, 2, 2, 2, 2, 2, 2, 2, 2, 2, 4 ),
 ( 0.000000000000000000, 0.1312499501462136842, 0.1968749252193206511, 0.2624999002924274794, 0.3281248753655343631, 0.3445311191338110701, 0.3609373629020878327, 0.3937498504386413023, 0.4265623379751947719, 0.4593748255117481860, 0.5249998005848549587, 0.5906247756579618979, 0.6234372631945153120, 0.6562497507310687261, 0.6890622382676221402, 0.7218747258041756654, 0.7546872133407291905, 0.7874997008772824936, 0.8531246759503893218, 0.9187496510234963720, 0.9515621385600496751, 0.9843746260966032002, 1.000000000000000000 ),
 .UNSPECIFIED. ) ;
#6721 = CARTESIAN_POINT ( 'NONE',  ( -60.97953477425354407, -35.22309747304965555, -5.723341765552976135 ) ) ;
#6722 = CARTESIAN_POINT ( 'NONE',  ( -9.685319725940980007, -71.30171790414652833, -10.79037878560776420 ) ) ;
#6723 = CARTESIAN_POINT ( 'NONE',  ( -46.41346226548096610, -2.562151770068399337, -7.886564304137717585 ) ) ;
#6724 = VERTEX_POINT ( 'NONE', #193 ) ;
#6725 = ORIENTED_EDGE ( 'NONE', *, *, #5919, .F. ) ;
#6726 = CARTESIAN_POINT ( 'NONE',  ( 8.622126372425729102, -76.75818478260572419, 26.41188284895664040 ) ) ;
#6727 = EDGE_CURVE ( 'NONE', #5869, #3270, #7993, .T. ) ;
#6728 = ORIENTED_EDGE ( 'NONE', *, *, #2648, .T. ) ;
#6729 = CARTESIAN_POINT ( 'NONE',  ( -0.8640722809109516733, -78.48399555413656969, -6.672844857016199782 ) ) ;
#6730 = CARTESIAN_POINT ( 'NONE',  ( -53.23290000254177556, 3.610157107362710338, 0.6158822013011975294 ) ) ;
#6731 = EDGE_LOOP ( 'NONE', ( #8378, #6460, #848, #7101 ) ) ;
#6732 = DIRECTION ( 'NONE',  ( 0.000000000000000000, 0.000000000000000000, -1.000000000000000000 ) ) ;
#6733 = CIRCLE ( 'NONE', #4699, 3.500000000000003109 ) ;
#6734 = VERTEX_POINT ( 'NONE', #5111 ) ;
#6735 = CARTESIAN_POINT ( 'NONE',  ( -15.89870649703740924, -79.75482356218840607, 25.59791663459694888 ) ) ;
#6736 = LINE ( 'NONE', #440, #5445 ) ;
#6737 = DIRECTION ( 'NONE',  ( 1.734723475976805517E-15, 1.000000000000000000, 0.000000000000000000 ) ) ;
#6738 = AXIS2_PLACEMENT_3D ( 'NONE', #2716, #6230, #5498 ) ;
#6739 = EDGE_LOOP ( 'NONE', ( #8054, #2424 ) ) ;
#6740 = CARTESIAN_POINT ( 'NONE',  ( -69.75730528268148589, -22.97579122107260119, -0.07304861498051382074 ) ) ;
#6741 = CARTESIAN_POINT ( 'NONE',  ( -63.06511315480849333, -20.09204261502059197, -6.355855598636788173 ) ) ;
#6742 = CARTESIAN_POINT ( 'NONE',  ( -51.89755963173287512, -68.91475538976365556, -9.669270323375517506 ) ) ;
#6743 = CARTESIAN_POINT ( 'NONE',  ( -54.63224626743294721, 3.667754106113645829, 4.217385865827624869 ) ) ;
#6744 = VECTOR ( 'NONE', #402, 1000.000000000000114 ) ;
#6745 = CARTESIAN_POINT ( 'NONE',  ( -36.10800448672310381, 5.000000000000024869, 23.41188284895664040 ) ) ;
#6746 = ORIENTED_EDGE ( 'NONE', *, *, #1204, .T. ) ;
#6747 = CARTESIAN_POINT ( 'NONE',  ( -51.53123164752749119, -2.258506430399174203, -1.856357737921046525 ) ) ;
#6748 = DIRECTION ( 'NONE',  ( -1.000000000000000000, 0.000000000000000000, 0.000000000000000000 ) ) ;
#6749 = CARTESIAN_POINT ( 'NONE',  ( -34.46060849672181803, -5.455647690653082194, -11.56553948207781168 ) ) ;
#6750 = CARTESIAN_POINT ( 'NONE',  ( 9.922126372425777774, -22.21112135110062979, 13.31834172295411811 ) ) ;
#6751 = AXIS2_PLACEMENT_3D ( 'NONE', #4550, #6103, #7332 ) ;
#6752 = CARTESIAN_POINT ( 'NONE',  ( -56.82800973526457256, -74.68649551972532663, -10.09390036449904215 ) ) ;
#6753 = CIRCLE ( 'NONE', #4569, 1.649999999999998579 ) ;
#6754 = CARTESIAN_POINT ( 'NONE',  ( -12.72271045518524346, -65.43453674144828369, -9.830866116436693503 ) ) ;
#6755 = ORIENTED_EDGE ( 'NONE', *, *, #2913, .F. ) ;
#6756 = CARTESIAN_POINT ( 'NONE',  ( -5.973792176980474267, -76.88978082578918816, -7.836099797882167373 ) ) ;
#6757 = CARTESIAN_POINT ( 'NONE',  ( -68.28757980520551030, -11.70777564065024734, 5.199872102100989046 ) ) ;
#6758 = ORIENTED_EDGE ( 'NONE', *, *, #241, .F. ) ;
#6759 = CARTESIAN_POINT ( 'NONE',  ( -53.48163320492681549, -68.76387984829275979, -11.03313143373129002 ) ) ;
#6760 = CARTESIAN_POINT ( 'NONE',  ( -12.17420711068477246, -1.666865442306252776, -1.139106280828169337 ) ) ;
#6761 = DIRECTION ( 'NONE',  ( 0.000000000000000000, 0.000000000000000000, -1.000000000000000000 ) ) ;
#6762 = DIRECTION ( 'NONE',  ( -0.000000000000000000, -0.000000000000000000, -1.000000000000000000 ) ) ;
#6763 = CARTESIAN_POINT ( 'NONE',  ( -28.60800448670127238, -94.85808688002525457, -1.487612087655021398 ) ) ;
#6764 = ORIENTED_EDGE ( 'NONE', *, *, #3873, .T. ) ;
#6765 = CARTESIAN_POINT ( 'NONE',  ( -61.27417765366942604, -19.44439752519008380, -4.973168051769982334 ) ) ;
#6766 = CIRCLE ( 'NONE', #4581, 3.499999999999999556 ) ;
#6767 = CARTESIAN_POINT ( 'NONE',  ( -17.88084897349712321, -71.48596535551243392, 8.411882848956651060 ) ) ;
#6768 = CARTESIAN_POINT ( 'NONE',  ( -4.188107605853433668, -24.11526406937159805, -6.421896420258782712 ) ) ;
#6769 = LINE ( 'NONE', #6180, #4338 ) ;
#6770 = EDGE_CURVE ( 'NONE', #8760, #3054, #6172, .T. ) ;
#6771 = ORIENTED_EDGE ( 'NONE', *, *, #702, .T. ) ;
#6772 = EDGE_CURVE ( 'NONE', #2771, #3766, #5657, .T. ) ;
#6773 = CIRCLE ( 'NONE', #5312, 1.999999999999996669 ) ;
#6774 = ORIENTED_EDGE ( 'NONE', *, *, #6316, .F. ) ;
#6775 = CARTESIAN_POINT ( 'NONE',  ( -60.48853278315188930, -43.99122857198455705, -6.074144445081628874 ) ) ;
#6776 = VERTEX_POINT ( 'NONE', #2965 ) ;
#6777 = CARTESIAN_POINT ( 'NONE',  ( -9.884605486738458069, -70.87944994383271080, -10.83981242339185336 ) ) ;
#6778 = CARTESIAN_POINT ( 'NONE',  ( -51.53123164752749830, -2.258506430399187082, -1.856357737921053630 ) ) ;
#6779 = CONICAL_SURFACE ( 'NONE', #8822, 28.99999999999831246, 0.9164752192991397761 ) ;
#6780 = VERTEX_POINT ( 'NONE', #8453 ) ;
#6781 = LINE ( 'NONE', #3314, #3320 ) ;
#6782 = CARTESIAN_POINT ( 'NONE',  ( -60.91672015078837887, -76.42486648442893227, -8.231731035005065422 ) ) ;
#6783 = ORIENTED_EDGE ( 'NONE', *, *, #5763, .F. ) ;
#6784 = EDGE_CURVE ( 'NONE', #7525, #2262, #3078, .T. ) ;
#6785 = DIRECTION ( 'NONE',  ( 1.000000000000000000, 0.000000000000000000, 0.000000000000000000 ) ) ;
#6786 = CARTESIAN_POINT ( 'NONE',  ( -29.95800448670241067, 5.000000000000024869, 14.91188284895665639 ) ) ;
#6787 = AXIS2_PLACEMENT_3D ( 'NONE', #3439, #2230, #658 ) ;
#6788 = CARTESIAN_POINT ( 'NONE',  ( -32.10800448670133278, -74.75818478260562472, 2.411882848956650172 ) ) ;
#6789 = ORIENTED_EDGE ( 'NONE', *, *, #8287, .F. ) ;
#6790 = DIRECTION ( 'NONE',  ( 0.000000000000000000, 1.000000000000000000, 0.000000000000000000 ) ) ;
#6791 = CARTESIAN_POINT ( 'NONE',  ( -21.28244600348924820, -123.6230729217454041, 2.411882848956650172 ) ) ;
#6792 = CARTESIAN_POINT ( 'NONE',  ( -3.125512519365008846, -36.85714226114405534, -5.696191823591132852 ) ) ;
#6793 = CIRCLE ( 'NONE', #8252, 1.825000000000000178 ) ;
#6794 = CARTESIAN_POINT ( 'NONE',  ( -29.02952794544438575, 11.85690982337915678, -10.19177499563940970 ) ) ;
#6795 = EDGE_CURVE ( 'NONE', #183, #5853, #7112, .T. ) ;
#6796 = DIRECTION ( 'NONE',  ( 0.000000000000000000, 0.000000000000000000, 1.000000000000000000 ) ) ;
#6797 = DIRECTION ( 'NONE',  ( -0.000000000000000000, -0.000000000000000000, 1.000000000000000000 ) ) ;
#6798 = CARTESIAN_POINT ( 'NONE',  ( -2.154564258799960719, -29.14301744345281975, -7.545890711113844240 ) ) ;
#6799 = CIRCLE ( 'NONE', #4032, 3.500000000000003109 ) ;
#6800 = CARTESIAN_POINT ( 'NONE',  ( 4.607700563912321634, -11.49109414304884247, 6.134622925630935697 ) ) ;
#6801 = DIRECTION ( 'NONE',  ( 0.9198479960205461214, 0.3922749854591619512, 0.000000000000000000 ) ) ;
#6802 = CARTESIAN_POINT ( 'NONE',  ( -59.12194750599571336, -76.61014705045502637, -9.154495518318247704 ) ) ;
#6803 = CARTESIAN_POINT ( 'NONE',  ( -21.38459379613012956, -123.4187773364635632, 1.123020206717642244 ) ) ;
#6804 = CARTESIAN_POINT ( 'NONE',  ( -3.382595451403356268, -78.01480532976972881, -6.528829345620192015 ) ) ;
#6805 = CARTESIAN_POINT ( 'NONE',  ( -68.40104653719839689, -11.63698837699809019, 5.421415710562220269 ) ) ;
#6806 = VERTEX_POINT ( 'NONE', #8492 ) ;
#6807 = CARTESIAN_POINT ( 'NONE',  ( -53.30800288408850918, -62.88410791760916396, -11.06903442228469814 ) ) ;
#6808 = CARTESIAN_POINT ( 'NONE',  ( -42.44033659092727362, -122.6366201637730455, -0.2314241585080708818 ) ) ;
#6809 = CARTESIAN_POINT ( 'NONE',  ( -32.10800448670127594, -47.67822028544098600, -13.22822741526793955 ) ) ;
#6810 = CARTESIAN_POINT ( 'NONE',  ( 1.296581494075970342, -8.045753927396072314, 7.161212628233211142 ) ) ;
#6811 = CARTESIAN_POINT ( 'NONE',  ( -63.77244680983564251, -14.97506978671550293, -1.150335491536506272 ) ) ;
#6812 = CARTESIAN_POINT ( 'NONE',  ( -68.45289392234141701, -9.139795076889432934, 12.95217104182694001 ) ) ;
#6813 = CARTESIAN_POINT ( 'NONE',  ( 0.4791817350972708001, -7.547569973033573909, 7.189660626734410975 ) ) ;
#6814 = B_SPLINE_CURVE_WITH_KNOTS ( 'NONE', 3,
 ( #4645, #1857, #231, #3004, #2492, #7378, #3268, #3907, #3219, #6000, #7426, #6872, #5414, #2728, #1316, #6144, #39, #5510, #3538, #2814, #6971, #1274, #4737, #7520, #4828, #719, #2045, #1448, #5594, #1359, #1408, #4097, #4051, #6831, #6927, #7011, #8390, #8300, #7664, #7708, #2132, #581, #4917, #7567 ),
 .UNSPECIFIED., .F., .F.,
 ( 4, 2, 2, 2, 2, 2, 2, 2, 2, 2, 2, 2, 2, 2, 2, 2, 2, 2, 2, 2, 2, 4 ),
 ( 0.000000000000000000, 0.01592632447978362814, 0.04985989949772212659, 0.1177270495335991096, 0.1855941995694760926, 0.2195277745874145980, 0.2534613496053530479, 0.2873949246232915811, 0.3213284996412301142, 0.3552620746591685919, 0.3891956496771071250, 0.4570627997129840803, 0.5249299497488609800, 0.5588635247667994577, 0.5927970997847380463, 0.6267306748026765240, 0.6436974623116458183, 0.6606642498206151126, 0.7285313998564920679, 0.7963985498923690232, 0.8642656999282460895, 1.000000000000000000 ),
 .UNSPECIFIED. ) ;
#6815 = DIRECTION ( 'NONE',  ( 3.469446951953611033E-15, 1.000000000000000000, 0.000000000000000000 ) ) ;
#6816 = CARTESIAN_POINT ( 'NONE',  ( -3.628289828917302007, -21.45602641255772980, -5.892157037006212406 ) ) ;
#6817 = CARTESIAN_POINT ( 'NONE',  ( -42.46271740109524018, -4.410671653400547676, -9.979238693439198116 ) ) ;
#6818 = AXIS2_PLACEMENT_3D ( 'NONE', #3713, #5037, #2127 ) ;
#6819 = ORIENTED_EDGE ( 'NONE', *, *, #5866, .F. ) ;
#6820 = ORIENTED_EDGE ( 'NONE', *, *, #2248, .F. ) ;
#6821 = CARTESIAN_POINT ( 'NONE',  ( -60.78108894775753157, -42.38076953445008144, -5.867428750608764787 ) ) ;
#6822 = CARTESIAN_POINT ( 'NONE',  ( -9.685319725940980007, -71.30171790414652833, -10.79037878560776420 ) ) ;
#6823 = ADVANCED_FACE ( 'NONE', ( #2242 ), #5022, .F. ) ;
#6824 = CARTESIAN_POINT ( 'NONE',  ( -61.97177124935917192, -28.89526279454019786, -7.602658803784765773 ) ) ;
#6825 = EDGE_CURVE ( 'NONE', #2848, #7870, #1601, .T. ) ;
#6826 = ORIENTED_EDGE ( 'NONE', *, *, #3482, .T. ) ;
#6827 = CARTESIAN_POINT ( 'NONE',  ( -66.57937556913876165, -13.98527112699968100, -0.2501661401582305211 ) ) ;
#6828 = CARTESIAN_POINT ( 'NONE',  ( -61.47686947273964364, -76.63134646685404050, -7.906386811895218969 ) ) ;
#6829 = EDGE_LOOP ( 'NONE', ( #4616, #6577, #5613, #6706 ) ) ;
#6830 = CARTESIAN_POINT ( 'NONE',  ( -31.21748751629143470, -9.018100704356683650, -8.851126375469920760 ) ) ;
#6831 = CARTESIAN_POINT ( 'NONE',  ( -1.868731129609429331, -76.90256653228581740, -7.362120332338871087 ) ) ;
#6832 = DIRECTION ( 'NONE',  ( 1.000000000000000000, -1.780377182154265206E-15, 0.000000000000000000 ) ) ;
#6833 = ORIENTED_EDGE ( 'NONE', *, *, #4067, .T. ) ;
#6834 = DIRECTION ( 'NONE',  ( 0.000000000000000000, 0.000000000000000000, -1.000000000000000000 ) ) ;
#6835 = DIRECTION ( 'NONE',  ( -0.000000000000000000, -1.000000000000000000, 0.000000000000000000 ) ) ;
#6836 = DIRECTION ( 'NONE',  ( -1.000000000000000000, 0.000000000000000000, 0.000000000000000000 ) ) ;
#6837 = EDGE_CURVE ( 'NONE', #5116, #342, #3217, .T. ) ;
#6838 = CARTESIAN_POINT ( 'NONE',  ( -37.94028664865926004, 25.24215692809688960, -5.725145807633496453 ) ) ;
#6839 = CARTESIAN_POINT ( 'NONE',  ( -50.22650333979775183, -38.17822028544185997, 1.411882848956637293 ) ) ;
#6840 = CARTESIAN_POINT ( 'NONE',  ( -1.915240079898369308, -30.55736818072964311, -7.392337884360924427 ) ) ;
#6841 = CARTESIAN_POINT ( 'NONE',  ( 0.7491247805348484334, -13.51625347307356684, 0.9796649716190480861 ) ) ;
#6842 = FACE_OUTER_BOUND ( 'NONE', #7230, .T. ) ;
#6843 = EDGE_CURVE ( 'NONE', #8470, #4562, #1737, .T. ) ;
#6844 = DIRECTION ( 'NONE',  ( -0.000000000000000000, -0.000000000000000000, 1.000000000000000000 ) ) ;
#6845 = CARTESIAN_POINT ( 'NONE',  ( -11.13312531572306874, -72.17414890345322931, -9.503071775078563377 ) ) ;
#6846 = LINE ( 'NONE', #3338, #4052 ) ;
#6847 = CARTESIAN_POINT ( 'NONE',  ( -2.391123853863291515, -47.01986959278063694, -7.694325991185280600 ) ) ;
#6848 = ORIENTED_EDGE ( 'NONE', *, *, #4612, .F. ) ;
#6849 = CARTESIAN_POINT ( 'NONE',  ( -53.05691090950882938, -65.15226447456157644, -11.11860187474347761 ) ) ;
#6850 = CARTESIAN_POINT ( 'NONE',  ( -29.08295747158943811, -5.484395752076611785, -11.52223254349466686 ) ) ;
#6851 = CARTESIAN_POINT ( 'NONE',  ( -11.44392313015857887, 3.119869345752737111, -0.3239545833908529793 ) ) ;
#6852 = LINE ( 'NONE', #4211, #4380 ) ;
#6853 = CARTESIAN_POINT ( 'NONE',  ( -0.6786363081540288666, -19.06114908362999572, -5.728381642799056372 ) ) ;
#6854 = DIRECTION ( 'NONE',  ( 0.000000000000000000, 0.000000000000000000, -1.000000000000000000 ) ) ;
#6855 = ORIENTED_EDGE ( 'NONE', *, *, #5981, .F. ) ;
#6856 = CARTESIAN_POINT ( 'NONE',  ( -62.84254179885522262, -16.34670783165239172, -2.692895467129150511 ) ) ;
#6857 = CARTESIAN_POINT ( 'NONE',  ( -61.10344769076773019, -37.42100498826192734, -5.631720087149189702 ) ) ;
#6858 = CARTESIAN_POINT ( 'NONE',  ( 2.893920429972700159, -7.940240407535687162, 15.21634384711575549 ) ) ;
#6859 = CARTESIAN_POINT ( 'NONE',  ( -25.35800448670127949, 0.000000000000000000, 14.91188284895665639 ) ) ;
#6860 = ORIENTED_EDGE ( 'NONE', *, *, #7327, .F. ) ;
#6861 = ORIENTED_EDGE ( 'NONE', *, *, #7772, .T. ) ;
#6862 = CARTESIAN_POINT ( 'NONE',  ( -36.10800448668869933, 5.158369789908619829, -10.64998809308560901 ) ) ;
#6863 = ORIENTED_EDGE ( 'NONE', *, *, #6374, .F. ) ;
#6864 = CARTESIAN_POINT ( 'NONE',  ( -1.253816197643432329, -78.36736958179389489, -6.948655983227630450 ) ) ;
#6865 = CARTESIAN_POINT ( 'NONE',  ( -68.23741543821300581, -12.03116267033436770, 4.128798610978163808 ) ) ;
#6866 = ORIENTED_EDGE ( 'NONE', *, *, #3123, .F. ) ;
#6867 = CARTESIAN_POINT ( 'NONE',  ( -3.344297658718196953, -20.53268306226294726, -5.558869396927872408 ) ) ;
#6868 = CYLINDRICAL_SURFACE ( 'NONE', #5588, 1.999999999999996669 ) ;
#6869 = EDGE_LOOP ( 'NONE', ( #4503, #2487 ) ) ;
#6870 = DIRECTION ( 'NONE',  ( -1.000000000000000000, 0.000000000000000000, 0.000000000000000000 ) ) ;
#6871 = EDGE_CURVE ( 'NONE', #9017, #5713, #6660, .T. ) ;
#6872 = CARTESIAN_POINT ( 'NONE',  ( -6.907357806994150806, -74.38377717054126492, -9.917517925103050302 ) ) ;
#6873 = CARTESIAN_POINT ( 'NONE',  ( -59.83311748020837229, -26.89975953667176967, -6.477278502192550746 ) ) ;
#6874 = ORIENTED_EDGE ( 'NONE', *, *, #2867, .T. ) ;
#6875 = CARTESIAN_POINT ( 'NONE',  ( -74.13813534582132547, -12.00000000000435740, 13.07133873891479503 ) ) ;
#6876 = CARTESIAN_POINT ( 'NONE',  ( -64.77046957418004069, -16.49683484428765823, -3.690059960273754491 ) ) ;
#6877 = DIRECTION ( 'NONE',  ( 0.000000000000000000, 0.000000000000000000, -1.000000000000000000 ) ) ;
#6878 = STYLED_ITEM ( 'NONE', ( #4968 ), #3089 ) ;
#6879 = CARTESIAN_POINT ( 'NONE',  ( -31.21748751629143470, -9.018100704356683650, -8.851126375469892338 ) ) ;
#6880 = DIRECTION ( 'NONE',  ( -0.000000000000000000, 1.000000000000000000, -0.000000000000000000 ) ) ;
#6881 = EDGE_CURVE ( 'NONE', #7873, #2577, #5408, .T. ) ;
#6882 = B_SPLINE_CURVE_WITH_KNOTS ( 'NONE', 3,
 ( #3059, #1656, #6530, #5165, #5437, #2655, #1389, #605, #5532, #2024, #7589, #5486, #8229, #8184, #1975, #4762, #8139, #6853, #1202, #4807, #8955, #4121, #7452, #8323, #1338, #514, #6082, #6901, #8275, #4714, #3295, #8864, #4171, #563, #5348, #3388 ),
 .UNSPECIFIED., .F., .F.,
 ( 4, 2, 2, 2, 2, 2, 2, 2, 2, 2, 2, 2, 2, 2, 2, 2, 2, 4 ),
 ( 0.000000000000000000, 0.1250000000000000000, 0.2500000000000000000, 0.3750000000000000555, 0.4375000000000000000, 0.4687500000000000555, 0.5000000000000000000, 0.5312500000000000000, 0.5625000000000000000, 0.6250000000000000000, 0.6875000000000000000, 0.7500000000000001110, 0.7812500000000000000, 0.8125000000000000000, 0.8437500000000001110, 0.8750000000000000000, 0.9375000000000001110, 1.000000000000000000 ),
 .UNSPECIFIED. ) ;
#6883 = EDGE_CURVE ( 'NONE', #2771, #3664, #413, .T. ) ;
#6884 = AXIS2_PLACEMENT_3D ( 'NONE', #7820, #3614, #7041 ) ;
#6885 = CARTESIAN_POINT ( 'NONE',  ( -28.60800448670127238, -77.85808688002525457, 27.14700303224234190 ) ) ;
#6886 = VECTOR ( 'NONE', #2676, 1000.000000000000000 ) ;
#6887 = DIRECTION ( 'NONE',  ( 1.000000000000000000, 0.000000000000000000, 0.000000000000000000 ) ) ;
#6888 = CARTESIAN_POINT ( 'NONE',  ( -34.25800448670241138, 5.000000000000024869, 2.011882848956657810 ) ) ;
#6889 = CARTESIAN_POINT ( 'NONE',  ( 0.7925765045967091416, -7.184114504526781353, 8.978970773998044663 ) ) ;
#6890 = CARTESIAN_POINT ( 'NONE',  ( -55.29629419778753174, -72.78156024490699849, -10.58348233275049921 ) ) ;
#6891 = CARTESIAN_POINT ( 'NONE',  ( -12.36718581241614068, -62.19592279030235460, -9.765474778092968933 ) ) ;
#6892 = CIRCLE ( 'NONE', #913, 1.824999999999996847 ) ;
#6893 = CARTESIAN_POINT ( 'NONE',  ( -32.10800448670126883, -94.85808688002525457, -1.588117151043349606 ) ) ;
#6894 = CARTESIAN_POINT ( 'NONE',  ( -65.94928083512412798, -12.75066761023277451, 2.693773290977615975 ) ) ;
#6895 = VERTEX_POINT ( 'NONE', #3743 ) ;
#6896 = ADVANCED_FACE ( 'NONE', ( #5971 ), #6703, .T. ) ;
#6897 = CARTESIAN_POINT ( 'NONE',  ( -62.25285719705151877, -79.84642949976959869, -5.475002958721764124 ) ) ;
#6898 = CARTESIAN_POINT ( 'NONE',  ( -43.68443567072563383, -122.3739456225597451, -0.5896646109115056822 ) ) ;
#6899 = CARTESIAN_POINT ( 'NONE',  ( -39.05319079663108539, -33.79848952859116196, 18.41188284895663685 ) ) ;
#6900 = DIRECTION ( 'NONE',  ( 0.000000000000000000, 0.000000000000000000, -1.000000000000000000 ) ) ;
#6901 = CARTESIAN_POINT ( 'NONE',  ( -1.649932480714330962, -21.93426047073410246, -7.054155929705863137 ) ) ;
#6902 = AXIS2_PLACEMENT_3D ( 'NONE', #8626, #3232, #1695 ) ;
#6903 = CARTESIAN_POINT ( 'NONE',  ( -22.60800448670127594, -38.17822028544185997, 18.41188284895663685 ) ) ;
#6904 = CIRCLE ( 'NONE', #2825, 1.649999999999998579 ) ;
#6905 = PLANE ( 'NONE',  #6041 ) ;
#6906 = ORIENTED_EDGE ( 'NONE', *, *, #7727, .T. ) ;
#6907 = CARTESIAN_POINT ( 'NONE',  ( -2.104485657089750550, -24.31035545154559330, -7.514002050547856193 ) ) ;
#6908 = B_SPLINE_CURVE_WITH_KNOTS ( 'NONE', 3,
 ( #7013, #2815, #4275, #4918, #4365, #3581, #7092, #2940, #7830, #7140, #7081, #873, #526, #1414, #8671, #886, #1989, #139, #1502, #5016, #3598, #2915, #7155, #2874, #858, #7804, #7066, #4246, #1593, #229, #1460, #7721, #58, #7113, #6471, #6381, #4382, #904, #818, #3643 ),
 .UNSPECIFIED., .F., .F.,
 ( 4, 2, 2, 2, 2, 2, 2, 2, 2, 2, 2, 2, 2, 2, 2, 2, 2, 2, 2, 4 ),
 ( 0.000000000000000000, 0.1249999999999999722, 0.2499999999999999445, 0.3124999999999999445, 0.3437499999999998890, 0.3749999999999998890, 0.3906249999999998890, 0.4062499999999998890, 0.4374999999999999445, 0.5000000000000000000, 0.5625000000000000000, 0.6250000000000000000, 0.6562500000000000000, 0.6875000000000000000, 0.7187500000000000000, 0.7500000000000001110, 0.7812500000000000000, 0.8125000000000000000, 0.8750000000000000000, 1.000000000000000000 ),
 .UNSPECIFIED. ) ;
#6909 = CARTESIAN_POINT ( 'NONE',  ( -59.54393655872701174, -47.40060862829190569, -6.696374018941515516 ) ) ;
#6910 = LINE ( 'NONE', #8282, #3017 ) ;
#6911 = CARTESIAN_POINT ( 'NONE',  ( -4.675725836517250045, -52.24733293957550728, -8.956724742579369902 ) ) ;
#6912 = CONICAL_SURFACE ( 'NONE', #621, 24.69999999999997087, 0.7853981633974496113 ) ;
#6913 = ORIENTED_EDGE ( 'NONE', *, *, #7786, .T. ) ;
#6914 = ADVANCED_FACE ( 'NONE', ( #6523 ), #3188, .F. ) ;
#6915 = VERTEX_POINT ( 'NONE', #5838 ) ;
#6916 = CARTESIAN_POINT ( 'NONE',  ( -56.78665966503267271, -7.463124004206358464, 1.411882848956635517 ) ) ;
#6917 = B_SPLINE_CURVE_WITH_KNOTS ( 'NONE', 3,
 ( #730, #5731, #53, #5012, #6378, #4289, #1458, #7719 ),
 .UNSPECIFIED., .F., .F.,
 ( 4, 2, 2, 4 ),
 ( 0.000000000000000000, 0.0007025305160808649300, 0.001053795774121318645, 0.001405061032161772361 ),
 .UNSPECIFIED. ) ;
#6918 = CARTESIAN_POINT ( 'NONE',  ( -9.783311162703936859, -74.37485936536812403, -9.152247617131401114 ) ) ;
#6919 = CARTESIAN_POINT ( 'NONE',  ( -62.37428378359313541, -15.29030708685648143, 1.411882848956637293 ) ) ;
#6920 = ORIENTED_EDGE ( 'NONE', *, *, #1030, .F. ) ;
#6921 = CARTESIAN_POINT ( 'NONE',  ( -65.20602380771096307, -13.23711374812265262, 1.697489805920747719 ) ) ;
#6922 = CARTESIAN_POINT ( 'NONE',  ( -12.68477732587505180, -2.258506430399183529, -1.856357737921005002 ) ) ;
#6923 = CIRCLE ( 'NONE', #3541, 1.825000000000000178 ) ;
#6924 = ORIENTED_EDGE ( 'NONE', *, *, #4739, .F. ) ;
#6925 = CARTESIAN_POINT ( 'NONE',  ( -1.451147363448985317, -77.01535390776994916, -7.086255760295646411 ) ) ;
#6926 = ORIENTED_EDGE ( 'NONE', *, *, #4931, .T. ) ;
#6927 = CARTESIAN_POINT ( 'NONE',  ( -1.798986636518367765, -76.92185427287876109, -7.316449146633527967 ) ) ;
#6928 = ORIENTED_EDGE ( 'NONE', *, *, #7729, .F. ) ;
#6929 = CARTESIAN_POINT ( 'NONE',  ( -65.00678365579324236, -7.186204144166462804, 8.965710275520528683 ) ) ;
#6930 = DIRECTION ( 'NONE',  ( 0.000000000000000000, 0.000000000000000000, 1.000000000000000000 ) ) ;
#6931 = CARTESIAN_POINT ( 'NONE',  ( -3.108004484486201147, -38.00442471284928558, -5.683036223250713448 ) ) ;
#6932 = CARTESIAN_POINT ( 'NONE',  ( -48.18515999990542298, -71.48596535551243392, -1.487612087655021398 ) ) ;
#6933 = AXIS2_PLACEMENT_3D ( 'NONE', #5327, #1863, #543 ) ;
#6934 = DIRECTION ( 'NONE',  ( 0.000000000000000000, 0.000000000000000000, -1.000000000000000000 ) ) ;
#6935 = DIRECTION ( 'NONE',  ( 1.000000000000000000, -1.780377182154265206E-15, 0.000000000000000000 ) ) ;
#6936 = CARTESIAN_POINT ( 'NONE',  ( -39.43176627283977353, -8.963762143119447856, -8.236523687742451472 ) ) ;
#6937 = CARTESIAN_POINT ( 'NONE',  ( -19.69545090652963282, -3.577478852268419107, -9.039897365289483844 ) ) ;
#6938 = CARTESIAN_POINT ( 'NONE',  ( -0.6409930903553388015, -8.846678017018575702, 2.796672286918607586 ) ) ;
#6939 = CIRCLE ( 'NONE', #3573, 3.500000000000003109 ) ;
#6940 = CARTESIAN_POINT ( 'NONE',  ( -57.47568834344433242, -75.31728071429819238, -9.854641991180400851 ) ) ;
#6941 = ADVANCED_FACE ( 'NONE', ( #1051 ), #1006, .T. ) ;
#6942 = EDGE_CURVE ( 'NONE', #7741, #6044, #2375, .T. ) ;
#6943 = CARTESIAN_POINT ( 'NONE',  ( -12.15476045671101701, -61.36726273247585794, -9.724174788391302116 ) ) ;
#6944 = FACE_OUTER_BOUND ( 'NONE', #247, .T. ) ;
#6945 = CARTESIAN_POINT ( 'NONE',  ( -2.974191714547513410, -48.64129994802463841, -8.044939441484283194 ) ) ;
#6946 = ORIENTED_EDGE ( 'NONE', *, *, #5668, .F. ) ;
#6947 = CARTESIAN_POINT ( 'NONE',  ( -50.86011110704953353, -2.998028782179603891, 1.411882848956630410 ) ) ;
#6948 = CARTESIAN_POINT ( 'NONE',  ( -52.06566734698996157, -69.55997696813305708, -9.636759269332571876 ) ) ;
#6949 = CARTESIAN_POINT ( 'NONE',  ( -44.93356296972230979, -123.6230729215562292, 2.018683722478495035 ) ) ;
#6950 = CARTESIAN_POINT ( 'NONE',  ( -33.15444799506518336, 1.130198352426624808, -11.45663194116067451 ) ) ;
#6951 = DIRECTION ( 'NONE',  ( 0.000000000000000000, 0.000000000000000000, 1.000000000000000000 ) ) ;
#6952 = CARTESIAN_POINT ( 'NONE',  ( -65.20602380771096307, -13.23711374812265262, 1.697489805920747719 ) ) ;
#6953 = CARTESIAN_POINT ( 'NONE',  ( -67.69304866852264979, -8.595769316569288776, 11.71626024863926219 ) ) ;
#6954 = ORIENTED_EDGE ( 'NONE', *, *, #7803, .T. ) ;
#6955 = FACE_OUTER_BOUND ( 'NONE', #1951, .T. ) ;
#6956 = EDGE_CURVE ( 'NONE', #5116, #853, #3865, .T. ) ;
#6957 = CARTESIAN_POINT ( 'NONE',  ( -4.104389640100441383, -45.56044180235276997, -6.391293500091735247 ) ) ;
#6958 = CARTESIAN_POINT ( 'NONE',  ( -3.936373986328627339, -22.68763525935006697, -6.218288279686978726 ) ) ;
#6959 = CARTESIAN_POINT ( 'NONE',  ( -1.311107919644357356, -42.57371529425611811, -6.988065750666481613 ) ) ;
#6960 = ORIENTED_EDGE ( 'NONE', *, *, #3871, .T. ) ;
#6961 = CARTESIAN_POINT ( 'NONE',  ( -61.08923142056451638, -39.08422143715622354, -5.642277427449269744 ) ) ;
#6962 = VERTEX_POINT ( 'NONE', #1829 ) ;
#6963 = CARTESIAN_POINT ( 'NONE',  ( -12.68871513006441809, -66.46528919594170759, -9.824801961116301996 ) ) ;
#6964 = EDGE_CURVE ( 'NONE', #4949, #5902, #5246, .T. ) ;
#6965 = AXIS2_PLACEMENT_3D ( 'NONE', #4497, #8097, #2480 ) ;
#6966 = CIRCLE ( 'NONE', #8278, 3.499999999999999556 ) ;
#6967 = CARTESIAN_POINT ( 'NONE',  ( 4.455718319457125709, -11.56195513197772406, 5.902181340832290068 ) ) ;
#6968 = ORIENTED_EDGE ( 'NONE', *, *, #3977, .F. ) ;
#6969 = CARTESIAN_POINT ( 'NONE',  ( -6.779448745894702810, -74.48153946117444946, -9.868943687512953034 ) ) ;
#6970 = ORIENTED_EDGE ( 'NONE', *, *, #8904, .T. ) ;
#6971 = CARTESIAN_POINT ( 'NONE',  ( -5.186769466974427978, -75.52700055749140517, -9.197570251205831937 ) ) ;
#6972 = AXIS2_PLACEMENT_3D ( 'NONE', #7177, #1018, #3064 ) ;
#6973 = ORIENTED_EDGE ( 'NONE', *, *, #8233, .T. ) ;
#6974 = CYLINDRICAL_SURFACE ( 'NONE', #84, 26.00000000000000355 ) ;
#6975 = AXIS2_PLACEMENT_3D ( 'NONE', #1249, #4119, #6217 ) ;
#6976 = CYLINDRICAL_SURFACE ( 'NONE', #57, 1.649999999999998579 ) ;
#6977 = CARTESIAN_POINT ( 'NONE',  ( -32.10800448670126883, -38.00442471284927848, 108.4362694665913835 ) ) ;
#6978 = CARTESIAN_POINT ( 'NONE',  ( -26.91239633791297337, 22.14751621442439244, -7.072877319785845884 ) ) ;
#6979 = CARTESIAN_POINT ( 'NONE',  ( -57.77633218901974033, -74.72966551434822691, -9.735791468658138825 ) ) ;
#6980 = CARTESIAN_POINT ( 'NONE',  ( 2.259831036370090196, -7.705655497653260078, 11.31269238314865966 ) ) ;
#6981 = CARTESIAN_POINT ( 'NONE',  ( -32.37005653642223990, 24.00012383838254237, -8.036767877631149304 ) ) ;
#6982 = DIRECTION ( 'NONE',  ( -1.000000000000000000, 0.000000000000000000, 0.000000000000000000 ) ) ;
#6983 = CARTESIAN_POINT ( 'NONE',  ( -4.032424971707266437, -19.91620095417303560, -8.726977300037527030 ) ) ;
#6984 = CARTESIAN_POINT ( 'NONE',  ( -53.90219924455768563, -70.07855618324580860, -10.94120071249918880 ) ) ;
#6985 =( BOUNDED_CURVE ( )  B_SPLINE_CURVE ( 3, ( #3647, #5691, #3602, #7725 ),
 .UNSPECIFIED., .F., .F. ) 
 B_SPLINE_CURVE_WITH_KNOTS ( ( 4, 4 ),
 ( 4.712388980384689674, 7.853981633974482790 ),
 .UNSPECIFIED. ) 
 CURVE ( )  GEOMETRIC_REPRESENTATION_ITEM ( )  RATIONAL_B_SPLINE_CURVE ( ( 1.000000000000000000, 0.3333333333333333703, 0.3333333333333333703, 1.000000000000000000 ) ) 
 REPRESENTATION_ITEM ( '' )  );
#6986 = DIRECTION ( 'NONE',  ( 1.000000000000000000, 0.000000000000000000, 0.000000000000000000 ) ) ;
#6987 = VERTEX_POINT ( 'NONE', #2555 ) ;
#6988 = DIRECTION ( 'NONE',  ( -0.000000000000000000, -0.000000000000000000, 1.000000000000000000 ) ) ;
#6989 = CARTESIAN_POINT ( 'NONE',  ( -52.87109159650250945, -71.74219768515025919, -9.466944430549169454 ) ) ;
#6990 = CARTESIAN_POINT ( 'NONE',  ( -44.93356296991328946, -121.6230729217417661, 2.150080499099026543 ) ) ;
#6991 = CARTESIAN_POINT ( 'NONE',  ( -32.63410860234225197, 1.025880818689126173, -11.50408248553611479 ) ) ;
#6992 = EDGE_CURVE ( 'NONE', #5289, #2591, #8668, .T. ) ;
#6993 = CARTESIAN_POINT ( 'NONE',  ( -15.12334095028874614, -0.6294004196362281700, -5.607046022122237794 ) ) ;
#6994 = CARTESIAN_POINT ( 'NONE',  ( -36.60247115375445759, 28.00000000000000000, -5.603016573341384365 ) ) ;
#6995 = ORIENTED_EDGE ( 'NONE', *, *, #6597, .T. ) ;
#6996 = DIRECTION ( 'NONE',  ( 0.000000000000000000, 0.000000000000000000, -1.000000000000000000 ) ) ;
#6997 = CARTESIAN_POINT ( 'NONE',  ( -53.25143041372733421, -63.18210439490511021, -11.08039891401030808 ) ) ;
#6998 = LINE ( 'NONE', #8417, #2293 ) ;
#6999 = ORIENTED_EDGE ( 'NONE', *, *, #593, .F. ) ;
#7000 = EDGE_CURVE ( 'NONE', #7972, #7665, #7352, .T. ) ;
#7001 = CARTESIAN_POINT ( 'NONE',  ( -59.87877289704834993, -46.36256781396912885, -6.483230199538825289 ) ) ;
#7002 = EDGE_CURVE ( 'NONE', #7650, #2047, #5883, .T. ) ;
#7003 = ORIENTED_EDGE ( 'NONE', *, *, #1858, .T. ) ;
#7004 = CARTESIAN_POINT ( 'NONE',  ( -12.15476045671101701, -61.36726273247585794, -9.724174788391302116 ) ) ;
#7005 = CARTESIAN_POINT ( 'NONE',  ( -2.093025688871929191, -29.56932938385639886, -7.506707901373680158 ) ) ;
#7006 = DIRECTION ( 'NONE',  ( 0.000000000000000000, 0.000000000000000000, 1.000000000000000000 ) ) ;
#7007 = EDGE_LOOP ( 'NONE', ( #7686, #2079, #3954, #7345, #5662 ) ) ;
#7008 = B_SPLINE_CURVE_WITH_KNOTS ( 'NONE', 3,
 ( #1222, #5996, #4048, #8156, #1901, #3263, #4142, #8879, #8785, #2537, #1853, #8834, #3998, #2626, #536, #6828, #7423, #4686, #6782, #578, #5711, #753, #7740, #3534, #1571, #4953, #3454, #1481, #8508, #35, #8465, #2770, #3619, #5669, #5038, #5549, #795, #6403, #7087, #3494, #2209, #2257, #120, #7825, #2853, #4871 ),
 .UNSPECIFIED., .F., .F.,
 ( 4, 2, 2, 2, 2, 2, 2, 2, 2, 2, 2, 2, 2, 2, 2, 2, 2, 2, 2, 2, 2, 2, 4 ),
 ( 0.000000000000000000, 0.1312495061382349948, 0.1968742592073525199, 0.2624990122764699896, 0.2953113888110287522, 0.3281237653455875147, 0.3609361418801462773, 0.3937485184147050399, 0.4265608949492637469, 0.4593732714838225095, 0.5249980245529399792, 0.5906227776220575043, 0.6234351541566163224, 0.6562475306911750295, 0.6890599072257337365, 0.7054660954930130901, 0.7218722837602925546, 0.7874970368294100798, 0.8531217898985274939, 0.9187465429676450190, 0.9515589195022038371, 0.9843712960367625442, 1.000000000000000000 ),
 .UNSPECIFIED. ) ;
#7009 = CARTESIAN_POINT ( 'NONE',  ( -1.175965938654298437, -77.08076127767949970, -6.896456629708208830 ) ) ;
#7010 = EDGE_LOOP ( 'NONE', ( #2982, #725 ) ) ;
#7011 = CARTESIAN_POINT ( 'NONE',  ( -1.451147363448985317, -77.01535390776994916, -7.086255760295646411 ) ) ;
#7012 = EDGE_CURVE ( 'NONE', #1023, #1739, #5001, .T. ) ;
#7013 = CARTESIAN_POINT ( 'NONE',  ( -56.21929175185544381, -56.90542261093091270, -10.30035928204650908 ) ) ;
#7014 = ORIENTED_EDGE ( 'NONE', *, *, #8610, .F. ) ;
#7015 = CARTESIAN_POINT ( 'NONE',  ( -32.10800448670126883, -38.00442471284927848, -8.851126375469920760 ) ) ;
#7016 = CARTESIAN_POINT ( 'NONE',  ( -32.10800448670127594, -47.67822028544098600, 1.411882848956637293 ) ) ;
#7017 = EDGE_LOOP ( 'NONE', ( #8101, #1179 ) ) ;
#7018 = CARTESIAN_POINT ( 'NONE',  ( -64.46166993230764319, -78.73214713189216241, -4.057172828301746748 ) ) ;
#7019 = CARTESIAN_POINT ( 'NONE',  ( -29.95800448670235383, 20.00000000000003553, 2.011882848956657810 ) ) ;
#7020 = UNCERTAINTY_MEASURE_WITH_UNIT (LENGTH_MEASURE( 1.000000000000000082E-05 ), #4245, 'distance_accuracy_value', 'NONE');
#7021 = CARTESIAN_POINT ( 'NONE',  ( -33.39944459001381460, 23.79499043288747018, -8.012227416849935224 ) ) ;
#7022 = FACE_OUTER_BOUND ( 'NONE', #2668, .T. ) ;
#7023 = CARTESIAN_POINT ( 'NONE',  ( 9.173562416004470421, -78.75818478260570998, 26.41188284895662619 ) ) ;
#7024 = CARTESIAN_POINT ( 'NONE',  ( -9.176038362920941438, 5.172153347475326512, 5.630253694021467581 ) ) ;
#7025 = CIRCLE ( 'NONE', #8049, 18.00000000000000000 ) ;
#7026 = ORIENTED_EDGE ( 'NONE', *, *, #6964, .F. ) ;
#7027 = CARTESIAN_POINT ( 'NONE',  ( -54.97610997496565943, -75.07032860142112440, -8.907495686691436987 ) ) ;
#7028 = CARTESIAN_POINT ( 'NONE',  ( -17.10800448670129370, 28.00000000000000000, 14.41188284895664573 ) ) ;
#7029 = DIRECTION ( 'NONE',  ( -1.000000000000000000, 0.000000000000000000, 0.000000000000000000 ) ) ;
#7030 = CARTESIAN_POINT ( 'NONE',  ( -28.70142203389590208, -9.177472367703035872, -8.740041141822930015 ) ) ;
#7031 =( LENGTH_UNIT ( ) NAMED_UNIT ( * ) SI_UNIT ( .MILLI., .METRE. ) );
#7032 = CARTESIAN_POINT ( 'NONE',  ( -33.92605299754558246, 16.42707074849177573, -9.667238764978163701 ) ) ;
#7033 = CIRCLE ( 'NONE', #1835, 1.649999999999998579 ) ;
#7034 = CARTESIAN_POINT ( 'NONE',  ( -3.188026065459993674, -40.17498399246122887, -5.742788323534618655 ) ) ;
#7035 = CARTESIAN_POINT ( 'NONE',  ( -53.20112422246705819, -67.42591939066362272, -11.09042529725305926 ) ) ;
#7036 = CARTESIAN_POINT ( 'NONE',  ( -1.095942499341605147, -35.08104145573214083, -6.837793669411420971 ) ) ;
#7037 = CARTESIAN_POINT ( 'NONE',  ( -52.93356296991327525, -74.75818478260558209, 2.411882848956650172 ) ) ;
#7038 = ORIENTED_EDGE ( 'NONE', *, *, #304, .F. ) ;
#7039 = AXIS2_PLACEMENT_3D ( 'NONE', #3325, #7383, #3911 ) ;
#7040 = EDGE_LOOP ( 'NONE', ( #387, #8430 ) ) ;
#7041 = DIRECTION ( 'NONE',  ( -1.000000000000000000, 0.000000000000000000, 0.000000000000000000 ) ) ;
#7042 = LINE ( 'NONE', #3020, #1415 ) ;
#7043 = ORIENTED_EDGE ( 'NONE', *, *, #4347, .T. ) ;
#7044 = CARTESIAN_POINT ( 'NONE',  ( -8.133493763381480335, -76.25883735623203563, -8.628896169289861362 ) ) ;
#7045 = EDGE_CURVE ( 'NONE', #8012, #5342, #8717, .T. ) ;
#7046 = EDGE_CURVE ( 'NONE', #5636, #2664, #1967, .T. ) ;
#7047 = CARTESIAN_POINT ( 'NONE',  ( -66.45015938106726594, -11.79542839703384516, 5.327051040923328706 ) ) ;
#7048 = CARTESIAN_POINT ( 'NONE',  ( 1.157472594550126965, -6.760931055914121579, 14.98146614425238177 ) ) ;
#7049 = ORIENTED_EDGE ( 'NONE', *, *, #8832, .T. ) ;
#7050 = CARTESIAN_POINT ( 'NONE',  ( -8.961330947110386802, -74.71999878248522009, -8.956479176757744298 ) ) ;
#7051 = ORIENTED_EDGE ( 'NONE', *, *, #7623, .F. ) ;
#7052 = CARTESIAN_POINT ( 'NONE',  ( -11.28244600348922866, -76.75818478260566735, 26.41188284895664040 ) ) ;
#7053 = EDGE_LOOP ( 'NONE', ( #2249, #2296 ) ) ;
#7054 = CARTESIAN_POINT ( 'NONE',  ( -64.69168998434729190, -13.83311594803765132, 0.5615641565026012749 ) ) ;
#7055 = CARTESIAN_POINT ( 'NONE',  ( -53.23290000254177556, 3.610157107362710338, 0.6158822013011975294 ) ) ;
#7056 = LINE ( 'NONE', #1582, #73 ) ;
#7057 = EDGE_CURVE ( 'NONE', #4238, #6561, #6118, .T. ) ;
#7058 = ORIENTED_EDGE ( 'NONE', *, *, #2522, .F. ) ;
#7059 = CARTESIAN_POINT ( 'NONE',  ( -59.92770728379756662, -77.68585155613443760, -7.024078725324348405 ) ) ;
#7060 = CARTESIAN_POINT ( 'NONE',  ( -36.10800448668864959, 20.25528350498233365, -8.164142028067011836 ) ) ;
#7061 = PLANE ( 'NONE',  #7504 ) ;
#7062 = DIRECTION ( 'NONE',  ( 0.000000000000000000, 0.000000000000000000, -1.000000000000000000 ) ) ;
#7063 = EDGE_CURVE ( 'NONE', #1405, #8833, #2693, .T. ) ;
#7064 = AXIS2_PLACEMENT_3D ( 'NONE', #5849, #248, #5078 ) ;
#7065 = CARTESIAN_POINT ( 'NONE',  ( -12.55565798206986017, -63.20377969074983326, -9.800693420137928769 ) ) ;
#7066 = CARTESIAN_POINT ( 'NONE',  ( -63.14732024895595686, -40.00347099172717691, -6.818397858113010912 ) ) ;
#7067 = VERTEX_POINT ( 'NONE', #8129 ) ;
#7068 = CARTESIAN_POINT ( 'NONE',  ( -51.49430873100136807, -65.62588578975069709, -9.743114069111097564 ) ) ;
#7069 = CARTESIAN_POINT ( 'NONE',  ( -47.17294802809092857, -81.20703035383559154, 24.41188284895662264 ) ) ;
#7070 = CARTESIAN_POINT ( 'NONE',  ( -35.29209428072769583, 2.565048835131681138, -11.07319209224182899 ) ) ;
#7071 = CARTESIAN_POINT ( 'NONE',  ( -14.42280921147105488, -0.01050231899941587305, -4.848950763595652802 ) ) ;
#7072 = AXIS2_PLACEMENT_3D ( 'NONE', #1767, #309, #3039 ) ;
#7073 = CIRCLE ( 'NONE', #2409, 3.500000000000003109 ) ;
#7074 = CARTESIAN_POINT ( 'NONE',  ( -32.10443326590062441, 15.99314972656876854, -9.917142711946185685 ) ) ;
#7075 = CYLINDRICAL_SURFACE ( 'NONE', #8944, 20.00000000000000000 ) ;
#7076 = CARTESIAN_POINT ( 'NONE',  ( -3.354936271164642658, -41.82068741276381019, -5.865824427072888980 ) ) ;
#7077 = ORIENTED_EDGE ( 'NONE', *, *, #7774, .T. ) ;
#7078 = CARTESIAN_POINT ( 'NONE',  ( -39.71595144485593210, -27.99566464342866823, 1.411882848956637293 ) ) ;
#7079 = DIRECTION ( 'NONE',  ( 0.000000000000000000, 0.000000000000000000, -1.000000000000000000 ) ) ;
#7080 = ORIENTED_EDGE ( 'NONE', *, *, #5264, .T. ) ;
#7081 = CARTESIAN_POINT ( 'NONE',  ( -61.28891414052949216, -48.35850808290084757, -8.017352836752245082 ) ) ;
#7082 = CARTESIAN_POINT ( 'NONE',  ( -59.49935156707820028, -47.52979888241479500, -6.724180103851920443 ) ) ;
#7083 = CARTESIAN_POINT ( 'NONE',  ( -48.40150333979774899, -38.17822028544185997, 1.411882848956637293 ) ) ;
#7084 = ORIENTED_EDGE ( 'NONE', *, *, #3452, .T. ) ;
#7085 = CARTESIAN_POINT ( 'NONE',  ( -12.71299160226632630, -64.91528014766306853, -9.829135980853560994 ) ) ;
#7086 = FACE_OUTER_BOUND ( 'NONE', #3883, .T. ) ;
#7087 = CARTESIAN_POINT ( 'NONE',  ( -55.58417395131482408, -72.81123412691862029, -10.50010808289738939 ) ) ;
#7088 = VERTEX_POINT ( 'NONE', #3336 ) ;
#7089 = CARTESIAN_POINT ( 'NONE',  ( -1.868731129609429331, -76.90256653228581740, -7.362120332338871087 ) ) ;
#7090 = EDGE_LOOP ( 'NONE', ( #1361, #79, #3265, #665 ) ) ;
#7091 = CARTESIAN_POINT ( 'NONE',  ( -60.08760929488325786, -5.115847076874642241, 26.41188284895664040 ) ) ;
#7092 = CARTESIAN_POINT ( 'NONE',  ( -60.51395115832318083, -50.19694979810105906, -8.455301995372087376 ) ) ;
#7093 = ADVANCED_FACE ( 'NONE', ( #2603 ), #689, .F. ) ;
#7094 = EDGE_CURVE ( 'NONE', #287, #6561, #637, .T. ) ;
#7095 = ORIENTED_EDGE ( 'NONE', *, *, #5648, .F. ) ;
#7096 = DIRECTION ( 'NONE',  ( 1.000000000000000000, 0.000000000000000000, 0.000000000000000000 ) ) ;
#7097 = AXIS2_PLACEMENT_3D ( 'NONE', #5710, #7868, #8507 ) ;
#7098 = CIRCLE ( 'NONE', #3597, 2.149999999999999023 ) ;
#7099 = CARTESIAN_POINT ( 'NONE',  ( -54.46883020151098975, -73.92898481117106257, -9.189971555960967819 ) ) ;
#7100 = DIRECTION ( 'NONE',  ( -1.000000000000000000, 0.000000000000000000, 0.000000000000000000 ) ) ;
#7101 = ORIENTED_EDGE ( 'NONE', *, *, #3770, .T. ) ;
#7102 = CARTESIAN_POINT ( 'NONE',  ( -62.81941174847175091, -78.51950402060002432, -5.280234736517231298 ) ) ;
#7103 = AXIS2_PLACEMENT_3D ( 'NONE', #8025, #3222, #2405 ) ;
#7104 = ADVANCED_FACE ( 'NONE', ( #4705 ), #6556, .F. ) ;
#7105 = CARTESIAN_POINT ( 'NONE',  ( -3.108004486702960367, -38.00442471284927848, 1.411882848956630410 ) ) ;
#7106 = ADVANCED_FACE ( 'NONE', ( #5786 ), #1225, .F. ) ;
#7107 = VERTEX_POINT ( 'NONE', #3173 ) ;
#7108 = DIRECTION ( 'NONE',  ( -0.000000000000000000, -0.000000000000000000, 1.000000000000000000 ) ) ;
#7109 = CARTESIAN_POINT ( 'NONE',  ( -26.45115023720892466, -43.83507453493427874, 1.411882848956637293 ) ) ;
#7110 = CARTESIAN_POINT ( 'NONE',  ( -48.18515999990542298, -71.48596535551243392, 8.411882848956651060 ) ) ;
#7111 = CARTESIAN_POINT ( 'NONE',  ( -2.042834076966583812, -17.51143948855732901, -3.805383190660861725 ) ) ;
#7112 = B_SPLINE_CURVE_WITH_KNOTS ( 'NONE', 3,
 ( #4819, #8292, #2036, #9019, #2287, #6233, #7602, #668, #618, #826 ),
 .UNSPECIFIED., .F., .F.,
 ( 4, 2, 2, 2, 4 ),
 ( 0.000000000000000000, 0.1250000000000000278, 0.1875000000000000278, 0.2500000000000001665, 0.3745906623052840390 ),
 .UNSPECIFIED. ) ;
#7113 = CARTESIAN_POINT ( 'NONE',  ( -63.19255873278797964, -36.81882202474344012, -6.786335457813590821 ) ) ;
#7114 = ORIENTED_EDGE ( 'NONE', *, *, #6127, .F. ) ;
#7115 = CARTESIAN_POINT ( 'NONE',  ( -51.49334031008779533, -65.45865809385448131, -9.743284239039555317 ) ) ;
#7116 = DIRECTION ( 'NONE',  ( 1.000000000000000000, 0.000000000000000000, 0.000000000000000000 ) ) ;
#7117 = CARTESIAN_POINT ( 'NONE',  ( -3.461402451365891419, -3.999999999999999112, 14.41188284895664218 ) ) ;
#7118 = CARTESIAN_POINT ( 'NONE',  ( -23.95006055291934643, -8.817292310287410118, -8.066474394143908100 ) ) ;
#7119 = EDGE_CURVE ( 'NONE', #38, #3048, #6018, .T. ) ;
#7120 =( LENGTH_UNIT ( ) NAMED_UNIT ( * ) SI_UNIT ( .MILLI., .METRE. ) );
#7121 = DIRECTION ( 'NONE',  ( -1.000000000000000000, 0.000000000000000000, 0.000000000000000000 ) ) ;
#7122 = CARTESIAN_POINT ( 'NONE',  ( -32.10800448670241281, 5.000000000000024869, 23.41188284895664040 ) ) ;
#7123 = CARTESIAN_POINT ( 'NONE',  ( -3.126081619124026378, -39.06504330400751002, -5.696577824845666882 ) ) ;
#7124 = EDGE_LOOP ( 'NONE', ( #8917, #5197, #1246, #3167 ) ) ;
#7125 = LINE ( 'NONE', #5701, #5780 ) ;
#7126 = FACE_OUTER_BOUND ( 'NONE', #417, .T. ) ;
#7127 = ORIENTED_EDGE ( 'NONE', *, *, #5519, .T. ) ;
#7128 = FACE_BOUND ( 'NONE', #2032, .T. ) ;
#7129 = CARTESIAN_POINT ( 'NONE',  ( 9.922126372425774221, -22.21112135110120889, 14.41188284895664573 ) ) ;
#7130 = B_SPLINE_CURVE_WITH_KNOTS ( 'NONE', 3,
 ( #2443, #3765, #4681, #1758 ),
 .UNSPECIFIED., .F., .F.,
 ( 4, 4 ),
 ( 0.000000000000000000, 1.000000000000000000 ),
 .UNSPECIFIED. ) ;
#7131 = ORIENTED_EDGE ( 'NONE', *, *, #7211, .T. ) ;
#7132 = CARTESIAN_POINT ( 'NONE',  ( -2.432232072290413605, -79.69781865870378113, -5.884709655334440015 ) ) ;
#7133 = CARTESIAN_POINT ( 'NONE',  ( -2.301486917600883864, -26.58522128835391385, -7.638339993417083917 ) ) ;
#7134 = CARTESIAN_POINT ( 'NONE',  ( -32.10800448670241281, 5.000000000000024869, 26.41188284895664395 ) ) ;
#7135 = ORIENTED_EDGE ( 'NONE', *, *, #8165, .T. ) ;
#7136 = B_SPLINE_CURVE_WITH_KNOTS ( 'NONE', 1,
 ( #2779, #1365 ),
 .UNSPECIFIED., .F., .F.,
 ( 2, 2 ),
 ( 0.000000000000000000, 1.000000000000000000 ),
 .UNSPECIFIED. ) ;
#7137 = CARTESIAN_POINT ( 'NONE',  ( -3.382595451403356268, -78.01480532976972881, -6.528829345620192015 ) ) ;
#7138 = VERTEX_POINT ( 'NONE', #5957 ) ;
#7139 = FACE_OUTER_BOUND ( 'NONE', #600, .T. ) ;
#7140 = CARTESIAN_POINT ( 'NONE',  ( -61.18495284351043750, -48.62503406806288098, -8.078024835586935737 ) ) ;
#7141 = VERTEX_POINT ( 'NONE', #3319 ) ;
#7142 = CARTESIAN_POINT ( 'NONE',  ( -36.08660816274147010, -43.98182396148199302, 1.411882848956637293 ) ) ;
#7143 = AXIS2_PLACEMENT_3D ( 'NONE', #8847, #4155, #6934 ) ;
#7144 = CARTESIAN_POINT ( 'NONE',  ( -14.28300448670127842, -38.17822028544185997, 18.41188284895663685 ) ) ;
#7145 = CARTESIAN_POINT ( 'NONE',  ( -65.49946724241027596, -78.75818478260556788, -10.24687348636941131 ) ) ;
#7146 = EDGE_LOOP ( 'NONE', ( #5269, #3500, #1453, #6496 ) ) ;
#7147 = CARTESIAN_POINT ( 'NONE',  ( -63.83660679718129671, -77.24018968664056217, -6.316661977857529919 ) ) ;
#7148 = CARTESIAN_POINT ( 'NONE',  ( -46.85101874777026865, -6.238861075447764470, -5.631877109785726532 ) ) ;
#7149 = ORIENTED_EDGE ( 'NONE', *, *, #2329, .F. ) ;
#7150 = CARTESIAN_POINT ( 'NONE',  ( -62.68965535249497378, -21.25154933144929004, -6.863654557369419429 ) ) ;
#7151 = CARTESIAN_POINT ( 'NONE',  ( -4.153636747054311407, -29.92323589574596099, -6.401450140170480196 ) ) ;
#7152 = CARTESIAN_POINT ( 'NONE',  ( -0.4429919384794947512, -14.97433099877233786, -1.274143116388509300 ) ) ;
#7153 = EDGE_CURVE ( 'NONE', #1754, #2346, #6736, .T. ) ;
#7154 = EDGE_CURVE ( 'NONE', #1503, #1314, #6646, .T. ) ;
#7155 = CARTESIAN_POINT ( 'NONE',  ( -62.94034197445962064, -42.00984840733136849, -6.963377173486709815 ) ) ;
#7156 = VERTEX_POINT ( 'NONE', #6786 ) ;
#7157 = CARTESIAN_POINT ( 'NONE',  ( -65.37348156795270882, -6.760931055914115362, 25.11188284895660061 ) ) ;
#7158 = DIRECTION ( 'NONE',  ( -0.000000000000000000, -0.000000000000000000, 1.000000000000000000 ) ) ;
#7159 = LINE ( 'NONE', #5739, #1266 ) ;
#7160 = CARTESIAN_POINT ( 'NONE',  ( -13.98939362589466207, 0.4116147842394404788, -4.320950993927023198 ) ) ;
#7161 = DIRECTION ( 'NONE',  ( 0.8583439052881718379, 0.5130747901180198189, 0.000000000000000000 ) ) ;
#7162 = CARTESIAN_POINT ( 'NONE',  ( -68.42466584793301365, -11.81052295806487962, 4.791841052982948490 ) ) ;
#7163 = CARTESIAN_POINT ( 'NONE',  ( -15.83007205662171479, -5.195802521731965662, -4.671536640462675471 ) ) ;
#7164 = ORIENTED_EDGE ( 'NONE', *, *, #3123, .T. ) ;
#7165 = VECTOR ( 'NONE', #3655, 1000.000000000000000 ) ;
#7166 = CARTESIAN_POINT ( 'NONE',  ( -73.99076653270489601, 1.043443661987518478, 1.411882848956637293 ) ) ;
#7167 = EDGE_CURVE ( 'NONE', #2332, #36, #2097, .T. ) ;
#7168 = DIRECTION ( 'NONE',  ( -1.000000000000000000, 0.000000000000000000, 0.000000000000000000 ) ) ;
#7169 = ORIENTED_EDGE ( 'NONE', *, *, #4034, .T. ) ;
#7170 = CARTESIAN_POINT ( 'NONE',  ( -22.07409836791939739, -45.63714156430385316, 18.41188284895663685 ) ) ;
#7171 = DIRECTION ( 'NONE',  ( 0.000000000000000000, 0.000000000000000000, -1.000000000000000000 ) ) ;
#7172 = AXIS2_PLACEMENT_3D ( 'NONE', #8825, #300, #2397 ) ;
#7173 = CARTESIAN_POINT ( 'NONE',  ( -23.28244600348924465, -38.00442471284927848, 2.411882848956650172 ) ) ;
#7174 = AXIS2_PLACEMENT_3D ( 'NONE', #1903, #3318, #4000 ) ;
#7175 = VERTEX_POINT ( 'NONE', #2541 ) ;
#7176 = CARTESIAN_POINT ( 'NONE',  ( -28.60800448670127238, -94.85808688002525457, 13.26290989078527360 ) ) ;
#7177 = CARTESIAN_POINT ( 'NONE',  ( -19.53084897349712534, -71.48596535551243392, -1.588117151043349606 ) ) ;
#7178 = FACE_OUTER_BOUND ( 'NONE', #831, .T. ) ;
#7179 = EDGE_CURVE ( 'NONE', #5904, #8318, #8371, .T. ) ;
#7180 = DIRECTION ( 'NONE',  ( 1.000000000000000000, 0.000000000000000000, 0.000000000000000000 ) ) ;
#7181 = AXIS2_PLACEMENT_3D ( 'NONE', #6466, #5777, #6554 ) ;
#7182 = ORIENTED_EDGE ( 'NONE', *, *, #4932, .T. ) ;
#7183 = CARTESIAN_POINT ( 'NONE',  ( -40.93356296991329657, -119.6230729217454041, -1.588117151043349162 ) ) ;
#7184 = ORIENTED_EDGE ( 'NONE', *, *, #1112, .T. ) ;
#7185 = FACE_OUTER_BOUND ( 'NONE', #7367, .T. ) ;
#7186 = EDGE_LOOP ( 'NONE', ( #242, #8155, #5121, #6926, #2875, #7468 ) ) ;
#7187 = CARTESIAN_POINT ( 'NONE',  ( -11.02664963231256756, -64.34055332873681721, -11.09273506338267268 ) ) ;
#7188 = CIRCLE ( 'NONE', #4425, 1.825000000000000178 ) ;
#7189 = CONICAL_SURFACE ( 'NONE', #7334, 24.69999999999995666, 0.7853981633974442822 ) ;
#7190 = DIRECTION ( 'NONE',  ( -1.000000000000000000, 0.000000000000000000, 0.000000000000000000 ) ) ;
#7191 = CARTESIAN_POINT ( 'NONE',  ( -23.99213066435764219, -5.038919981427170569, -10.71114756737293661 ) ) ;
#7192 = ORIENTED_EDGE ( 'NONE', *, *, #3992, .F. ) ;
#7193 = CIRCLE ( 'NONE', #1806, 4.000000000000003553 ) ;
#7194 = CARTESIAN_POINT ( 'NONE',  ( -56.51584144436269952, -75.77075492684937785, -8.528407752777379613 ) ) ;
#7195 = CARTESIAN_POINT ( 'NONE',  ( -43.10943089806406192, -8.033647359831975976, -7.283561334242374841 ) ) ;
#7196 = ORIENTED_EDGE ( 'NONE', *, *, #6772, .F. ) ;
#7197 = AXIS2_PLACEMENT_3D ( 'NONE', #7754, #4288, #6982 ) ;
#7198 = DIRECTION ( 'NONE',  ( 8.006416042969879049E-16, 0.000000000000000000, 1.000000000000000000 ) ) ;
#7199 = CARTESIAN_POINT ( 'NONE',  ( -62.93362996692219724, -20.47289391442985007, -6.537923781287589442 ) ) ;
#7200 = CARTESIAN_POINT ( 'NONE',  ( -71.44638197310310090, 3.589728000988480439, 1.411882848956637293 ) ) ;
#7201 = CARTESIAN_POINT ( 'NONE',  ( 2.377220685479906503, -14.11600705172761749, -0.3453532993167499621 ) ) ;
#7202 = CARTESIAN_POINT ( 'NONE',  ( -2.391123853863291515, -47.01986959278063694, -7.694325991185280600 ) ) ;
#7203 = CIRCLE ( 'NONE', #218, 1.825000000000000178 ) ;
#7204 = CARTESIAN_POINT ( 'NONE',  ( -31.84135959627906587, 1.000000000013811174, -11.52294274467146451 ) ) ;
#7205 = ORIENTED_EDGE ( 'NONE', *, *, #6588, .F. ) ;
#7206 = CARTESIAN_POINT ( 'NONE',  ( -8.077873627574224003, -22.21112135110120533, 26.41188284895662619 ) ) ;
#7207 = CARTESIAN_POINT ( 'NONE',  ( -53.08288365767948846, -72.17414890345321510, -1.588117151043349606 ) ) ;
#7208 = CARTESIAN_POINT ( 'NONE',  ( -33.93300448670127878, -47.67822028544098600, 18.41188284895663685 ) ) ;
#7209 = ADVANCED_FACE ( 'NONE', ( #8838 ), #2282, .F. ) ;
#7210 = CARTESIAN_POINT ( 'NONE',  ( -59.83311748020837229, -26.89975953667176967, -6.477278502192550746 ) ) ;
#7211 = EDGE_CURVE ( 'NONE', #6498, #7424, #1367, .T. ) ;
#7212 = CARTESIAN_POINT ( 'NONE',  ( -17.10800448670129370, 28.00000000000000000, 14.41188284895664573 ) ) ;
#7213 = CARTESIAN_POINT ( 'NONE',  ( -23.28244600348924465, -119.6230729217454041, -1.588117151043349162 ) ) ;
#7214 = ORIENTED_EDGE ( 'NONE', *, *, #4396, .T. ) ;
#7215 = CARTESIAN_POINT ( 'NONE',  ( -47.17294802809092857, -81.20703035383559154, 24.41188284895662264 ) ) ;
#7216 = CARTESIAN_POINT ( 'NONE',  ( -54.54896936396983875, -25.58634610376492446, -13.22822741526793777 ) ) ;
#7217 = ORIENTED_EDGE ( 'NONE', *, *, #7442, .T. ) ;
#7218 = VECTOR ( 'NONE', #3797, 1000.000000000000000 ) ;
#7219 = ORIENTED_EDGE ( 'NONE', *, *, #702, .F. ) ;
#7220 = FACE_BOUND ( 'NONE', #1396, .T. ) ;
#7221 = FACE_BOUND ( 'NONE', #6739, .T. ) ;
#7222 = FACE_OUTER_BOUND ( 'NONE', #5041, .T. ) ;
#7223 = EDGE_CURVE ( 'NONE', #491, #7141, #1176, .T. ) ;
#7224 = ORIENTED_EDGE ( 'NONE', *, *, #3604, .F. ) ;
#7225 = DIRECTION ( 'NONE',  ( -0.000000000000000000, -0.000000000000000000, -1.000000000000000000 ) ) ;
#7226 = CIRCLE ( 'NONE', #4751, 1.649999999999998579 ) ;
#7227 = CARTESIAN_POINT ( 'NONE',  ( -33.09022761852720151, -78.22672333202052641, 26.40433948609688386 ) ) ;
#7228 = CARTESIAN_POINT ( 'NONE',  ( -9.542756499483338928, -71.57816190659464439, -10.75390816507901803 ) ) ;
#7229 = DIRECTION ( 'NONE',  ( -1.000000000000000000, 0.000000000000000000, 0.000000000000000000 ) ) ;
#7230 = EDGE_LOOP ( 'NONE', ( #7362, #2924, #373, #5911, #1172, #6134 ) ) ;
#7231 = DIRECTION ( 'NONE',  ( -1.000000000000000000, 0.000000000000000000, 0.000000000000000000 ) ) ;
#7232 = EDGE_LOOP ( 'NONE', ( #8106, #8432, #1199, #2188, #8193, #2576, #5877, #4639 ) ) ;
#7233 = CARTESIAN_POINT ( 'NONE',  ( -61.90473936910024122, -25.75283367613868535, -7.644426172960930188 ) ) ;
#7234 = AXIS2_PLACEMENT_3D ( 'NONE', #1062, #1158, #3244 ) ;
#7235 = B_SPLINE_CURVE_WITH_KNOTS ( 'NONE', 3,
 ( #2688, #8849, #1914, #3183, #7533, #6156, #4698, #4012, #8802, #5421, #8940, #5967, #6698, #8755 ),
 .UNSPECIFIED., .F., .F.,
 ( 4, 2, 2, 2, 2, 2, 4 ),
 ( 0.006010139704800301734, 0.006796210501003162145, 0.007189245899104581075, 0.007582281297206000872, 0.007975316695307420670, 0.008368352093408838732, 0.009154422889611683531 ),
 .UNSPECIFIED. ) ;
#7236 = EDGE_CURVE ( 'NONE', #5545, #5811, #8067, .T. ) ;
#7237 = ORIENTED_EDGE ( 'NONE', *, *, #5036, .T. ) ;
#7238 = CARTESIAN_POINT ( 'NONE',  ( -9.661035447002467080, -59.56793411049424947, -10.78393460181067098 ) ) ;
#7239 = CARTESIAN_POINT ( 'NONE',  ( -61.09646280565309695, -78.09824176176756794, -6.376614541721488116 ) ) ;
#7240 = B_SPLINE_CURVE_WITH_KNOTS ( 'NONE', 3,
 ( #5895, #4624, #8684, #7959, #2431, #4531, #5216, #1705, #467, #4493, #8767, #3842, #3245, #380, #3154, #7309, #2476, #291, #5258, #3061, #8046, #8638, #3200, #1794, #7409, #5983, #4578, #1114, #2518, #8093 ),
 .UNSPECIFIED., .F., .F.,
 ( 4, 2, 2, 2, 2, 2, 2, 2, 2, 2, 2, 2, 2, 2, 4 ),
 ( 0.000000000000000000, 0.1165924198250222615, 0.1748886297375332743, 0.2331848396500443010, 0.2623329446062998005, 0.2914810495625553277, 0.3206291545188107994, 0.3497772594750663266, 0.4080734693875773811, 0.4663696793000886021, 0.4955177842563440738, 0.5246658892125998230, 0.5538139941688553503, 0.5829620991251108775, 0.5925254179210572847 ),
 .UNSPECIFIED. ) ;
#7241 = VERTEX_POINT ( 'NONE', #7157 ) ;
#7242 = CARTESIAN_POINT ( 'NONE',  ( -54.46883020151098975, -73.92898481117106257, -9.189971555960967819 ) ) ;
#7243 = CARTESIAN_POINT ( 'NONE',  ( -48.25249452688214546, -5.297998149311190730, -4.766545280260086059 ) ) ;
#7244 = ORIENTED_EDGE ( 'NONE', *, *, #8443, .T. ) ;
#7245 = CARTESIAN_POINT ( 'NONE',  ( -62.11011802435728413, -45.91662568428169067, -7.515791875895446950 ) ) ;
#7246 = CARTESIAN_POINT ( 'NONE',  ( -5.717583328802841258, -77.05999571520507629, -0.9087735828308199926 ) ) ;
#7247 = CARTESIAN_POINT ( 'NONE',  ( -4.274095545091626036, -24.72696619713280697, -6.472840870218097287 ) ) ;
#7248 = CARTESIAN_POINT ( 'NONE',  ( 1.260548601642722533, -15.55738622282105510, -2.533100255368821774 ) ) ;
#7249 = VECTOR ( 'NONE', #4093, 1000.000000000000000 ) ;
#7250 = CARTESIAN_POINT ( 'NONE',  ( -54.11909821871958570, 0.9957411628746827281, 2.838635195923818966 ) ) ;
#7251 = CARTESIAN_POINT ( 'NONE',  ( -9.851142199843948788, 2.374287881154447000, 3.447184576001289802 ) ) ;
#7252 = ORIENTED_EDGE ( 'NONE', *, *, #1424, .T. ) ;
#7253 = CARTESIAN_POINT ( 'NONE',  ( -48.85389401924830821, -0.8306885718124075169, -5.850897637866193435 ) ) ;
#7254 = CYLINDRICAL_SURFACE ( 'NONE', #2418, 1.825000000000000178 ) ;
#7255 = CARTESIAN_POINT ( 'NONE',  ( -50.23583895970637059, 22.76731714681091390, 7.189660626734410975 ) ) ;
#7256 = CARTESIAN_POINT ( 'NONE',  ( -61.10344769076773019, -37.42100498826192734, -5.631720087149189702 ) ) ;
#7257 = CARTESIAN_POINT ( 'NONE',  ( -53.24993300018616793, -72.42060695683439064, -9.420247113468978029 ) ) ;
#7258 = CARTESIAN_POINT ( 'NONE',  ( -25.21640989575404035, -9.025595524702609396, -8.315135539035212631 ) ) ;
#7259 = ORIENTED_EDGE ( 'NONE', *, *, #7276, .T. ) ;
#7260 = CARTESIAN_POINT ( 'NONE',  ( -32.10800448670241281, 5.000000000000024869, 23.41188284895664040 ) ) ;
#7261 = CARTESIAN_POINT ( 'NONE',  ( -7.756651696407730334, -56.74860668495230698, -10.22135087662989150 ) ) ;
#7262 = ADVANCED_FACE ( 'NONE', ( #5323 ), #1904, .F. ) ;
#7263 = ORIENTED_EDGE ( 'NONE', *, *, #4558, .T. ) ;
#7264 = LINE ( 'NONE', #2428, #7474 ) ;
#7265 = CARTESIAN_POINT ( 'NONE',  ( -32.10800448670126883, -38.00442471284927848, 18.41188284895663685 ) ) ;
#7266 = CARTESIAN_POINT ( 'NONE',  ( -63.24797559786560441, -19.59986141106441693, -6.095852080483296298 ) ) ;
#7267 = DIRECTION ( 'NONE',  ( 0.000000000000000000, 0.000000000000000000, -1.000000000000000000 ) ) ;
#7268 = EDGE_LOOP ( 'NONE', ( #2792, #6600, #1520, #4855 ) ) ;
#7269 = CARTESIAN_POINT ( 'NONE',  ( -1.619072143477191750, -79.94142367623865653, -5.352750724102581792 ) ) ;
#7270 = CARTESIAN_POINT ( 'NONE',  ( 0.4791817350972733536, -7.547569973033571245, 7.189660626734402094 ) ) ;
#7271 =( BOUNDED_CURVE ( )  B_SPLINE_CURVE ( 3, ( #8623, #959, #321, #7990 ),
 .UNSPECIFIED., .F., .F. ) 
 B_SPLINE_CURVE_WITH_KNOTS ( ( 4, 4 ),
 ( 4.712388980384689674, 4.774384664727430838 ),
 .UNSPECIFIED. ) 
 CURVE ( )  GEOMETRIC_REPRESENTATION_ITEM ( )  RATIONAL_B_SPLINE_CURVE ( ( 1.000000000000000000, 0.9996797369056373839, 0.9996797369056373839, 1.000000000000000000 ) ) 
 REPRESENTATION_ITEM ( '' )  );
#7272 = CARTESIAN_POINT ( 'NONE',  ( -9.589892013896340828, -59.42922635860136182, -10.76572351634447067 ) ) ;
#7273 = CARTESIAN_POINT ( 'NONE',  ( -3.108004486699574187, -38.00442471284928558, 26.41188284895664040 ) ) ;
#7274 = EDGE_CURVE ( 'NONE', #853, #3837, #6814, .T. ) ;
#7275 = ORIENTED_EDGE ( 'NONE', *, *, #7351, .F. ) ;
#7276 = EDGE_CURVE ( 'NONE', #6395, #7931, #4232, .T. ) ;
#7277 = CARTESIAN_POINT ( 'NONE',  ( 0.2519895785779504571, -78.73245799344576312, -4.051900375309354096 ) ) ;
#7278 = ORIENTED_EDGE ( 'NONE', *, *, #4885, .F. ) ;
#7279 = CARTESIAN_POINT ( 'NONE',  ( -61.06900688527898780, -78.11860834959389877, 0.1853965123018568861 ) ) ;
#7280 = ORIENTED_EDGE ( 'NONE', *, *, #2486, .T. ) ;
#7281 = CARTESIAN_POINT ( 'NONE',  ( -10.86863209262090457, -67.75611028958539350, -11.06096895701314153 ) ) ;
#7282 = CARTESIAN_POINT ( 'NONE',  ( 0.3622850215957062470, -6.289918462009802091, 13.95751005548179258 ) ) ;
#7283 = ORIENTED_EDGE ( 'NONE', *, *, #5485, .F. ) ;
#7284 = EDGE_CURVE ( 'NONE', #2377, #8012, #3498, .T. ) ;
#7285 = CARTESIAN_POINT ( 'NONE',  ( -34.64213081907679737, -9.115357512064429457, 108.4362694665913835 ) ) ;
#7286 = CARTESIAN_POINT ( 'NONE',  ( -35.60800448670127594, -84.85808688002525457, 8.411882848956651060 ) ) ;
#7287 = ORIENTED_EDGE ( 'NONE', *, *, #6883, .T. ) ;
#7288 = CARTESIAN_POINT ( 'NONE',  ( -63.21530254377831426, -37.68358450049533559, -6.770162136121870233 ) ) ;
#7289 = CARTESIAN_POINT ( 'NONE',  ( -0.4949724699937770866, -78.65903565306317091, 1.497279638680241609 ) ) ;
#7290 = CARTESIAN_POINT ( 'NONE',  ( -53.93813877120597766, -72.46486576140128477, -9.871760342615530703 ) ) ;
#7291 = CARTESIAN_POINT ( 'NONE',  ( 0.1536291611274424040, -17.34760943410260126, -4.435871669317006827 ) ) ;
#7292 = CARTESIAN_POINT ( 'NONE',  ( -54.50195423683605611, 3.065285208535546424, 3.827505920847481313 ) ) ;
#7293 = ADVANCED_FACE ( 'NONE', ( #2677 ), #6282, .F. ) ;
#7294 = CARTESIAN_POINT ( 'NONE',  ( -9.846136485056806720, 2.400562053985653144, 3.460523675210049444 ) ) ;
#7295 = ORIENTED_EDGE ( 'NONE', *, *, #6383, .T. ) ;
#7296 = DIRECTION ( 'NONE',  ( 0.000000000000000000, 0.000000000000000000, -1.000000000000000000 ) ) ;
#7297 = CARTESIAN_POINT ( 'NONE',  ( -19.28244600348924465, -84.66139933366410730, 21.59066045713899840 ) ) ;
#7298 = DIRECTION ( 'NONE',  ( 3.469446951953611033E-15, 1.000000000000000000, 0.000000000000000000 ) ) ;
#7299 = DIRECTION ( 'NONE',  ( 0.8583439052881717268, 0.5130747901180197079, 0.000000000000000000 ) ) ;
#7300 = CARTESIAN_POINT ( 'NONE',  ( -43.72650333979775183, -38.17822028544185997, -13.22822741526793955 ) ) ;
#7301 = CARTESIAN_POINT ( 'NONE',  ( -27.39190707722424278, -9.188338553392648933, -8.619264047136164564 ) ) ;
#7302 = ORIENTED_EDGE ( 'NONE', *, *, #3858, .F. ) ;
#7303 = CARTESIAN_POINT ( 'NONE',  ( -26.45115023720892466, -43.83507453493427874, -13.22822741526793955 ) ) ;
#7304 = CARTESIAN_POINT ( 'NONE',  ( -4.577528567408351456, -47.12292685164362638, -6.700231586627226399 ) ) ;
#7305 = VERTEX_POINT ( 'NONE', #7608 ) ;
#7306 = PLANE ( 'NONE',  #7626 ) ;
#7307 = CARTESIAN_POINT ( 'NONE',  ( -52.93356296991328236, -78.75818478260559630, 24.41188284895663685 ) ) ;
#7308 = CARTESIAN_POINT ( 'NONE',  ( -60.40061030361877670, -22.16080701278916720, -6.033167839310015879 ) ) ;
#7309 = CARTESIAN_POINT ( 'NONE',  ( -51.97576269359321799, -61.67130946531852231, -9.654391862561491067 ) ) ;
#7310 = VERTEX_POINT ( 'NONE', #8251 ) ;
#7311 = CARTESIAN_POINT ( 'NONE',  ( -1.753530959022505442, -79.90460010462113871, -5.443581278465848605 ) ) ;
#7312 = CIRCLE ( 'NONE', #6436, 1.825000000000003730 ) ;
#7313 = EDGE_CURVE ( 'NONE', #559, #4136, #1999, .T. ) ;
#7314 = DIRECTION ( 'NONE',  ( -1.000000000000000000, 0.000000000000000000, 0.000000000000000000 ) ) ;
#7315 = CARTESIAN_POINT ( 'NONE',  ( -9.992961728434394786, -60.27553724174580196, -10.86613496801612833 ) ) ;
#7316 = CARTESIAN_POINT ( 'NONE',  ( -29.57387815432574030, -9.115357512064429457, -8.792177366502397007 ) ) ;
#7317 = ORIENTED_EDGE ( 'NONE', *, *, #6279, .F. ) ;
#7318 = CARTESIAN_POINT ( 'NONE',  ( -2.945716756739087838, -78.14984363262045974, -6.273420173274060652 ) ) ;
#7319 = ORIENTED_EDGE ( 'NONE', *, *, #8832, .F. ) ;
#7320 = AXIS2_PLACEMENT_3D ( 'NONE', #1756, #388, #1617 ) ;
#7321 = CARTESIAN_POINT ( 'NONE',  ( -61.10800448670296703, -38.00442471284927848, 18.41188284895663685 ) ) ;
#7322 = EDGE_LOOP ( 'NONE', ( #5306, #8395 ) ) ;
#7323 = CARTESIAN_POINT ( 'NONE',  ( -8.716483434303448519, -57.95788602206548745, -10.52660340853449483 ) ) ;
#7324 = EDGE_CURVE ( 'NONE', #3057, #6776, #1038, .T. ) ;
#7325 = CARTESIAN_POINT ( 'NONE',  ( -61.24331263335699305, -78.14248680501241040, -6.289943388971252602 ) ) ;
#7326 =( BOUNDED_SURFACE ( )  B_SPLINE_SURFACE ( 3, 2, ( 
 ( #6245, #4789, #8932 ),
 ( #2003, #6875, #8841 ),
 ( #7429, #630, #2633 ),
 ( #2681, #1957, #1908 ),
 ( #6929, #4692, #2592 ),
 ( #7570, #1362, #1277 ),
 ( #4831, #4741, #1230 ),
 ( #5463, #2545, #1319 ),
 ( #7478, #1180, #3955 ),
 ( #8209, #3412, #6197 ),
 ( #7526, #5514, #6740 ),
 ( #6147, #8981, #492 ),
 ( #8303, #2048, #722 ),
 ( #2777, #6367, #4878 ),
 ( #168, #7747, #7710 ),
 ( #3501, #8433, #3540 ) ),
 .UNSPECIFIED., .F., .F., .F. ) 
 B_SPLINE_SURFACE_WITH_KNOTS ( ( 4, 2, 2, 2, 2, 2, 2, 4 ),
 ( 3, 3 ),
 ( 6.283185307179586232, 6.409674861160842063, 6.536164415142097894, 6.662653969123354614, 6.789143523104610445, 6.915633077085866276, 7.042122631067122995, 7.295101739029634658 ),
 ( 0.000000000000000000, 1.000000000000000000 ),
 .UNSPECIFIED. ) 
 GEOMETRIC_REPRESENTATION_ITEM ( )  RATIONAL_B_SPLINE_SURFACE ( (
 ( 1.000000000000000000, 0.8697915813912029392, 1.000000000000000000),
 ( 1.000000000000000000, 0.8697897581459543837, 1.000000000000000000),
 ( 1.000000000000000000, 0.8705428658418463694, 1.000000000000000000),
 ( 1.000000000000000000, 0.8734892106217986285, 1.000000000000000000),
 ( 1.000000000000000000, 0.8756837912945835134, 1.000000000000000000),
 ( 1.000000000000000000, 0.8813467166099594463, 1.000000000000000000),
 ( 1.000000000000000000, 0.8848142241799736851, 1.000000000000000000),
 ( 1.000000000000000000, 0.8927620989878303215, 1.000000000000000000),
 ( 1.000000000000000000, 0.8972414595847494345, 1.000000000000000000),
 ( 1.000000000000000000, 0.9068896610837960948, 1.000000000000000000),
 ( 1.000000000000000000, 0.9120575051598747152, 1.000000000000000000),
 ( 1.000000000000000000, 0.9227275393895135736, 1.000000000000000000),
 ( 1.000000000000000000, 0.9282288638975406680, 1.000000000000000000),
 ( 1.000000000000000000, 0.9446965546178811568, 1.000000000000000000),
 ( 1.000000000000000000, 0.9556151838088203787, 1.000000000000000000),
 ( 1.000000000000000000, 0.9651684913044563663, 1.000000000000000000) ) ) 
 REPRESENTATION_ITEM ( '' )  SURFACE ( )  );
#7327 = EDGE_CURVE ( 'NONE', #2110, #3254, #8976, .T. ) ;
#7328 = AXIS2_PLACEMENT_3D ( 'NONE', #1726, #7934, #4420 ) ;
#7329 = B_SPLINE_CURVE_WITH_KNOTS ( 'NONE', 3,
 ( #2392, #1664, #7966, #5494 ),
 .UNSPECIFIED., .F., .F.,
 ( 4, 4 ),
 ( 7.023086426956682172E-18, 0.002800487372166386626 ),
 .UNSPECIFIED. ) ;
#7330 = ORIENTED_EDGE ( 'NONE', *, *, #8114, .T. ) ;
#7331 = CARTESIAN_POINT ( 'NONE',  ( -29.08295747158943811, -5.484395752076611785, -11.52223254349466686 ) ) ;
#7332 = DIRECTION ( 'NONE',  ( -1.000000000000000000, 0.000000000000000000, 0.000000000000000000 ) ) ;
#7333 = VECTOR ( 'NONE', #1102, 1000.000000000000114 ) ;
#7334 = AXIS2_PLACEMENT_3D ( 'NONE', #4734, #8248, #6732 ) ;
#7335 = CARTESIAN_POINT ( 'NONE',  ( -41.30443884329672244, -8.579777734440357406, -7.816573973623827776 ) ) ;
#7336 = ORIENTED_EDGE ( 'NONE', *, *, #8114, .F. ) ;
#7337 = CARTESIAN_POINT ( 'NONE',  ( -21.28244600348924820, -121.6230729217454041, 8.411882848956651060 ) ) ;
#7338 = CARTESIAN_POINT ( 'NONE',  ( -8.160259834138290813, -75.42267236148701670, -1.544474069485879175 ) ) ;
#7339 = CARTESIAN_POINT ( 'NONE',  ( -64.69519070849985098, -7.547569973033553481, 7.189660626734403870 ) ) ;
#7340 = EDGE_CURVE ( 'NONE', #3862, #8664, #5006, .T. ) ;
#7341 = DIRECTION ( 'NONE',  ( -0.000000000000000000, -0.000000000000000000, 1.000000000000000000 ) ) ;
#7342 = CIRCLE ( 'NONE', #1214, 3.500000000000003109 ) ;
#7343 = CARTESIAN_POINT ( 'NONE',  ( -54.27759898160117302, 1.905700778716485466, 3.220088131953074306 ) ) ;
#7344 = FACE_OUTER_BOUND ( 'NONE', #2864, .T. ) ;
#7345 = ORIENTED_EDGE ( 'NONE', *, *, #8728, .T. ) ;
#7346 = CARTESIAN_POINT ( 'NONE',  ( -49.79348067574716907, -0.01016385894513159235, -4.848511203187355179 ) ) ;
#7347 = AXIS2_PLACEMENT_3D ( 'NONE', #2316, #854, #1542 ) ;
#7348 = DIRECTION ( 'NONE',  ( 0.000000000000000000, -1.000000000000000000, 0.000000000000000000 ) ) ;
#7349 = FACE_OUTER_BOUND ( 'NONE', #4970, .T. ) ;
#7350 = DIRECTION ( 'NONE',  ( -0.000000000000000000, -0.000000000000000000, 1.000000000000000000 ) ) ;
#7351 = EDGE_CURVE ( 'NONE', #7870, #6528, #7188, .T. ) ;
#7352 = LINE ( 'NONE', #8084, #6606 ) ;
#7353 = CARTESIAN_POINT ( 'NONE',  ( -27.82847517289397032, -9.193054064370560496, -8.664046815497684406 ) ) ;
#7354 = ORIENTED_EDGE ( 'NONE', *, *, #137, .T. ) ;
#7355 = CARTESIAN_POINT ( 'NONE',  ( -55.46012844125293384, -57.86849011025808664, -10.53814089804856380 ) ) ;
#7356 = CARTESIAN_POINT ( 'NONE',  ( -7.705510567978039127, -53.67576020321552477, -8.372569510370064805 ) ) ;
#7357 = ORIENTED_EDGE ( 'NONE', *, *, #5607, .F. ) ;
#7358 = LINE ( 'NONE', #3705, #7908 ) ;
#7359 = CARTESIAN_POINT ( 'NONE',  ( -47.31166319492041339, -81.06308107752757053, 24.52944785836281838 ) ) ;
#7360 = CARTESIAN_POINT ( 'NONE',  ( -64.77046957418004069, -16.49683484428765823, -3.690059960273754491 ) ) ;
#7361 = DIRECTION ( 'NONE',  ( -0.000000000000000000, 1.000000000000000000, -0.000000000000000000 ) ) ;
#7362 = ORIENTED_EDGE ( 'NONE', *, *, #6677, .T. ) ;
#7363 = CARTESIAN_POINT ( 'NONE',  ( -1.751552738167480250, -15.42597822684495945, 1.411882848956637293 ) ) ;
#7364 = CARTESIAN_POINT ( 'NONE',  ( -32.35468393428021017, -78.35810371561578336, 26.38726219972022591 ) ) ;
#7365 = CARTESIAN_POINT ( 'NONE',  ( -10.58608444655799907, -68.96955157293427874, -11.00153823100093042 ) ) ;
#7366 = CARTESIAN_POINT ( 'NONE',  ( -41.17031158508769551, -4.804025886255812061, -10.43184531241318780 ) ) ;
#7367 = EDGE_LOOP ( 'NONE', ( #579, #2620, #1679, #6358 ) ) ;
#7368 = EDGE_LOOP ( 'NONE', ( #7924, #796, #5998, #5186 ) ) ;
#7369 = CARTESIAN_POINT ( 'NONE',  ( -65.14656423547229736, -6.625291294253042196, 14.83156911034288861 ) ) ;
#7370 = ORIENTED_EDGE ( 'NONE', *, *, #7599, .F. ) ;
#7371 = CIRCLE ( 'NONE', #4752, 2.149999999999999023 ) ;
#7372 = CARTESIAN_POINT ( 'NONE',  ( -9.369436176736058997, -59.01729357384117947, -10.70822734085212069 ) ) ;
#7373 = DIRECTION ( 'NONE',  ( 0.000000000000000000, 0.000000000000000000, 1.000000000000000000 ) ) ;
#7374 = VERTEX_POINT ( 'NONE', #2088 ) ;
#7375 = CIRCLE ( 'NONE', #5480, 1.825000000000000178 ) ;
#7376 = CARTESIAN_POINT ( 'NONE',  ( 0.7491247805348484334, -13.51625347307356684, 0.9796649716190480861 ) ) ;
#7377 = ADVANCED_FACE ( 'NONE', ( #4875 ), #4456, .T. ) ;
#7378 = CARTESIAN_POINT ( 'NONE',  ( -8.577073360466631158, -72.86993312515014054, -10.48367569626311280 ) ) ;
#7379 = EDGE_CURVE ( 'NONE', #4735, #491, #1485, .T. ) ;
#7380 = CARTESIAN_POINT ( 'NONE',  ( -32.10800448670127594, -28.67822028544097890, -13.22822741526793955 ) ) ;
#7381 = ORIENTED_EDGE ( 'NONE', *, *, #138, .F. ) ;
#7382 = CARTESIAN_POINT ( 'NONE',  ( -63.21060771694295255, -37.39495161424673597, -6.773505958134125926 ) ) ;
#7383 = DIRECTION ( 'NONE',  ( -0.000000000000000000, -0.000000000000000000, -1.000000000000000000 ) ) ;
#7384 = CARTESIAN_POINT ( 'NONE',  ( -51.49427407654851407, -65.45591834062652481, -9.743119878462678685 ) ) ;
#7385 = DIRECTION ( 'NONE',  ( 0.000000000000000000, 0.000000000000000000, -1.000000000000000000 ) ) ;
#7386 = CARTESIAN_POINT ( 'NONE',  ( 9.922126372425774221, -76.75818478260570998, 24.41188284895663685 ) ) ;
#7387 = EDGE_CURVE ( 'NONE', #5126, #1405, #2983, .T. ) ;
#7388 = ORIENTED_EDGE ( 'NONE', *, *, #7669, .F. ) ;
#7389 = ADVANCED_FACE ( 'NONE', ( #7185 ), #6912, .T. ) ;
#7390 = CARTESIAN_POINT ( 'NONE',  ( -40.03768085550233025, -5.076051770814517639, -10.75772213022485602 ) ) ;
#7391 = CARTESIAN_POINT ( 'NONE',  ( 0.4756810109447593415, -13.83311594803764955, 0.4097513094876714668 ) ) ;
#7392 = DIRECTION ( 'NONE',  ( 0.000000000000000000, 0.000000000000000000, -1.000000000000000000 ) ) ;
#7393 = DIRECTION ( 'NONE',  ( -0.000000000000000000, -0.000000000000000000, -1.000000000000000000 ) ) ;
#7394 = CARTESIAN_POINT ( 'NONE',  ( -20.13459463617943257, 28.00000000000000355, 0.7019004230703964620 ) ) ;
#7395 = AXIS2_PLACEMENT_3D ( 'NONE', #3453, #3405, #2808 ) ;
#7396 = AXIS2_PLACEMENT_3D ( 'NONE', #27, #2801, #5582 ) ;
#7397 = CARTESIAN_POINT ( 'NONE',  ( -12.29840092715756761, -68.99856697025153096, -9.752244664980109334 ) ) ;
#7398 = EDGE_LOOP ( 'NONE', ( #2768, #7709, #6718 ) ) ;
#7399 = CARTESIAN_POINT ( 'NONE',  ( -10.84963811993443272, -72.57833552168177960, -9.476539081961426803 ) ) ;
#7400 = CARTESIAN_POINT ( 'NONE',  ( -3.137559100684463420, -39.34261759628620325, -5.705167706756933299 ) ) ;
#7401 = VERTEX_POINT ( 'NONE', #80 ) ;
#7402 = EDGE_CURVE ( 'NONE', #3354, #7950, #257, .T. ) ;
#7403 = CARTESIAN_POINT ( 'NONE',  ( -63.03169352544352222, -80.05324298313870202, -4.936866688011967597 ) ) ;
#7404 = DIRECTION ( 'NONE',  ( 0.000000000000000000, 0.000000000000000000, 1.000000000000000000 ) ) ;
#7405 = AXIS2_PLACEMENT_3D ( 'NONE', #7550, #8281, #6815 ) ;
#7406 = CARTESIAN_POINT ( 'NONE',  ( -48.31555542069514075, -79.75880484763931122, 25.59466507353678111 ) ) ;
#7407 = CARTESIAN_POINT ( 'NONE',  ( -60.86044123988246923, -20.57078966868860448, -5.501923748643820389 ) ) ;
#7408 = VECTOR ( 'NONE', #2191, 1000.000000000000000 ) ;
#7409 = CARTESIAN_POINT ( 'NONE',  ( -51.51662635967444714, -64.62039048359146420, -9.739179505884443699 ) ) ;
#7410 = ORIENTED_EDGE ( 'NONE', *, *, #1706, .T. ) ;
#7411 = CARTESIAN_POINT ( 'NONE',  ( -61.22599007474473609, -19.56544941091430090, -5.036637407155403423 ) ) ;
#7412 = CARTESIAN_POINT ( 'NONE',  ( -32.10800448670126883, -74.85808688002526878, 8.411882848956651060 ) ) ;
#7413 = DIRECTION ( 'NONE',  ( -0.7071067811865512365, 0.000000000000000000, 0.7071067811865437980 ) ) ;
#7414 = DIRECTION ( 'NONE',  ( 0.000000000000000000, 0.000000000000000000, -1.000000000000000000 ) ) ;
#7415 = VERTEX_POINT ( 'NONE', #5673 ) ;
#7416 = EDGE_CURVE ( 'NONE', #4908, #4210, #6305, .T. ) ;
#7417 = ORIENTED_EDGE ( 'NONE', *, *, #6599, .F. ) ;
#7418 = DIRECTION ( 'NONE',  ( 1.000000000000000000, 0.000000000000000000, 0.000000000000000000 ) ) ;
#7419 = ORIENTED_EDGE ( 'NONE', *, *, #972, .F. ) ;
#7420 = CARTESIAN_POINT ( 'NONE',  ( -3.994779569581519585, -77.19230385551928464, -8.611612746479329061 ) ) ;
#7421 = DIRECTION ( 'NONE',  ( -0.000000000000000000, -0.000000000000000000, 1.000000000000000000 ) ) ;
#7422 = ORIENTED_EDGE ( 'NONE', *, *, #7094, .T. ) ;
#7423 = CARTESIAN_POINT ( 'NONE',  ( -61.33658660925375727, -76.58202712814983215, -7.989615094634121562 ) ) ;
#7424 = VERTEX_POINT ( 'NONE', #7052 ) ;
#7425 = CARTESIAN_POINT ( 'NONE',  ( -9.520186451805503935, -71.74599121493371001, -10.74775858890829383 ) ) ;
#7426 = CARTESIAN_POINT ( 'NONE',  ( -7.159644731970272957, -74.18410202808223630, -10.01112467229481950 ) ) ;
#7427 = CARTESIAN_POINT ( 'NONE',  ( -23.28244600348924465, -86.75818478260563893, -1.588117151043349606 ) ) ;
#7428 = ORIENTED_EDGE ( 'NONE', *, *, #6127, .T. ) ;
#7429 = CARTESIAN_POINT ( 'NONE',  ( -65.32746059237730663, -6.814303277998842390, 12.21940191730703340 ) ) ;
#7430 = CARTESIAN_POINT ( 'NONE',  ( -32.10800448670127594, -22.17822028544098245, 18.41188284895663685 ) ) ;
#7431 = CARTESIAN_POINT ( 'NONE',  ( -50.62944839326710422, 0.8401891360741770010, -3.770384594529971878 ) ) ;
#7432 = AXIS2_PLACEMENT_3D ( 'NONE', #1337, #6900, #4120 ) ;
#7433 = CARTESIAN_POINT ( 'NONE',  ( -54.24179874872498885, 1.705611850453016887, 3.131046103855370966 ) ) ;
#7434 = DIRECTION ( 'NONE',  ( 0.000000000000000000, 0.000000000000000000, -1.000000000000000000 ) ) ;
#7435 = EDGE_LOOP ( 'NONE', ( #3155, #4273 ) ) ;
#7436 = FACE_OUTER_BOUND ( 'NONE', #7941, .T. ) ;
#7437 = CARTESIAN_POINT ( 'NONE',  ( -28.69489836499733570, 7.110019159068062145, -10.58647827570919375 ) ) ;
#7438 = CARTESIAN_POINT ( 'NONE',  ( -2.188529624484720770, -28.85896097915195568, -7.567360615332494156 ) ) ;
#7439 = CARTESIAN_POINT ( 'NONE',  ( 7.677405601547220293, -22.60293530307993493, 3.787263500165285457 ) ) ;
#7440 = CARTESIAN_POINT ( 'NONE',  ( -62.67703788326387127, -78.36619495972652771, -7.143732785057157031 ) ) ;
#7441 = CIRCLE ( 'NONE', #4240, 1.649999999999991696 ) ;
#7442 = EDGE_CURVE ( 'NONE', #5345, #8608, #1078, .T. ) ;
#7443 = EDGE_CURVE ( 'NONE', #7585, #5126, #8601, .T. ) ;
#7444 = CARTESIAN_POINT ( 'NONE',  ( -20.72566068460181299, -122.1798582406325266, -0.7512690276579516713 ) ) ;
#7445 = EDGE_LOOP ( 'NONE', ( #4916, #4474, #4961, #8746 ) ) ;
#7446 = CARTESIAN_POINT ( 'NONE',  ( -3.164167262381562207, -78.08384274672657455, -6.402255932957080731 ) ) ;
#7447 = CARTESIAN_POINT ( 'NONE',  ( -7.852235818259909905, -53.90192849695253585, -8.436487762802721946 ) ) ;
#7448 = ORIENTED_EDGE ( 'NONE', *, *, #82, .F. ) ;
#7449 = B_SPLINE_SURFACE_WITH_KNOTS ( 'NONE', 1, 3, ( 
 ( #6827, #3358, #6140, #5453, #8247, #6236, #9020, #1995, #2769, #4780 ),
 ( #7603, #1352, #6921, #8339, #2082, #4870, #7047, #8384, #2208, #2934 ) ),
 .UNSPECIFIED., .F., .F., .F.,
 ( 2, 2 ),
 ( 4, 2, 2, 2, 4 ),
 ( 0.000000000000000000, 1.000000000000000000 ),
 ( 0.000000000000000000, 0.002048360353666818425, 0.004096720707333636850, 0.006145081061000454842, 0.008193441414667273701 ),
 .UNSPECIFIED. ) ;
#7450 = CARTESIAN_POINT ( 'NONE',  ( -53.79579014588360764, -61.12454116827132822, -10.96514370921802062 ) ) ;
#7451 = CARTESIAN_POINT ( 'NONE',  ( -12.68477732587505358, -2.258506430399172871, -1.856357737921022322 ) ) ;
#7452 = CARTESIAN_POINT ( 'NONE',  ( -1.309599320083412621, -20.74923089882721072, -6.619998265615508082 ) ) ;
#7453 = CARTESIAN_POINT ( 'NONE',  ( -64.99643427056523137, -16.13261250723513740, -3.298243380433765193 ) ) ;
#7454 = DIRECTION ( 'NONE',  ( 1.000000000000000000, 0.000000000000000000, 0.000000000000000000 ) ) ;
#7455 = ORIENTED_EDGE ( 'NONE', *, *, #5377, .F. ) ;
#7456 = CARTESIAN_POINT ( 'NONE',  ( -62.15955532487839719, -17.53494258447460652, -3.735098328344642837 ) ) ;
#7457 = ADVANCED_FACE ( 'NONE', ( #7139 ), #3291, .F. ) ;
#7458 = CARTESIAN_POINT ( 'NONE',  ( -40.93356296991329657, -119.6230729217454041, -1.588117151043349606 ) ) ;
#7459 = CARTESIAN_POINT ( 'NONE',  ( -3.807529497035509358, -22.13496115920924368, -6.087557427927690945 ) ) ;
#7460 = CARTESIAN_POINT ( 'NONE',  ( -43.51871500735101961, -4.015491719042424634, -9.532908029919170190 ) ) ;
#7461 = ORIENTED_EDGE ( 'NONE', *, *, #6795, .T. ) ;
#7462 = VERTEX_POINT ( 'NONE', #6454 ) ;
#7463 = CARTESIAN_POINT ( 'NONE',  ( -65.05319443866723361, -78.75319878232976123, 2.181428804319725856 ) ) ;
#7464 = EDGE_LOOP ( 'NONE', ( #4724, #4441, #1461, #4847 ) ) ;
#7465 = CARTESIAN_POINT ( 'NONE',  ( -11.16929506053057075, -58.80821121308748189, -9.511653005859864507 ) ) ;
#7466 = CARTESIAN_POINT ( 'NONE',  ( -30.45800448670127381, -94.85808688002525457, 8.411882848956651060 ) ) ;
#7467 = EDGE_CURVE ( 'NONE', #7828, #2315, #7130, .T. ) ;
#7468 = ORIENTED_EDGE ( 'NONE', *, *, #4783, .F. ) ;
#7469 = FACE_OUTER_BOUND ( 'NONE', #2811, .T. ) ;
#7470 = AXIS2_PLACEMENT_3D ( 'NONE', #2799, #4301, #1511 ) ;
#7471 = ORIENTED_EDGE ( 'NONE', *, *, #2115, .T. ) ;
#7472 = CARTESIAN_POINT ( 'NONE',  ( -16.02438901040075336, -80.00618155152912436, 25.39262970895834925 ) ) ;
#7473 = DIRECTION ( 'NONE',  ( -1.000000000000000000, 0.000000000000000000, 0.000000000000000000 ) ) ;
#7474 = VECTOR ( 'NONE', #8043, 1000.000000000000000 ) ;
#7475 = CARTESIAN_POINT ( 'NONE',  ( -16.03084897349712179, -71.48596535551243392, 8.411882848956651060 ) ) ;
#7476 = CIRCLE ( 'NONE', #3088, 1.825000000000000178 ) ;
#7477 = ORIENTED_EDGE ( 'NONE', *, *, #8660, .T. ) ;
#7478 = CARTESIAN_POINT ( 'NONE',  ( -63.56626403223933153, -8.856827861075229791, 2.769986484939703342 ) ) ;
#7479 = CARTESIAN_POINT ( 'NONE',  ( -66.35732390253046731, -14.24702956482960481, -0.7221040599332128052 ) ) ;
#7480 = DIRECTION ( 'NONE',  ( 1.000000000000000000, 0.000000000000000000, 0.000000000000000000 ) ) ;
#7481 = CARTESIAN_POINT ( 'NONE',  ( -30.12028714415798092, -9.067429837037424889, -8.830925432338702308 ) ) ;
#7482 = VECTOR ( 'NONE', #3469, 1000.000000000000000 ) ;
#7483 = FACE_OUTER_BOUND ( 'NONE', #5190, .T. ) ;
#7484 = CARTESIAN_POINT ( 'NONE',  ( -50.64367354473215954, -3.238101835969903419, -2.820991170295832351 ) ) ;
#7485 = LINE ( 'NONE', #451, #6317 ) ;
#7486 = CARTESIAN_POINT ( 'NONE',  ( -3.932031318021969923, -31.13357083797228952, -6.268348832361025913 ) ) ;
#7487 = CARTESIAN_POINT ( 'NONE',  ( -20.36669388582692974, -3.877861991732188152, -9.378112263750269406 ) ) ;
#7488 = CARTESIAN_POINT ( 'NONE',  ( 1.157472594550101430, -6.760931055914099375, 14.41188284895664573 ) ) ;
#7489 = VECTOR ( 'NONE', #4364, 1000.000000000000114 ) ;
#7490 = CARTESIAN_POINT ( 'NONE',  ( -59.99371086816271514, -77.15517560207790382, -8.728243519928470917 ) ) ;
#7491 = CIRCLE ( 'NONE', #3686, 2.000000000000001776 ) ;
#7492 = CARTESIAN_POINT ( 'NONE',  ( -11.54526415401969430, -71.28165431006365793, -9.596872233842809408 ) ) ;
#7493 = CARTESIAN_POINT ( 'NONE',  ( -1.379781828672708599, -78.52251169479680470, -5.268563103213816490 ) ) ;
#7494 = CARTESIAN_POINT ( 'NONE',  ( -7.034835786018278192, -55.83805981331036605, -9.965521167580339679 ) ) ;
#7495 = VERTEX_POINT ( 'NONE', #212 ) ;
#7496 = CARTESIAN_POINT ( 'NONE',  ( -58.55018341415017602, -78.18050195520214629, -7.541511548918691688 ) ) ;
#7497 = DIRECTION ( 'NONE',  ( 0.000000000000000000, -1.000000000000000000, 0.000000000000000000 ) ) ;
#7498 = EDGE_CURVE ( 'NONE', #615, #1701, #5725, .T. ) ;
#7499 = DIRECTION ( 'NONE',  ( 0.000000000000000000, 0.000000000000000000, 1.000000000000000000 ) ) ;
#7500 = EDGE_CURVE ( 'NONE', #1351, #1186, #3233, .T. ) ;
#7501 = CARTESIAN_POINT ( 'NONE',  ( -66.41322155275670980, -77.45818478260558493, -4.081932985784904488 ) ) ;
#7502 = CARTESIAN_POINT ( 'NONE',  ( -46.33515999990540735, -71.48596535551243392, 8.411882848956651060 ) ) ;
#7503 = CARTESIAN_POINT ( 'NONE',  ( 4.212801007585249558, -10.55417523049020545, 7.087746045788213323 ) ) ;
#7504 = AXIS2_PLACEMENT_3D ( 'NONE', #6417, #6465, #4376 ) ;
#7505 = CARTESIAN_POINT ( 'NONE',  ( -43.27670872042089201, -120.7946457969992053, -1.588117151043347608 ) ) ;
#7506 = LINE ( 'NONE', #3349, #8560 ) ;
#7507 = DIRECTION ( 'NONE',  ( 0.000000000000000000, 0.000000000000000000, -1.000000000000000000 ) ) ;
#7508 = VERTEX_POINT ( 'NONE', #6587 ) ;
#7509 = VERTEX_POINT ( 'NONE', #1715 ) ;
#7510 = DIRECTION ( 'NONE',  ( -0.000000000000000000, -0.000000000000000000, 1.000000000000000000 ) ) ;
#7511 = EDGE_CURVE ( 'NONE', #7773, #4453, #1026, .T. ) ;
#7512 = ORIENTED_EDGE ( 'NONE', *, *, #3979, .F. ) ;
#7513 = CARTESIAN_POINT ( 'NONE',  ( -7.353251932711794225, -74.60413108656914005, -10.08168352861721040 ) ) ;
#7514 = CARTESIAN_POINT ( 'NONE',  ( -66.09841517111354392, -7.216389805285883696, 15.28631760768180570 ) ) ;
#7515 = ORIENTED_EDGE ( 'NONE', *, *, #7153, .F. ) ;
#7516 = CYLINDRICAL_SURFACE ( 'NONE', #7395, 1.650000000000002132 ) ;
#7517 = CARTESIAN_POINT ( 'NONE',  ( -24.64870705177773047, -48.21175024816266586, 1.411882848956637293 ) ) ;
#7518 = VERTEX_POINT ( 'NONE', #8694 ) ;
#7519 = DIRECTION ( 'NONE',  ( 0.000000000000000000, 0.000000000000000000, -1.000000000000000000 ) ) ;
#7520 = CARTESIAN_POINT ( 'NONE',  ( -3.957275279987849448, -76.15134332130297423, -8.592167696104224817 ) ) ;
#7521 = AXIS2_PLACEMENT_3D ( 'NONE', #8310, #1965, #6887 ) ;
#7522 = EDGE_CURVE ( 'NONE', #3924, #6734, #2900, .T. ) ;
#7523 = CIRCLE ( 'NONE', #1109, 1.825000000000000178 ) ;
#7524 = CARTESIAN_POINT ( 'NONE',  ( -38.85800448670128304, 0.000000000000000000, 14.91188284895665639 ) ) ;
#7525 = VERTEX_POINT ( 'NONE', #6043 ) ;
#7526 = CARTESIAN_POINT ( 'NONE',  ( -62.46943838031364038, -10.12885700767349029, -0.07304861497947146010 ) ) ;
#7527 = CARTESIAN_POINT ( 'NONE',  ( -63.99869936260125769, -17.89705941478340279, -4.960439220328344057 ) ) ;
#7528 = CARTESIAN_POINT ( 'NONE',  ( -32.10800448670241281, 5.000000000000024869, -6.588117151043349828 ) ) ;
#7529 = AXIS2_PLACEMENT_3D ( 'NONE', #2797, #3436, #8324 ) ;
#7530 = VECTOR ( 'NONE', #777, 1000.000000000000000 ) ;
#7531 = DIRECTION ( 'NONE',  ( 1.000000000000000000, 0.000000000000000000, 0.000000000000000000 ) ) ;
#7532 = DIRECTION ( 'NONE',  ( -1.000000000000000000, 1.780377182154265206E-15, -0.000000000000000000 ) ) ;
#7533 = CARTESIAN_POINT ( 'NONE',  ( -64.67342685061132102, -6.429691857208707617, 12.43680197390180986 ) ) ;
#7534 = CARTESIAN_POINT ( 'NONE',  ( -4.078489616767702053, -30.37928438012798082, -6.356602609567012507 ) ) ;
#7535 = CARTESIAN_POINT ( 'NONE',  ( 1.477234470563673296, -12.67253105521153422, 2.758707500882379815 ) ) ;
#7536 = CARTESIAN_POINT ( 'NONE',  ( 9.135995745500670395, -12.44595973496614327, 7.832958802173915380 ) ) ;
#7537 = CARTESIAN_POINT ( 'NONE',  ( -60.37135158925789113, -77.36828118861198789, -8.532155382977490987 ) ) ;
#7538 = CARTESIAN_POINT ( 'NONE',  ( -21.70111578038332922, -121.2044031448513124, -1.318112570149196028 ) ) ;
#7539 = CARTESIAN_POINT ( 'NONE',  ( -5.689631409739257073, -77.04268442838102260, -7.709130361427299682 ) ) ;
#7540 = DIRECTION ( 'NONE',  ( -1.000000000000000000, 0.000000000000000000, 0.000000000000000000 ) ) ;
#7541 = ORIENTED_EDGE ( 'NONE', *, *, #1476, .T. ) ;
#7542 = CARTESIAN_POINT ( 'NONE',  ( -53.25143041372733421, -63.18210439490511021, -11.08039891401030808 ) ) ;
#7543 = CARTESIAN_POINT ( 'NONE',  ( -44.55517138691686796, -123.2446813387494728, 0.5950550531474767535 ) ) ;
#7544 = CARTESIAN_POINT ( 'NONE',  ( -11.28244600348924465, -86.75818478260566735, 24.41188284895663685 ) ) ;
#7545 = DIRECTION ( 'NONE',  ( 0.000000000000000000, 0.000000000000000000, -1.000000000000000000 ) ) ;
#7546 = CARTESIAN_POINT ( 'NONE',  ( -64.69168998434729190, -13.83311594803765132, 0.5615641565026012749 ) ) ;
#7547 = AXIS2_PLACEMENT_3D ( 'NONE', #6678, #4723, #1304 ) ;
#7548 = CYLINDRICAL_SURFACE ( 'NONE', #659, 2.149999999999999023 ) ;
#7549 = CARTESIAN_POINT ( 'NONE',  ( -61.13115144422386749, -19.81077082268512157, -5.160193894773485113 ) ) ;
#7550 = CARTESIAN_POINT ( 'NONE',  ( -47.10800448670148199, -76.75818478260561051, 24.41188284895663685 ) ) ;
#7551 = EDGE_CURVE ( 'NONE', #2519, #2802, #3943, .T. ) ;
#7552 = CARTESIAN_POINT ( 'NONE',  ( -2.785459461986118157, -19.06321564055986784, -4.843377103627171998 ) ) ;
#7553 = CARTESIAN_POINT ( 'NONE',  ( -19.53084897349712534, -71.48596535551243392, 26.41188284895664040 ) ) ;
#7554 = AXIS2_PLACEMENT_3D ( 'NONE', #15, #2061, #2790 ) ;
#7555 = EDGE_LOOP ( 'NONE', ( #2927, #3942, #6299, #1229 ) ) ;
#7556 = EDGE_LOOP ( 'NONE', ( #927, #8332, #8344, #5416 ) ) ;
#7557 = DIRECTION ( 'NONE',  ( -0.7061456181296978940, 0.7080666395165265969, 0.000000000000000000 ) ) ;
#7558 = CARTESIAN_POINT ( 'NONE',  ( -2.958714703112998556, -77.71572350847652899, -8.037629934880591520 ) ) ;
#7559 = CARTESIAN_POINT ( 'NONE',  ( -54.51757001814237213, 1.202016984018768664, 3.814103003557914651 ) ) ;
#7560 = ADVANCED_FACE ( 'NONE', ( #8736 ), #4634, .T. ) ;
#7561 = ADVANCED_FACE ( 'NONE', ( #6543 ), #2485, .F. ) ;
#7562 = DIRECTION ( 'NONE',  ( -1.000000000000000000, 0.000000000000000000, -0.000000000000000000 ) ) ;
#7563 = CARTESIAN_POINT ( 'NONE',  ( -9.789755344210014698, 4.879837447288251084, 3.578725095276204193 ) ) ;
#7564 = ORIENTED_EDGE ( 'NONE', *, *, #8074, .T. ) ;
#7565 = B_SPLINE_CURVE_WITH_KNOTS ( 'NONE', 1,
 ( #4297, #3479 ),
 .UNSPECIFIED., .F., .F.,
 ( 2, 2 ),
 ( 0.000000000000000000, 1.000000000000000000 ),
 .UNSPECIFIED. ) ;
#7566 = CARTESIAN_POINT ( 'NONE',  ( -30.12028714415798092, -9.067429837037424889, -8.830925432338702308 ) ) ;
#7567 = CARTESIAN_POINT ( 'NONE',  ( 2.197212579354177020, -77.45818478260561335, -4.081932985784846757 ) ) ;
#7568 = DIRECTION ( 'NONE',  ( 0.000000000000000000, 0.000000000000000000, 1.000000000000000000 ) ) ;
#7569 = EDGE_LOOP ( 'NONE', ( #8466, #394, #307, #5402 ) ) ;
#7570 = CARTESIAN_POINT ( 'NONE',  ( -64.64301457173013432, -7.608080562486755127, 6.843009127196832964 ) ) ;
#7571 = CARTESIAN_POINT ( 'NONE',  ( -28.60800448670127238, -84.85808688002525457, 21.43002350340707451 ) ) ;
#7572 = LINE ( 'NONE', #4103, #4017 ) ;
#7573 = EDGE_CURVE ( 'NONE', #8760, #3048, #432, .T. ) ;
#7574 = CARTESIAN_POINT ( 'NONE',  ( -30.66813964754900113, -9.034980643014577595, -8.851119934708757242 ) ) ;
#7575 = CARTESIAN_POINT ( 'NONE',  ( -7.429349308369911142, -7.463124004206364681, 1.411882848956639291 ) ) ;
#7576 = DIRECTION ( 'NONE',  ( -1.000000000000000000, 0.000000000000000000, 0.000000000000000000 ) ) ;
#7577 = DIRECTION ( 'NONE',  ( -0.000000000000000000, -0.000000000000000000, 1.000000000000000000 ) ) ;
#7578 = CARTESIAN_POINT ( 'NONE',  ( -16.94633216144788079, -2.014867433479348158, -7.253989783558401072 ) ) ;
#7579 = PLANE ( 'NONE',  #192 ) ;
#7580 = CARTESIAN_POINT ( 'NONE',  ( -55.78716474210061449, -73.46789834452651746, -10.43755779155022445 ) ) ;
#7581 = EDGE_CURVE ( 'NONE', #8556, #2896, #1676, .T. ) ;
#7582 = CARTESIAN_POINT ( 'NONE',  ( -22.75895022933347178, -120.6700644700557632, -1.484007853212766292 ) ) ;
#7583 = CARTESIAN_POINT ( 'NONE',  ( -3.091252177522525013, -78.10627462286200284, -6.359555588124991665 ) ) ;
#7584 = CARTESIAN_POINT ( 'NONE',  ( -0.9543988493417584484, -37.37806865225820729, -6.737124942074107281 ) ) ;
#7585 = VERTEX_POINT ( 'NONE', #6726 ) ;
#7586 = CARTESIAN_POINT ( 'NONE',  ( -55.82223457043558312, -57.37602779732294067, -10.43017491581488621 ) ) ;
#7587 = CARTESIAN_POINT ( 'NONE',  ( -44.72926738463124963, -121.5209251291047536, 1.123020206717152858 ) ) ;
#7588 = CARTESIAN_POINT ( 'NONE',  ( -10.48460401029705835, 0.2910208935147766685, 1.930256322390147439 ) ) ;
#7589 = CARTESIAN_POINT ( 'NONE',  ( -0.06125820591425644446, -17.75349127349251788, -4.780278563838325390 ) ) ;
#7590 = CARTESIAN_POINT ( 'NONE',  ( -15.84624179439621550, -79.31036231487702537, 25.96091318491692945 ) ) ;
#7591 = CARTESIAN_POINT ( 'NONE',  ( -67.10922841752720558, -8.163918388143382998, 11.40885136284206247 ) ) ;
#7592 = DIRECTION ( 'NONE',  ( -0.7080753045001139112, 0.7061369294669915808, 0.000000000000000000 ) ) ;
#7593 = CARTESIAN_POINT ( 'NONE',  ( -61.07748625117606878, -39.36328443377539799, -5.650995022166934945 ) ) ;
#7594 = CARTESIAN_POINT ( 'NONE',  ( -2.208248705193823103, -17.82940096002512931, -4.044075895397680753 ) ) ;
#7595 = CARTESIAN_POINT ( 'NONE',  ( -1.901850849317365810, -45.37387869136168916, -7.384133903375510677 ) ) ;
#7596 = VERTEX_POINT ( 'NONE', #3257 ) ;
#7597 = ORIENTED_EDGE ( 'NONE', *, *, #3276, .F. ) ;
#7598 = CARTESIAN_POINT ( 'NONE',  ( -34.93374745536715409, 7.848409399004888876, -10.65696381553830463 ) ) ;
#7599 = EDGE_CURVE ( 'NONE', #6724, #4447, #2240, .T. ) ;
#7600 = VERTEX_POINT ( 'NONE', #5178 ) ;
#7601 = CARTESIAN_POINT ( 'NONE',  ( -5.263498511475912522, -76.39457306769384104, -9.232731716554102519 ) ) ;
#7602 = CARTESIAN_POINT ( 'NONE',  ( -59.86127678412520225, -25.82766560937471922, -6.460879785903882677 ) ) ;
#7603 = CARTESIAN_POINT ( 'NONE',  ( -64.69168998434729190, -13.83311594803765843, 0.5615641565026012749 ) ) ;
#7604 = DIRECTION ( 'NONE',  ( -0.000000000000000000, -0.000000000000000000, 1.000000000000000000 ) ) ;
#7605 = ORIENTED_EDGE ( 'NONE', *, *, #362, .F. ) ;
#7606 = CARTESIAN_POINT ( 'NONE',  ( -15.86403806191896315, -79.66891914193816149, 25.66807575059798907 ) ) ;
#7607 = ORIENTED_EDGE ( 'NONE', *, *, #1919, .T. ) ;
#7608 = CARTESIAN_POINT ( 'NONE',  ( -32.99852145711139428, -9.018100704356699637, -8.851126375469863916 ) ) ;
#7609 = EDGE_CURVE ( 'NONE', #3664, #4526, #6338, .T. ) ;
#7610 = DIRECTION ( 'NONE',  ( 0.000000000000000000, 1.000000000000000000, 0.000000000000000000 ) ) ;
#7611 = EDGE_CURVE ( 'NONE', #4949, #1400, #5301, .T. ) ;
#7612 = EDGE_LOOP ( 'NONE', ( #5848, #5703, #1849, #2460 ) ) ;
#7613 = FACE_BOUND ( 'NONE', #3567, .T. ) ;
#7614 = CARTESIAN_POINT ( 'NONE',  ( -50.62944839326710422, 0.8401891360741770010, -3.770384594529971878 ) ) ;
#7615 = CARTESIAN_POINT ( 'NONE',  ( -39.26858867808099518, -47.16380447682146837, -13.22822741526793955 ) ) ;
#7616 = AXIS2_PLACEMENT_3D ( 'NONE', #2283, #7158, #5787 ) ;
#7617 = CARTESIAN_POINT ( 'NONE',  ( -32.10800448670129015, 15.83706018021505812, -10.81003072201176884 ) ) ;
#7618 = CARTESIAN_POINT ( 'NONE',  ( -38.85800448670128304, 28.00000000000000000, 2.011882848956656478 ) ) ;
#7619 = AXIS2_PLACEMENT_3D ( 'NONE', #656, #6951, #2753 ) ;
#7620 = CYLINDRICAL_SURFACE ( 'NONE', #8939, 3.500000000000003109 ) ;
#7621 = CIRCLE ( 'NONE', #3674, 3.500000000000003109 ) ;
#7622 = CARTESIAN_POINT ( 'NONE',  ( -2.301486917600883864, -26.58522128835391385, -7.638339993417083917 ) ) ;
#7623 = EDGE_CURVE ( 'NONE', #6686, #7950, #5448, .T. ) ;
#7624 = CARTESIAN_POINT ( 'NONE',  ( 2.882692902095086218, -11.04390723342264380, 7.905733255732976694 ) ) ;
#7625 = CARTESIAN_POINT ( 'NONE',  ( 0.2052397703432091713, -7.865270569327531547, 5.819513613604889279 ) ) ;
#7626 = AXIS2_PLACEMENT_3D ( 'NONE', #5978, #1012, #5800 ) ;
#7627 = CARTESIAN_POINT ( 'NONE',  ( -59.61819070306806623, -76.93083827073097325, -8.916808676158495928 ) ) ;
#7628 =( BOUNDED_CURVE ( )  B_SPLINE_CURVE ( 3, ( #8217, #5522, #3282, #8311 ),
 .UNSPECIFIED., .F., .T. ) 
 B_SPLINE_CURVE_WITH_KNOTS ( ( 4, 4 ),
 ( 5.277304162199419224, 6.283185307179586232 ),
 .UNSPECIFIED. ) 
 CURVE ( )  GEOMETRIC_REPRESENTATION_ITEM ( )  RATIONAL_B_SPLINE_CURVE ( ( 1.000000000000000000, 0.9174459894409556782, 0.9174459894409556782, 1.000000000000000000 ) ) 
 REPRESENTATION_ITEM ( '' )  );
#7629 = SURFACE_SIDE_STYLE ('',( #8991 ) ) ;
#7630 = CIRCLE ( 'NONE', #7039, 4.000000000020695445 ) ;
#7631 = PLANE ( 'NONE',  #7554 ) ;
#7632 = DIRECTION ( 'NONE',  ( -0.000000000000000000, -0.000000000000000000, 1.000000000000000000 ) ) ;
#7633 = ORIENTED_EDGE ( 'NONE', *, *, #4163, .T. ) ;
#7634 = CARTESIAN_POINT ( 'NONE',  ( -51.31424993555672387, -2.509941533053253071, 1.429466734029580355 ) ) ;
#7635 = CARTESIAN_POINT ( 'NONE',  ( -54.76966319994139099, -74.81761681298443989, -8.969877965478112003 ) ) ;
#7636 = CARTESIAN_POINT ( 'NONE',  ( -19.28244600348924465, -121.6230729217454183, 0.06873709844903075350 ) ) ;
#7637 = CYLINDRICAL_SURFACE ( 'NONE', #4026, 29.00000000000169820 ) ;
#7638 = CARTESIAN_POINT ( 'NONE',  ( 4.802718156983279307, -11.26165115270365469, 7.078900987542719569 ) ) ;
#7639 = EDGE_CURVE ( 'NONE', #2958, #1831, #5461, .T. ) ;
#7640 = AXIS2_PLACEMENT_3D ( 'NONE', #2743, #6844, #1877 ) ;
#7641 = DIRECTION ( 'NONE',  ( -1.000000000000000000, 0.000000000000000000, 0.000000000000000000 ) ) ;
#7642 = CIRCLE ( 'NONE', #7926, 1.650000000000002132 ) ;
#7643 = DIRECTION ( 'NONE',  ( 0.000000000000000000, 0.000000000000000000, -1.000000000000000000 ) ) ;
#7644 = ORIENTED_EDGE ( 'NONE', *, *, #8337, .T. ) ;
#7645 = CYLINDRICAL_SURFACE ( 'NONE', #6787, 26.00000000000000000 ) ;
#7646 = CARTESIAN_POINT ( 'NONE',  ( -3.616666748055694214, -43.43967362868651350, -6.054228045316065732 ) ) ;
#7647 = CARTESIAN_POINT ( 'NONE',  ( -3.994729028466334153, -22.96793239856432578, -6.273033800180086494 ) ) ;
#7648 = CARTESIAN_POINT ( 'NONE',  ( -1.510640873833354325, -32.23878824484981465, -7.126468035829610415 ) ) ;
#7649 = VECTOR ( 'NONE', #2929, 1000.000000000000000 ) ;
#7650 = VERTEX_POINT ( 'NONE', #3401 ) ;
#7651 = VERTEX_POINT ( 'NONE', #2667 ) ;
#7652 = CARTESIAN_POINT ( 'NONE',  ( -61.10431860764884249, -38.53858284678502599, -5.631072266184375508 ) ) ;
#7653 = CIRCLE ( 'NONE', #788, 2.000000000000000000 ) ;
#7654 = ORIENTED_EDGE ( 'NONE', *, *, #2636, .F. ) ;
#7655 = CARTESIAN_POINT ( 'NONE',  ( -12.60975249262120634, -67.31703016771632520, -9.810593247206632839 ) ) ;
#7656 = ORIENTED_EDGE ( 'NONE', *, *, #6350, .T. ) ;
#7657 = ADVANCED_BREP_SHAPE_REPRESENTATION ( 'Bracket', ( #3089, #682 ), #2717 ) ;
#7658 = DIRECTION ( 'NONE',  ( 1.000000000000000000, 0.000000000000000000, 0.000000000000000000 ) ) ;
#7659 = CARTESIAN_POINT ( 'NONE',  ( 2.517943024556325682, -12.44129520536085209, 3.294292615610910691 ) ) ;
#7660 = AXIS2_PLACEMENT_3D ( 'NONE', #2614, #5395, #8186 ) ;
#7661 = ORIENTED_EDGE ( 'NONE', *, *, #4558, .F. ) ;
#7662 = CARTESIAN_POINT ( 'NONE',  ( -3.957275279987849448, -76.15134332130297423, -8.592167696104224817 ) ) ;
#7663 = VERTEX_POINT ( 'NONE', #8873 ) ;
#7664 = CARTESIAN_POINT ( 'NONE',  ( -0.3632357952573392335, -77.24293669574029764, -6.304376048064503024 ) ) ;
#7665 = VERTEX_POINT ( 'NONE', #2803 ) ;
#7666 = CARTESIAN_POINT ( 'NONE',  ( -34.44382762550842614, 8.247141860792179813, -10.73586529162721526 ) ) ;
#7667 = CARTESIAN_POINT ( 'NONE',  ( -53.63704575156698695, -72.93882277360015109, -9.410141166024549975 ) ) ;
#7668 = CARTESIAN_POINT ( 'NONE',  ( -28.60800448670126883, -74.85808688002526878, 26.41188284895664040 ) ) ;
#7669 = EDGE_CURVE ( 'NONE', #4682, #3933, #3544, .T. ) ;
#7670 = DIRECTION ( 'NONE',  ( -0.000000000000000000, -0.000000000000000000, 1.000000000000000000 ) ) ;
#7671 = ADVANCED_FACE ( 'NONE', ( #8380, #4773, #2765 ), #8918, .T. ) ;
#7672 = VECTOR ( 'NONE', #7592, 1000.000000000000000 ) ;
#7673 = CARTESIAN_POINT ( 'NONE',  ( -63.37517280514335027, -78.60967057450531570, -4.885312597105902377 ) ) ;
#7674 = DIRECTION ( 'NONE',  ( 0.000000000000000000, 0.000000000000000000, -1.000000000000000000 ) ) ;
#7675 = UNCERTAINTY_MEASURE_WITH_UNIT (LENGTH_MEASURE( 1.000000000000000082E-05 ), #7031, 'distance_accuracy_value', 'NONE');
#7676 = CARTESIAN_POINT ( 'NONE',  ( -40.68578978853183514, -8.726181363742488983, -7.968987614036175060 ) ) ;
#7677 = FACE_BOUND ( 'NONE', #6643, .T. ) ;
#7678 = CARTESIAN_POINT ( 'NONE',  ( 4.921886284312517290, -14.83655879579790948, -1.146275820584799376 ) ) ;
#7679 = AXIS2_PLACEMENT_3D ( 'NONE', #1627, #7979, #1723 ) ;
#7680 = CARTESIAN_POINT ( 'NONE',  ( -53.60606260877216300, -69.20565085355558210, -11.00669260290375817 ) ) ;
#7681 = FILL_AREA_STYLE ('',( #5685 ) ) ;
#7682 = EDGE_CURVE ( 'NONE', #4238, #6175, #5705, .T. ) ;
#7683 = B_SPLINE_CURVE_WITH_KNOTS ( 'NONE', 3,
 ( #2506, #4432, #5155, #7944, #4479, #8669, #6566, #7256, #1147, #1005, #3186, #8758 ),
 .UNSPECIFIED., .F., .F.,
 ( 4, 2, 2, 2, 2, 4 ),
 ( 0.000000000000000000, 0.1250000000000000833, 0.1875000000000001388, 0.2187500000000001388, 0.2500000000000001665, 0.2511392416830303120 ),
 .UNSPECIFIED. ) ;
#7684 = EDGE_CURVE ( 'NONE', #6635, #4462, #2963, .T. ) ;
#7685 = CARTESIAN_POINT ( 'NONE',  ( -8.980076712953968254, 5.656912671967753603, 6.421590871637139486 ) ) ;
#7686 = ORIENTED_EDGE ( 'NONE', *, *, #1946, .T. ) ;
#7687 = CARTESIAN_POINT ( 'NONE',  ( -52.11214158944650165, -61.19189643718313221, -9.627582224115071696 ) ) ;
#7688 = CARTESIAN_POINT ( 'NONE',  ( -59.83311748012511089, -26.89975948760450564, 108.4362694665913835 ) ) ;
#7689 = LINE ( 'NONE', #8487, #4349 ) ;
#7690 = CARTESIAN_POINT ( 'NONE',  ( -18.41994958195761711, -2.923351671655515016, -8.299695463784589222 ) ) ;
#7691 = CARTESIAN_POINT ( 'NONE',  ( -32.10800448670126883, -74.85808688002526878, 26.41188284895664040 ) ) ;
#7692 = CARTESIAN_POINT ( 'NONE',  ( -66.47584000979217933, -7.705655497667181386, 11.31269238314866321 ) ) ;
#7693 = CARTESIAN_POINT ( 'NONE',  ( -12.68477732587505180, -2.258506430399183529, -1.856357737921005002 ) ) ;
#7694 = CARTESIAN_POINT ( 'NONE',  ( -16.04053431719862743, -78.60709551580224286, 26.33478530598839384 ) ) ;
#7695 = ADVANCED_FACE ( 'NONE', ( #666 ), #5404, .F. ) ;
#7696 = CARTESIAN_POINT ( 'NONE',  ( -6.025702940354813464, -54.43299329330262992, -9.566929323015413544 ) ) ;
#7697 = ORIENTED_EDGE ( 'NONE', *, *, #7284, .F. ) ;
#7698 = CARTESIAN_POINT ( 'NONE',  ( -39.73660816274148999, -43.98182396148199302, 18.41188284895663685 ) ) ;
#7699 = CARTESIAN_POINT ( 'NONE',  ( -12.71454036835531021, -65.95117107164024617, -9.829412660580956640 ) ) ;
#7700 = AXIS2_PLACEMENT_3D ( 'NONE', #7303, #6526, #8040 ) ;
#7701 = CIRCLE ( 'NONE', #7432, 1.825000000000000178 ) ;
#7702 = CARTESIAN_POINT ( 'NONE',  ( -2.154564258799960719, -29.14301744345281975, -7.545890711113844240 ) ) ;
#7703 = CARTESIAN_POINT ( 'NONE',  ( -50.22650333979775183, -38.17822028544185997, 18.41188284895663685 ) ) ;
#7704 = ORIENTED_EDGE ( 'NONE', *, *, #8602, .T. ) ;
#7705 = B_SPLINE_CURVE_WITH_KNOTS ( 'NONE', 1,
 ( #7054, #8347 ),
 .UNSPECIFIED., .F., .F.,
 ( 2, 2 ),
 ( 0.000000000000000000, 1.000000000000000000 ),
 .UNSPECIFIED. ) ;
#7706 = CARTESIAN_POINT ( 'NONE',  ( -5.973792176980474267, -76.88978082578918816, -7.836099797882167373 ) ) ;
#7707 = ORIENTED_EDGE ( 'NONE', *, *, #7856, .F. ) ;
#7708 = CARTESIAN_POINT ( 'NONE',  ( 0.1676229084121654000, -77.32423183259194843, -5.890754035844510739 ) ) ;
#7709 = ORIENTED_EDGE ( 'NONE', *, *, #8853, .F. ) ;
#7710 = CARTESIAN_POINT ( 'NONE',  ( -63.78325568774367582, -24.01855609921769741, -6.469628950663125266 ) ) ;
#7711 = CARTESIAN_POINT ( 'NONE',  ( -66.52506557419438593, -11.07406918218656067, 1.411882848956747649 ) ) ;
#7712 = FACE_OUTER_BOUND ( 'NONE', #3488, .T. ) ;
#7713 = EDGE_LOOP ( 'NONE', ( #2091, #5672, #7244, #2341 ) ) ;
#7714 = CARTESIAN_POINT ( 'NONE',  ( -55.58417395131482408, -72.81123412691862029, -10.50010808289738939 ) ) ;
#7715 = FACE_OUTER_BOUND ( 'NONE', #5602, .T. ) ;
#7716 = DIRECTION ( 'NONE',  ( -1.000000000000000000, 0.000000000000000000, 0.000000000000000000 ) ) ;
#7717 = FACE_OUTER_BOUND ( 'NONE', #5279, .T. ) ;
#7718 = EDGE_CURVE ( 'NONE', #6668, #4599, #644, .T. ) ;
#7719 = CARTESIAN_POINT ( 'NONE',  ( -48.02593665343228224, -78.04525164055847597, 26.41188284895664040 ) ) ;
#7720 = SURFACE_STYLE_USAGE ( .BOTH. , #7629 ) ;
#7721 = CARTESIAN_POINT ( 'NONE',  ( -63.21530254377831426, -37.68358450049533559, -6.770162136121870233 ) ) ;
#7722 = ORIENTED_EDGE ( 'NONE', *, *, #304, .T. ) ;
#7723 = CARTESIAN_POINT ( 'NONE',  ( -51.93681995275576924, -69.07646138428683003, -9.661773180194835220 ) ) ;
#7724 = DIRECTION ( 'NONE',  ( 1.000000000000000000, 0.000000000000000000, 0.000000000000000000 ) ) ;
#7725 = CARTESIAN_POINT ( 'NONE',  ( -35.60800448670127594, -94.85808688002525457, 13.26290989078527360 ) ) ;
#7726 = CARTESIAN_POINT ( 'NONE',  ( -27.39190707722424278, -9.188338553392648933, -8.619264047136164564 ) ) ;
#7727 = EDGE_CURVE ( 'NONE', #8379, #1358, #5247, .T. ) ;
#7728 = DIRECTION ( 'NONE',  ( 0.000000000000000000, 0.000000000000000000, -1.000000000000000000 ) ) ;
#7729 = EDGE_CURVE ( 'NONE', #277, #7741, #7193, .T. ) ;
#7730 = CARTESIAN_POINT ( 'NONE',  ( -3.723814513156613160, -43.97382398640029066, -6.129964190717959838 ) ) ;
#7731 = LINE ( 'NONE', #2925, #4043 ) ;
#7732 = CARTESIAN_POINT ( 'NONE',  ( -1.304154706101217531, -33.37075516053089075, -6.983590433402774522 ) ) ;
#7733 = CARTESIAN_POINT ( 'NONE',  ( -42.71919744814270814, -8.168512373200874421, -7.411612744689391796 ) ) ;
#7734 = ORIENTED_EDGE ( 'NONE', *, *, #5979, .T. ) ;
#7735 = FACE_BOUND ( 'NONE', #2404, .T. ) ;
#7736 = EDGE_CURVE ( 'NONE', #5351, #6416, #4726, .T. ) ;
#7737 = EDGE_LOOP ( 'NONE', ( #6101, #947, #270, #6633 ) ) ;
#7738 = CARTESIAN_POINT ( 'NONE',  ( -11.73620740754713232, -70.80605661899645042, -9.638192283734468901 ) ) ;
#7739 = PLANE ( 'NONE',  #4488 ) ;
#7740 = CARTESIAN_POINT ( 'NONE',  ( -59.39325811404518873, -75.72919344386984619, -9.027671063875240876 ) ) ;
#7741 = VERTEX_POINT ( 'NONE', #200 ) ;
#7742 = CARTESIAN_POINT ( 'NONE',  ( -3.264876122840135508, -76.43828302856942969, -8.212270845797890573 ) ) ;
#7743 = ORIENTED_EDGE ( 'NONE', *, *, #8190, .T. ) ;
#7744 = DIRECTION ( 'NONE',  ( 1.000000000000000000, 0.000000000000000000, 0.000000000000000000 ) ) ;
#7745 = ADVANCED_FACE ( 'NONE', ( #2849 ), #5754, .T. ) ;
#7746 = ORIENTED_EDGE ( 'NONE', *, *, #314, .T. ) ;
#7747 = CARTESIAN_POINT ( 'NONE',  ( -61.91824436276102972, -18.93215498471500524, -7.848275171856696097 ) ) ;
#7748 = CARTESIAN_POINT ( 'NONE',  ( -31.18096377105904438, -7.829252935602059260, -9.763456633994394451 ) ) ;
#7749 = DIRECTION ( 'NONE',  ( 0.7080753045001139112, -0.7061369294669915808, 0.000000000000000000 ) ) ;
#7750 = EDGE_LOOP ( 'NONE', ( #3950, #7114, #1698, #3773, #2312 ) ) ;
#7751 = CARTESIAN_POINT ( 'NONE',  ( -54.16939019378371256, -70.99662078576669444, -10.87890529532654327 ) ) ;
#7752 = CARTESIAN_POINT ( 'NONE',  ( 2.581047682326614634, -7.936450138271190724, 11.33212074521263801 ) ) ;
#7753 = CARTESIAN_POINT ( 'NONE',  ( -28.10800448671606588, 20.00000000000004619, -8.224301224362664087 ) ) ;
#7754 = CARTESIAN_POINT ( 'NONE',  ( -37.91160816274148004, -43.98182396148199302, -13.22822741526793955 ) ) ;
#7755 = CIRCLE ( 'NONE', #5700, 4.000000000000000000 ) ;
#7756 = CARTESIAN_POINT ( 'NONE',  ( 2.706308948397618153, -16.09342152023070227, -3.775315362321267187 ) ) ;
#7757 = CARTESIAN_POINT ( 'NONE',  ( -64.69519070849985098, -7.547569973033553481, 7.189660626734403870 ) ) ;
#7758 = CARTESIAN_POINT ( 'NONE',  ( -9.310579496376810482, 4.744596375881696027, 5.130244749262979909 ) ) ;
#7759 = AXIS2_PLACEMENT_3D ( 'NONE', #2021, #8273, #602 ) ;
#7760 = ORIENTED_EDGE ( 'NONE', *, *, #7623, .T. ) ;
#7761 = CARTESIAN_POINT ( 'NONE',  ( -53.16003370679525375, -72.33388652701407295, -9.400062048757057198 ) ) ;
#7762 = DIRECTION ( 'NONE',  ( -0.000000000000000000, -0.000000000000000000, 1.000000000000000000 ) ) ;
#7763 = CARTESIAN_POINT ( 'NONE',  ( -59.72467163568479975, -4.898901209172979776, 26.41188284895664040 ) ) ;
#7764 = CARTESIAN_POINT ( 'NONE',  ( -17.81427693487231068, -2.571876326018861292, -7.898013904093521553 ) ) ;
#7765 = CARTESIAN_POINT ( 'NONE',  ( -35.58754172462236198, 18.01054774319199936, -8.883108220848598080 ) ) ;
#7766 = VECTOR ( 'NONE', #4591, 1000.000000000000227 ) ;
#7767 = LINE ( 'NONE', #6390, #3678 ) ;
#7768 = B_SPLINE_CURVE_WITH_KNOTS ( 'NONE', 3,
 ( #2575, #3987, #4584, #4768, #4036, #8191, #3350, #2525, #1165, #1120, #8098, #6723, #3938, #8773, #473, #8963, #2712, #1799, #7460, #5988, #6817, #3250, #1892, #3894, #7366, #6133, #6089, #4677, #429, #5355, #3206, #6039, #8870, #5310, #4082, #2618, #1212, #5400 ),
 .UNSPECIFIED., .F., .F.,
 ( 4, 2, 2, 2, 2, 2, 2, 2, 2, 2, 2, 2, 2, 2, 2, 2, 2, 2, 4 ),
 ( 0.000000000000000000, 0.1250000000000000000, 0.1875000000000000000, 0.2500000000000000000, 0.3125000000000000000, 0.3437500000000000555, 0.3750000000000000000, 0.4375000000000000000, 0.5000000000000000000, 0.5625000000000000000, 0.6250000000000000000, 0.6562500000000001110, 0.6875000000000001110, 0.7187500000000001110, 0.7500000000000000000, 0.8124999999999998890, 0.8750000000000000000, 0.9375000000000000000, 1.000000000000000000 ),
 .UNSPECIFIED. ) ;
#7769 = CARTESIAN_POINT ( 'NONE',  ( -4.664510275127450534, -47.38147282939928573, -6.755420294024009564 ) ) ;
#7770 = CARTESIAN_POINT ( 'NONE',  ( -53.05691090950882938, -65.15226447456157644, -11.11860187474347761 ) ) ;
#7771 = CARTESIAN_POINT ( 'NONE',  ( -61.10800448670296703, -38.00442471284927848, 26.41188284895664040 ) ) ;
#7772 = EDGE_CURVE ( 'NONE', #1487, #6258, #3673, .T. ) ;
#7773 = VERTEX_POINT ( 'NONE', #4223 ) ;
#7774 = EDGE_CURVE ( 'NONE', #7906, #5253, #6398, .T. ) ;
#7775 = AXIS2_PLACEMENT_3D ( 'NONE', #5953, #1220, #1945 ) ;
#7776 = ORIENTED_EDGE ( 'NONE', *, *, #5954, .T. ) ;
#7777 = VECTOR ( 'NONE', #4913, 1000.000000000000000 ) ;
#7778 = CARTESIAN_POINT ( 'NONE',  ( -60.24391660827417638, -45.05188195573305876, -6.241731597406970700 ) ) ;
#7779 = DIRECTION ( 'NONE',  ( 0.000000000000000000, 1.000000000000000000, 0.000000000000000000 ) ) ;
#7780 = EDGE_LOOP ( 'NONE', ( #8468, #1628, #8202, #1410, #8586, #975 ) ) ;
#7781 = CARTESIAN_POINT ( 'NONE',  ( -6.634790651530376060, -77.52173707224915233, -8.055017940742384752 ) ) ;
#7782 = VECTOR ( 'NONE', #4191, 1000.000000000000114 ) ;
#7783 = CARTESIAN_POINT ( 'NONE',  ( -23.28244600348924465, -119.6230729217454041, -1.588117151043349606 ) ) ;
#7784 = CARTESIAN_POINT ( 'NONE',  ( 2.259831036370093749, -7.475726470709829208, 15.31269238314876269 ) ) ;
#7785 = VERTEX_POINT ( 'NONE', #787 ) ;
#7786 = EDGE_CURVE ( 'NONE', #6091, #3983, #2809, .T. ) ;
#7787 = CARTESIAN_POINT ( 'NONE',  ( -7.234368240071693990, -76.10624614438664537, -8.354313492956142895 ) ) ;
#7788 = ORIENTED_EDGE ( 'NONE', *, *, #3654, .F. ) ;
#7789 = CARTESIAN_POINT ( 'NONE',  ( -59.88225624401810165, -28.42777578270305128, -6.448653269787924636 ) ) ;
#7790 = VERTEX_POINT ( 'NONE', #7864 ) ;
#7791 = FACE_BOUND ( 'NONE', #3927, .T. ) ;
#7792 = CARTESIAN_POINT ( 'NONE',  ( -67.70511555099747625, -9.824946394371226077, 7.102440439210260692 ) ) ;
#7793 = CARTESIAN_POINT ( 'NONE',  ( -27.70603915080918611, -5.495103243850792296, -11.40184270397205957 ) ) ;
#7794 = ORIENTED_EDGE ( 'NONE', *, *, #4676, .T. ) ;
#7795 = EDGE_CURVE ( 'NONE', #8123, #2044, #155, .T. ) ;
#7796 = CARTESIAN_POINT ( 'NONE',  ( -55.25946979959572758, -72.44374742723971394, -10.59410230018332122 ) ) ;
#7797 = DIRECTION ( 'NONE',  ( -0.000000000000000000, -0.000000000000000000, 1.000000000000000000 ) ) ;
#7798 = EDGE_LOOP ( 'NONE', ( #4782, #8195, #1124, #895 ) ) ;
#7799 = LINE ( 'NONE', #3681, #500 ) ;
#7800 = CARTESIAN_POINT ( 'NONE',  ( -6.902615251912158634, -16.10851209296836117, -7.597729592812964228 ) ) ;
#7801 = DIRECTION ( 'NONE',  ( 1.000000000000000000, 0.000000000000000000, 0.000000000000000000 ) ) ;
#7802 = CARTESIAN_POINT ( 'NONE',  ( -9.868328310769554079, -56.62862722005911564, -9.179637041561891309 ) ) ;
#7803 = EDGE_CURVE ( 'NONE', #5811, #5545, #7911, .T. ) ;
#7804 = CARTESIAN_POINT ( 'NONE',  ( -63.12566150749282201, -40.29221335378618818, -6.833706443458058111 ) ) ;
#7805 = ORIENTED_EDGE ( 'NONE', *, *, #5086, .T. ) ;
#7806 = CARTESIAN_POINT ( 'NONE',  ( -54.32421169223749757, -74.22498001165322989, -9.098297960939389029 ) ) ;
#7807 = DIRECTION ( 'NONE',  ( 1.000000000000000000, 0.000000000000000000, 0.000000000000000000 ) ) ;
#7808 = LINE ( 'NONE', #3560, #98 ) ;
#7809 = CARTESIAN_POINT ( 'NONE',  ( -16.43088915769018143, -5.629077385193482996, -5.072042958301398841 ) ) ;
#7810 = AXIS2_PLACEMENT_3D ( 'NONE', #7380, #490, #1275 ) ;
#7811 = AXIS2_PLACEMENT_3D ( 'NONE', #7528, #495, #8935 ) ;
#7812 = CARTESIAN_POINT ( 'NONE',  ( -36.85694562704524913, 28.00000000000000355, -5.461528889301846768 ) ) ;
#7813 = FACE_OUTER_BOUND ( 'NONE', #7007, .T. ) ;
#7814 = LINE ( 'NONE', #3485, #2659 ) ;
#7815 = EDGE_LOOP ( 'NONE', ( #6032, #3150, #7084, #3352 ) ) ;
#7816 = COLOUR_RGB ( '',0.7921568627450980005, 0.8196078431372548767, 0.9333333333333333481 ) ;
#7817 = CARTESIAN_POINT ( 'NONE',  ( -53.44371906340541045, -68.61613482797849883, -11.04105565243245479 ) ) ;
#7818 = CARTESIAN_POINT ( 'NONE',  ( -46.85101874777026865, -6.238861075447764470, -5.631877109785726532 ) ) ;
#7819 = VERTEX_POINT ( 'NONE', #7698 ) ;
#7820 = CARTESIAN_POINT ( 'NONE',  ( -22.60800448670127594, -38.17822028544185997, 18.41188284895663685 ) ) ;
#7821 = LINE ( 'NONE', #7912, #2863 ) ;
#7822 = ORIENTED_EDGE ( 'NONE', *, *, #5547, .F. ) ;
#7823 = CARTESIAN_POINT ( 'NONE',  ( -2.982616341886406008, -79.50387405409074404, -6.222040887160613210 ) ) ;
#7824 = LINE ( 'NONE', #2852, #1859 ) ;
#7825 = CARTESIAN_POINT ( 'NONE',  ( -54.69401463371181649, -71.74234550790609433, -10.74806344985047524 ) ) ;
#7826 = EDGE_LOOP ( 'NONE', ( #8293, #8161, #1213, #4914, #370 ) ) ;
#7827 = CARTESIAN_POINT ( 'NONE',  ( -2.511368678793384213, -78.27333345979437240, -6.011348829829902485 ) ) ;
#7828 = VERTEX_POINT ( 'NONE', #8591 ) ;
#7829 = CARTESIAN_POINT ( 'NONE',  ( -60.10430676665841787, -30.23797547293612809, -6.317609884697556133 ) ) ;
#7830 = CARTESIAN_POINT ( 'NONE',  ( -60.96971613328206274, -49.15394295169758010, -8.201518682075979783 ) ) ;
#7831 = ORIENTED_EDGE ( 'NONE', *, *, #1138, .F. ) ;
#7832 = CARTESIAN_POINT ( 'NONE',  ( -7.944091458679065632, -56.97170306023298281, -10.28308804855532266 ) ) ;
#7833 = AXIS2_PLACEMENT_3D ( 'NONE', #4559, #7562, #2625 ) ;
#7834 = ADVANCED_FACE ( 'NONE', ( #7128, #3706, #2294, #2339, #8422, #5075, #7735, #1475, #3569, #6355, #6574, #2473, #2429, #422, #5256, #7220 ), #6623, .T. ) ;
#7835 = AXIS2_PLACEMENT_3D ( 'NONE', #4792, #4695, #7531 ) ;
#7836 = CARTESIAN_POINT ( 'NONE',  ( 0.5196644387181914571, -6.379681438280768724, 14.30653424547853447 ) ) ;
#7837 = CARTESIAN_POINT ( 'NONE',  ( -56.13813534582835985, -22.21112135110120533, 162.2921154739354677 ) ) ;
#7838 = EDGE_CURVE ( 'NONE', #884, #5724, #3152, .T. ) ;
#7839 = VERTEX_POINT ( 'NONE', #8044 ) ;
#7840 = CARTESIAN_POINT ( 'NONE',  ( -62.60137337604201946, -76.97164695721347982, -7.194662833312580830 ) ) ;
#7841 = AXIS2_PLACEMENT_3D ( 'NONE', #5850, #3712, #336 ) ;
#7842 = CARTESIAN_POINT ( 'NONE',  ( -41.91716909996311813, -8.414065297790466857, -7.650520410582807074 ) ) ;
#7843 = ORIENTED_EDGE ( 'NONE', *, *, #3709, .T. ) ;
#7844 = CARTESIAN_POINT ( 'NONE',  ( 2.259831036370090196, -78.75818478260569577, 15.31269238314865966 ) ) ;
#7845 = CARTESIAN_POINT ( 'NONE',  ( -6.966207872487428787, -76.29537736863123598, -1.291941138535173117 ) ) ;
#7846 = DIRECTION ( 'NONE',  ( -1.000000000000000000, 0.000000000000000000, 0.000000000000000000 ) ) ;
#7847 = EDGE_CURVE ( 'NONE', #7839, #1027, #8682, .T. ) ;
#7848 = CARTESIAN_POINT ( 'NONE',  ( -0.7752224530556535154, -19.29130194139314014, -5.870348595651032397 ) ) ;
#7849 = CARTESIAN_POINT ( 'NONE',  ( -37.91160816274233980, -32.37461660940082453, -13.22822741526793955 ) ) ;
#7850 = VERTEX_POINT ( 'NONE', #5303 ) ;
#7851 = DIRECTION ( 'NONE',  ( 1.734723475976805517E-15, 1.000000000000000000, 0.000000000000000000 ) ) ;
#7852 = DIRECTION ( 'NONE',  ( 0.000000000000000000, 0.000000000000000000, -1.000000000000000000 ) ) ;
#7853 = FACE_OUTER_BOUND ( 'NONE', #8484, .T. ) ;
#7854 = CARTESIAN_POINT ( 'NONE',  ( -25.21640989575404035, -9.025595524702609396, -8.315135539035212631 ) ) ;
#7855 = CARTESIAN_POINT ( 'NONE',  ( -33.57166299195257864, 28.00000000000000355, -6.624336522870104993 ) ) ;
#7856 = EDGE_CURVE ( 'NONE', #3720, #7462, #3728, .T. ) ;
#7857 = DIRECTION ( 'NONE',  ( -0.000000000000000000, -0.000000000000000000, 1.000000000000000000 ) ) ;
#7858 = DIRECTION ( 'NONE',  ( -1.000000000000000000, 0.000000000000000000, 0.000000000000000000 ) ) ;
#7859 = VERTEX_POINT ( 'NONE', #4490 ) ;
#7860 = CARTESIAN_POINT ( 'NONE',  ( -53.05335983639807296, -65.45842155520969641, -11.11928577829737819 ) ) ;
#7861 = CARTESIAN_POINT ( 'NONE',  ( -34.64213081907680447, -9.115357512064441892, -8.792177366502492930 ) ) ;
#7862 = ORIENTED_EDGE ( 'NONE', *, *, #2448, .F. ) ;
#7863 = LINE ( 'NONE', #7956, #6591 ) ;
#7864 = CARTESIAN_POINT ( 'NONE',  ( -25.24091914841804751, -29.48613494715874239, 1.411882848956637293 ) ) ;
#7865 = CARTESIAN_POINT ( 'NONE',  ( -64.69168998434729190, -13.83311594803765132, 1.886622454739321331 ) ) ;
#7866 = VERTEX_POINT ( 'NONE', #2515 ) ;
#7867 = DIRECTION ( 'NONE',  ( 1.000000000000000000, 0.000000000000000000, 0.000000000000000000 ) ) ;
#7868 = DIRECTION ( 'NONE',  ( 0.000000000000000000, 0.000000000000000000, -1.000000000000000000 ) ) ;
#7869 = DIRECTION ( 'NONE',  ( -0.000000000000000000, -0.000000000000000000, 1.000000000000000000 ) ) ;
#7870 = VERTEX_POINT ( 'NONE', #3196 ) ;
#7871 = B_SPLINE_CURVE_WITH_KNOTS ( 'NONE', 3,
 ( #6257, #5432, #3428, #1332, #2018, #6805, #6757, #3289, #4021, #1244, #5387, #6213, #8859, #4802, #1923, #558, #6894, #5526 ),
 .UNSPECIFIED., .F., .F.,
 ( 4, 2, 2, 2, 2, 2, 2, 2, 4 ),
 ( 0.000000000000000000, 0.1250000000000004718, 0.2500000000000009437, 0.3750000000000014433, 0.5000000000000018874, 0.6250000000000023315, 0.6875000000000027756, 0.7500000000000033307, 1.000000000000000000 ),
 .UNSPECIFIED. ) ;
#7872 = FACE_OUTER_BOUND ( 'NONE', #2722, .T. ) ;
#7873 = VERTEX_POINT ( 'NONE', #4528 ) ;
#7874 = CARTESIAN_POINT ( 'NONE',  ( -59.84005138365620979, -26.28962327917967556, -6.473250278018351622 ) ) ;
#7875 = ORIENTED_EDGE ( 'NONE', *, *, #8564, .T. ) ;
#7876 = CARTESIAN_POINT ( 'NONE',  ( -10.65831984742481708, -62.19869260887512041, -11.01715745805485369 ) ) ;
#7877 = AXIS2_PLACEMENT_3D ( 'NONE', #7386, #8031, #4561 ) ;
#7878 = CARTESIAN_POINT ( 'NONE',  ( -63.37517280514335027, -78.60967057450531570, -4.885312597105902377 ) ) ;
#7879 = CARTESIAN_POINT ( 'NONE',  ( 9.922126372425774221, -12.00000000000000178, 162.2921154739354677 ) ) ;
#7880 = B_SPLINE_CURVE_WITH_KNOTS ( 'NONE', 3,
 ( #591, #1874, #1188, #3229, #5291, #3373, #7437, #8262, #3280, #5380, #2640, #1144 ),
 .UNSPECIFIED., .F., .F.,
 ( 4, 2, 2, 2, 2, 4 ),
 ( 0.003349202513609276979, 0.003821630528648210182, 0.004294058543687142952, 0.005238914573765005023, 0.006183770603842867961, 0.007128626633920730031 ),
 .UNSPECIFIED. ) ;
#7881 = VERTEX_POINT ( 'NONE', #5939 ) ;
#7882 = DIRECTION ( 'NONE',  ( -0.000000000000000000, -0.000000000000000000, 1.000000000000000000 ) ) ;
#7883 = ADVANCED_FACE ( 'NONE', ( #7910 ), #4443, .F. ) ;
#7884 = EDGE_CURVE ( 'NONE', #4361, #4682, #1548, .T. ) ;
#7885 = DIRECTION ( 'NONE',  ( -1.000000000000000000, 0.000000000000000000, 0.000000000000000000 ) ) ;
#7886 = ORIENTED_EDGE ( 'NONE', *, *, #3211, .T. ) ;
#7887 = CARTESIAN_POINT ( 'NONE',  ( -56.07626770155425788, -54.36513230605931568, -8.487138243209670918 ) ) ;
#7888 = DIRECTION ( 'NONE',  ( 1.000000000000000000, 0.000000000000000000, 0.000000000000000000 ) ) ;
#7889 = B_SPLINE_CURVE_WITH_KNOTS ( 'NONE', 3,
 ( #4593, #7376, #1765, #1082, #2313, #3857 ),
 .UNSPECIFIED., .F., .F.,
 ( 4, 2, 4 ),
 ( 0.000000000000000000, 0.8230130423979160614, 1.000000000000000000 ),
 .UNSPECIFIED. ) ;
#7890 = CARTESIAN_POINT ( 'NONE',  ( -4.349798551740880370, -28.08980286130599424, -6.516967731837949529 ) ) ;
#7891 = CARTESIAN_POINT ( 'NONE',  ( -1.467675874788191059, -21.26823906099168937, -6.826600477188767613 ) ) ;
#7892 = CARTESIAN_POINT ( 'NONE',  ( -28.60800448670127238, -94.85808688002525457, 13.26290989078527360 ) ) ;
#7893 = CARTESIAN_POINT ( 'NONE',  ( -29.45610435991722653, 1.994174087363721704, -11.20734243960425935 ) ) ;
#7894 = EDGE_LOOP ( 'NONE', ( #819, #1879 ) ) ;
#7895 = EDGE_CURVE ( 'NONE', #3080, #2377, #6029, .T. ) ;
#7896 = CARTESIAN_POINT ( 'NONE',  ( -65.28013033398491416, -6.869193923645260824, 11.70948360971118873 ) ) ;
#7897 = CARTESIAN_POINT ( 'NONE',  ( -41.90150333979774899, -38.17822028544185997, -13.22822741526793955 ) ) ;
#7898 = CARTESIAN_POINT ( 'NONE',  ( -13.11160094214366012, -2.753073319734079316, -2.348966631299215457 ) ) ;
#7899 = CARTESIAN_POINT ( 'NONE',  ( -32.99852145711139428, -9.018100704356699637, -8.851126375469863916 ) ) ;
#7900 = CARTESIAN_POINT ( 'NONE',  ( -66.57937556913876165, -13.98527112699968278, -0.2501661401582300770 ) ) ;
#7901 = FACE_OUTER_BOUND ( 'NONE', #2529, .T. ) ;
#7902 = ORIENTED_EDGE ( 'NONE', *, *, #1245, .T. ) ;
#7903 = VECTOR ( 'NONE', #6479, 1000.000000000000000 ) ;
#7904 = FACE_OUTER_BOUND ( 'NONE', #7713, .T. ) ;
#7905 = CARTESIAN_POINT ( 'NONE',  ( -40.68578978853183514, -8.726181363742488983, -7.968987614036175060 ) ) ;
#7906 = VERTEX_POINT ( 'NONE', #5118 ) ;
#7907 = EDGE_CURVE ( 'NONE', #878, #4710, #6882, .T. ) ;
#7909 = PLANE ( 'NONE',  #3086 ) ;
#7908 = VECTOR ( 'NONE', #3750, 1000.000000000000000 ) ;
#7910 = FACE_OUTER_BOUND ( 'NONE', #1931, .T. ) ;
#7911 = CIRCLE ( 'NONE', #1376, 2.149999999999999023 ) ;
#7912 = CARTESIAN_POINT ( 'NONE',  ( -28.10800448668165785, 20.00000000000003553, 23.41188284895664040 ) ) ;
#7913 = CARTESIAN_POINT ( 'NONE',  ( -34.25800448670241138, 5.000000000000024869, -6.588117151043352493 ) ) ;
#7914 = ORIENTED_EDGE ( 'NONE', *, *, #5558, .T. ) ;
#7915 = FACE_OUTER_BOUND ( 'NONE', #2335, .T. ) ;
#7916 = DIRECTION ( 'NONE',  ( 0.000000000000000000, 0.000000000000000000, -1.000000000000000000 ) ) ;
#7917 =( BOUNDED_CURVE ( )  B_SPLINE_CURVE ( 3, ( #1248, #7636, #6124, #1972 ),
 .UNSPECIFIED., .F., .F. ) 
 B_SPLINE_CURVE_WITH_KNOTS ( ( 4, 4 ),
 ( 3.141592653589793116, 4.712388980384689674 ),
 .UNSPECIFIED. ) 
 CURVE ( )  GEOMETRIC_REPRESENTATION_ITEM ( )  RATIONAL_B_SPLINE_CURVE ( ( 1.000000000000000000, 0.8047378541243649375, 0.8047378541243649375, 1.000000000000000000 ) ) 
 REPRESENTATION_ITEM ( '' )  );
#7918 = CARTESIAN_POINT ( 'NONE',  ( -10.66717760991925523, -68.66762001089324485, -11.01892697777523189 ) ) ;
#7919 = CARTESIAN_POINT ( 'NONE',  ( -44.93356296991329657, -121.6230729217454041, 8.411882848956651060 ) ) ;
#7920 = ORIENTED_EDGE ( 'NONE', *, *, #3582, .F. ) ;
#7921 = CARTESIAN_POINT ( 'NONE',  ( -41.19540955534088766, -120.1467660926134187, -1.588117151043349162 ) ) ;
#7922 = ORIENTED_EDGE ( 'NONE', *, *, #5891, .F. ) ;
#7923 = CARTESIAN_POINT ( 'NONE',  ( -61.97177124935917192, -28.89526279454019786, -7.602658803784765773 ) ) ;
#7924 = ORIENTED_EDGE ( 'NONE', *, *, #4842, .F. ) ;
#7925 = FACE_OUTER_BOUND ( 'NONE', #8781, .T. ) ;
#7926 = AXIS2_PLACEMENT_3D ( 'NONE', #338, #5125, #6539 ) ;
#7927 = CARTESIAN_POINT ( 'NONE',  ( -59.05803445564590248, -77.30850980243948811, -7.461129617167390649 ) ) ;
#7928 = ORIENTED_EDGE ( 'NONE', *, *, #6271, .F. ) ;
#7929 = LINE ( 'NONE', #3771, #2630 ) ;
#7930 = CARTESIAN_POINT ( 'NONE',  ( -46.01837298987280889, -6.725932269277715037, -6.077150405430958635 ) ) ;
#7931 = VERTEX_POINT ( 'NONE', #4028 ) ;
#7932 = CIRCLE ( 'NONE', #5015, 1.999999999999996669 ) ;
#7933 = CARTESIAN_POINT ( 'NONE',  ( -62.38251891618518385, -31.13878796980499786, -7.338922577522363433 ) ) ;
#7934 = DIRECTION ( 'NONE',  ( 0.000000000000000000, 0.000000000000000000, -1.000000000000000000 ) ) ;
#7935 = CARTESIAN_POINT ( 'NONE',  ( -51.64635121841928367, -67.61207208728212947, -9.715979192723743552 ) ) ;
#7936 = EDGE_CURVE ( 'NONE', #1492, #8763, #5278, .T. ) ;
#7937 = CARTESIAN_POINT ( 'NONE',  ( -2.529529885935787092, -18.49053357584885404, -4.495359240947257362 ) ) ;
#7938 = CARTESIAN_POINT ( 'NONE',  ( -54.80224681508650519, 4.368806044117237164, 4.769909228478822705 ) ) ;
#7939 = CIRCLE ( 'NONE', #3418, 4.000000000020695445 ) ;
#7940 = CARTESIAN_POINT ( 'NONE',  ( -28.13347412323388141, 4.478175268869295067, -10.72872954437035631 ) ) ;
#7941 = EDGE_LOOP ( 'NONE', ( #2264, #532, #4827, #4184 ) ) ;
#7942 = CARTESIAN_POINT ( 'NONE',  ( -38.30504871155361002, -5.364618373502099580, -11.14137987515746708 ) ) ;
#7943 = PLANE ( 'NONE',  #5187 ) ;
#7944 = CARTESIAN_POINT ( 'NONE',  ( -60.97953477425354407, -35.22309747304965555, -5.723341765552976135 ) ) ;
#7945 = AXIS2_PLACEMENT_3D ( 'NONE', #6086, #8095, #2658 ) ;
#7946 = DIRECTION ( 'NONE',  ( 0.000000000000000000, 0.000000000000000000, -1.000000000000000000 ) ) ;
#7947 = EDGE_CURVE ( 'NONE', #8833, #7931, #3434, .T. ) ;
#7948 = EDGE_CURVE ( 'NONE', #6044, #6091, #3969, .T. ) ;
#7949 = CARTESIAN_POINT ( 'NONE',  ( -20.35898380637469529, -7.750162322184488417, -7.017864097709313853 ) ) ;
#7950 = VERTEX_POINT ( 'NONE', #8999 ) ;
#7951 = LINE ( 'NONE', #8087, #2008 ) ;
#7952 = CARTESIAN_POINT ( 'NONE',  ( -7.944091458679065632, -56.97170306023298281, -10.28308804855532443 ) ) ;
#7953 = ORIENTED_EDGE ( 'NONE', *, *, #1692, .F. ) ;
#7954 = B_SPLINE_SURFACE_WITH_KNOTS ( 'NONE', 1, 3, ( 
 ( #9007, #3393, #6177, #6721, #8961, #3302, #2660, #6857, #8236, #1162, #6087, #3248, #7593, #5398, #8096, #1935, #611, #2709, #8188, #1342, #5492, #2028, #4721, #3441, #567, #1843, #4128, #6909, #6225, #4627, #6035, #8819, #3348, #3176, #6692, #8747, #3815, #7887, #2454, #271 ),
 ( #7933, #5142, #6510, #4554, #3910, #6601, #8071, #7382, #7288, #3774, #1629, #5236, #948, #1769, #5280, #355, #6553, #3129, #1680, #2496, #4511, #5916, #7245, #995, #5823, #5960, #5097, #311, #1817, #3081, #4467, #5870, #7981, #5191, #1036, #8792, #8657, #3863, #8702, #444 ) ),
 .UNSPECIFIED., .F., .F., .F.,
 ( 2, 2 ),
 ( 4, 2, 2, 2, 2, 2, 2, 2, 2, 2, 2, 2, 2, 2, 2, 2, 2, 2, 2, 4 ),
 ( 0.000000000000000000, 1.000000000000000000 ),
 ( 0.000000000000000000, 0.003440840359080516754, 0.005161260538620775565, 0.006021470628390904536, 0.006881680718161033508, 0.007741890807931163347, 0.008602100897701293186, 0.009462310987471422158, 0.01032252107724155113, 0.01204294125678180907, 0.01376336143632206702, 0.01548378161586232669, 0.01634399170563245740, 0.01677409675051752189, 0.01720420179540258637, 0.01806441188517271534, 0.01892462197494284432, 0.02064504215448310226, 0.02408588251356361815, 0.02752672287264413403 ),
 .UNSPECIFIED. ) ;
#7955 = CIRCLE ( 'NONE', #7811, 3.999999999986288746 ) ;
#7956 = CARTESIAN_POINT ( 'NONE',  ( -42.91858867808097955, -47.16380447682146837, -13.22822741526793955 ) ) ;
#7957 = CARTESIAN_POINT ( 'NONE',  ( -47.44791044794946089, -80.91779454810648531, 24.64810501757936123 ) ) ;
#7958 = CARTESIAN_POINT ( 'NONE',  ( -62.61489494956435919, -21.51657324619598555, -6.959207090356691161 ) ) ;
#7959 = CARTESIAN_POINT ( 'NONE',  ( -53.47746590464212346, -57.99466140430612882, -9.323137365339089655 ) ) ;
#7960 = ORIENTED_EDGE ( 'NONE', *, *, #8960, .F. ) ;
#7961 = CARTESIAN_POINT ( 'NONE',  ( -79.83311748012511089, -26.89975948760450564, 108.4362694665913835 ) ) ;
#7962 = CIRCLE ( 'NONE', #4023, 1.824999999999998401 ) ;
#7963 = EDGE_CURVE ( 'NONE', #1215, #4210, #2068, .T. ) ;
#7964 = CARTESIAN_POINT ( 'NONE',  ( 9.922126372425774221, -22.21112135110120889, 14.41188284895664573 ) ) ;
#7965 = CARTESIAN_POINT ( 'NONE',  ( -10.05455008447652432, -60.41990542439992140, -10.88086820688097056 ) ) ;
#7966 = CARTESIAN_POINT ( 'NONE',  ( -64.10755843229867423, -14.50999869275770848, 1.565389065001555391 ) ) ;
#7967 = ORIENTED_EDGE ( 'NONE', *, *, #3201, .F. ) ;
#7968 = CARTESIAN_POINT ( 'NONE',  ( -41.45725614077615262, -119.8849195071832412, -1.588117151043349162 ) ) ;
#7969 = ORIENTED_EDGE ( 'NONE', *, *, #7718, .F. ) ;
#7970 = DIRECTION ( 'NONE',  ( 0.000000000000000000, 0.000000000000000000, -1.000000000000000000 ) ) ;
#7971 = VECTOR ( 'NONE', #3483, 1000.000000000000000 ) ;
#7972 = VERTEX_POINT ( 'NONE', #5393 ) ;
#7973 = CARTESIAN_POINT ( 'NONE',  ( -10.54272264810457393, -69.12016093684491125, -10.99213912391865833 ) ) ;
#7974 = CARTESIAN_POINT ( 'NONE',  ( -61.96763106344118910, -78.33721805943332583, -5.843996740022193492 ) ) ;
#7975 = EDGE_CURVE ( 'NONE', #5017, #3497, #6550, .T. ) ;
#7976 = ORIENTED_EDGE ( 'NONE', *, *, #3992, .T. ) ;
#7977 = CARTESIAN_POINT ( 'NONE',  ( -56.93066963615385845, -76.07094753811695398, -8.373854134687745088 ) ) ;
#7978 = PRESENTATION_LAYER_ASSIGNMENT (  '', '', ( #6878 ) ) ;
#7979 = DIRECTION ( 'NONE',  ( -0.000000000000000000, -0.000000000000000000, -1.000000000000000000 ) ) ;
#7980 = ORIENTED_EDGE ( 'NONE', *, *, #8074, .F. ) ;
#7981 = CARTESIAN_POINT ( 'NONE',  ( -60.85846865353432378, -49.41625237044254959, -8.264324115491548994 ) ) ;
#7982 = CARTESIAN_POINT ( 'NONE',  ( -62.61489494956435919, -21.51657324619598555, -6.959207090356691161 ) ) ;
#7983 = CARTESIAN_POINT ( 'NONE',  ( 0.8133683528452776423, -16.22717490150113306, -3.330236873534309083 ) ) ;
#7984 = AXIS2_PLACEMENT_3D ( 'NONE', #2073, #1303, #4675 ) ;
#7985 = CARTESIAN_POINT ( 'NONE',  ( -74.13813534582835985, -76.75818478260556788, 25.11188284895660061 ) ) ;
#7986 = CARTESIAN_POINT ( 'NONE',  ( -9.356608225980794558, 4.581146246169473635, 4.967444827578067823 ) ) ;
#7987 = ORIENTED_EDGE ( 'NONE', *, *, #4835, .T. ) ;
#7988 = CARTESIAN_POINT ( 'NONE',  ( -38.85800448670128304, 28.00000000000000000, 14.91188284895665639 ) ) ;
#7989 = CARTESIAN_POINT ( 'NONE',  ( -21.18084897349712747, -71.48596535551243392, -1.588117151043349606 ) ) ;
#7990 = CARTESIAN_POINT ( 'NONE',  ( -32.10800448670128304, 1.000000000013736567, -11.53816810883139254 ) ) ;
#7991 = LINE ( 'NONE', #5792, #8386 ) ;
#7992 = DIRECTION ( 'NONE',  ( 0.000000000000000000, 0.000000000000000000, 1.000000000000000000 ) ) ;
#7993 = B_SPLINE_CURVE_WITH_KNOTS ( 'NONE', 3,
 ( #7900, #3698, #2921, #4977, #5696, #6865, #7162, #3650, #4348, #5744 ),
 .UNSPECIFIED., .F., .F.,
 ( 4, 2, 2, 2, 4 ),
 ( 0.000000000000000000, 0.2645009087585357688, 0.5290018175170715375, 0.7935027262756072508, 1.000000000000000000 ),
 .UNSPECIFIED. ) ;
#7994 = CARTESIAN_POINT ( 'NONE',  ( -16.89584090147284812, -5.944991563929951539, -5.362738565105072297 ) ) ;
#7995 = VERTEX_POINT ( 'NONE', #2611 ) ;
#7996 = FACE_OUTER_BOUND ( 'NONE', #4222, .T. ) ;
#7997 = CARTESIAN_POINT ( 'NONE',  ( -3.189659174262553964, -35.76156818500991363, -5.744022022865471477 ) ) ;
#7998 = ORIENTED_EDGE ( 'NONE', *, *, #160, .F. ) ;
#7999 = CARTESIAN_POINT ( 'NONE',  ( -32.10800448670127594, -38.17822028544185997, 1.411882848956637293 ) ) ;
#8000 = EDGE_CURVE ( 'NONE', #7651, #7495, #6442, .T. ) ;
#8001 = CARTESIAN_POINT ( 'NONE',  ( -47.84099286487526825, -80.47292145779232442, 25.01143792475878058 ) ) ;
#8002 = EDGE_CURVE ( 'NONE', #1133, #4562, #7342, .T. ) ;
#8003 = CARTESIAN_POINT ( 'NONE',  ( -60.02426681002150843, -24.14123902736936600, -6.365041804150734173 ) ) ;
#8004 = LINE ( 'NONE', #424, #5885 ) ;
#8005 = ORIENTED_EDGE ( 'NONE', *, *, #3770, .F. ) ;
#8006 = DIRECTION ( 'NONE',  ( -0.000000000000000000, -0.000000000000000000, 1.000000000000000000 ) ) ;
#8007 = DIRECTION ( 'NONE',  ( 1.000000000000000000, 0.000000000000000000, 0.000000000000000000 ) ) ;
#8008 = CARTESIAN_POINT ( 'NONE',  ( -72.83813534582833427, 28.00000000000000000, 26.41188284895664040 ) ) ;
#8009 = DIRECTION ( 'NONE',  ( 0.3922749854591619512, 0.9198479960205461214, 0.000000000000000000 ) ) ;
#8010 = ORIENTED_EDGE ( 'NONE', *, *, #7847, .F. ) ;
#8011 = CARTESIAN_POINT ( 'NONE',  ( -41.98055451822366280, -120.1465686959005552, -1.484007853212766292 ) ) ;
#8012 = VERTEX_POINT ( 'NONE', #8908 ) ;
#8013 = CARTESIAN_POINT ( 'NONE',  ( -65.27766495729680685, -78.75818478260555366, 2.297344724353475698 ) ) ;
#8014 = ADVANCED_FACE ( 'NONE', ( #2702 ), #6710, .F. ) ;
#8015 = ORIENTED_EDGE ( 'NONE', *, *, #1976, .T. ) ;
#8016 = DIRECTION ( 'NONE',  ( -0.000000000000000000, -0.000000000000000000, 1.000000000000000000 ) ) ;
#8017 = CARTESIAN_POINT ( 'NONE',  ( -62.11086022670878748, -78.37114504282041594, -5.752078210829701277 ) ) ;
#8018 = ORIENTED_EDGE ( 'NONE', *, *, #4771, .T. ) ;
#8019 = DIRECTION ( 'NONE',  ( -0.8583439052881718379, 0.5130747901180195969, -3.638705546677477689E-17 ) ) ;
#8020 = CARTESIAN_POINT ( 'NONE',  ( -32.10800448670241281, 5.000000000000024869, 26.41188284895664040 ) ) ;
#8021 = EDGE_CURVE ( 'NONE', #7773, #8387, #7271, .T. ) ;
#8022 = AXIS2_PLACEMENT_3D ( 'NONE', #4292, #5650, #100 ) ;
#8023 = CARTESIAN_POINT ( 'NONE',  ( -48.82754418281496811, -4.858185549133242631, -4.357719601472926918 ) ) ;
#8024 = ORIENTED_EDGE ( 'NONE', *, *, #2807, .F. ) ;
#8025 = CARTESIAN_POINT ( 'NONE',  ( -32.10800448670235596, 20.00000000000003553, 26.41188284895664040 ) ) ;
#8026 = CARTESIAN_POINT ( 'NONE',  ( -61.10800448669958485, -38.00442471284928558, 1.411882848956630410 ) ) ;
#8027 = FACE_OUTER_BOUND ( 'NONE', #4270, .T. ) ;
#8028 = B_SPLINE_SURFACE_WITH_KNOTS ( 'NONE', 1, 3, ( 
 ( #4104, #7481, #7574, #6879 ),
 ( #604, #5484, #3387, #1388 ) ),
 .UNSPECIFIED., .F., .F., .F.,
 ( 2, 2 ),
 ( 4, 4 ),
 ( 0.000000000000000000, 1.000000000000000000 ),
 ( 0.000000000000000000, 0.001850010919805143749 ),
 .UNSPECIFIED. ) ;
#8029 = CARTESIAN_POINT ( 'NONE',  ( -1.925089188023648257, -23.16885048242604128, -7.363023638635316281 ) ) ;
#8030 = DIRECTION ( 'NONE',  ( 0.000000000000000000, -1.000000000000000000, 0.000000000000000000 ) ) ;
#8031 = DIRECTION ( 'NONE',  ( -1.000000000000000000, 0.000000000000000000, 0.000000000000000000 ) ) ;
#8032 = ORIENTED_EDGE ( 'NONE', *, *, #6772, .T. ) ;
#8033 = CARTESIAN_POINT ( 'NONE',  ( -43.51871500735101961, -4.015491719042424634, -9.532908029919170190 ) ) ;
#8034 = CARTESIAN_POINT ( 'NONE',  ( -67.11092177430228389, -7.941021433855973477, 15.21592356629882126 ) ) ;
#8035 = FACE_OUTER_BOUND ( 'NONE', #2348, .T. ) ;
#8036 = DIRECTION ( 'NONE',  ( -1.000000000000000000, 0.000000000000000000, 0.000000000000000000 ) ) ;
#8037 = CARTESIAN_POINT ( 'NONE',  ( -11.07266005702218337, -72.26335697735301267, -9.502411201082111347 ) ) ;
#8038 = CARTESIAN_POINT ( 'NONE',  ( -18.89837097714611858, -7.092875962790789579, -6.412669362506374426 ) ) ;
#8039 = ORIENTED_EDGE ( 'NONE', *, *, #4546, .T. ) ;
#8040 = DIRECTION ( 'NONE',  ( -1.000000000000000000, 0.000000000000000000, 0.000000000000000000 ) ) ;
#8041 = FACE_OUTER_BOUND ( 'NONE', #1001, .T. ) ;
#8042 = VERTEX_POINT ( 'NONE', #6612 ) ;
#8043 = DIRECTION ( 'NONE',  ( 1.000000000000000000, -1.780377182154265206E-15, 0.000000000000000000 ) ) ;
#8044 = CARTESIAN_POINT ( 'NONE',  ( -72.83813534582833427, -78.75818478260555366, 24.41188284895663685 ) ) ;
#8045 = CARTESIAN_POINT ( 'NONE',  ( -63.48701597210118308, -19.00683201421590951, -5.746110369523188766 ) ) ;
#8046 = CARTESIAN_POINT ( 'NONE',  ( -51.60557498462833337, -63.62444186431258686, -9.723322602092645539 ) ) ;
#8047 = ORIENTED_EDGE ( 'NONE', *, *, #3531, .T. ) ;
#8048 = CARTESIAN_POINT ( 'NONE',  ( -62.49761457856835989, -16.92511046546084330, -3.227795638298477598 ) ) ;
#8049 = AXIS2_PLACEMENT_3D ( 'NONE', #2334, #4257, #2200 ) ;
#8050 = ADVANCED_FACE ( 'NONE', ( #1780 ), #4519, .F. ) ;
#8051 = EDGE_CURVE ( 'NONE', #1701, #4331, #4565, .T. ) ;
#8052 = PLANE ( 'NONE',  #6965 ) ;
#8053 = CARTESIAN_POINT ( 'NONE',  ( -14.28300448670128020, -38.17822028544185997, -13.22822741526793955 ) ) ;
#8054 = ORIENTED_EDGE ( 'NONE', *, *, #900, .F. ) ;
#8055 = AXIS2_PLACEMENT_3D ( 'NONE', #7265, #1013, #5845 ) ;
#8056 = ORIENTED_EDGE ( 'NONE', *, *, #1019, .F. ) ;
#8057 = VECTOR ( 'NONE', #6584, 1000.000000000000000 ) ;
#8058 = DIRECTION ( 'NONE',  ( -0.000000000000000000, -0.000000000000000000, 1.000000000000000000 ) ) ;
#8059 = EDGE_LOOP ( 'NONE', ( #934, #1264, #4983, #7319, #8064, #2952, #1606 ) ) ;
#8060 = DIRECTION ( 'NONE',  ( -1.000000000000000000, 0.000000000000000000, 0.000000000000000000 ) ) ;
#8061 = CARTESIAN_POINT ( 'NONE',  ( -61.98010638942061235, -24.89101984872153395, -7.597227392476666452 ) ) ;
#8062 = EDGE_CURVE ( 'NONE', #1739, #1023, #7476, .T. ) ;
#8063 = ADVANCED_FACE ( 'NONE', ( #7349 ), #5835, .F. ) ;
#8064 = ORIENTED_EDGE ( 'NONE', *, *, #6597, .F. ) ;
#8065 = DIRECTION ( 'NONE',  ( -0.000000000000000000, -1.000000000000000000, 0.000000000000000000 ) ) ;
#8066 = DIRECTION ( 'NONE',  ( -1.000000000000000000, 0.000000000000000000, 0.000000000000000000 ) ) ;
#8067 = CIRCLE ( 'NONE', #346, 2.149999999999999023 ) ;
#8068 = AXIS2_PLACEMENT_3D ( 'NONE', #4886, #6935, #8986 ) ;
#8069 = DIRECTION ( 'NONE',  ( -1.000000000000000000, -0.000000000000000000, 0.000000000000000000 ) ) ;
#8070 = ORIENTED_EDGE ( 'NONE', *, *, #8892, .T. ) ;
#8071 = CARTESIAN_POINT ( 'NONE',  ( -63.19255873278797964, -36.81882202474344012, -6.786335457813590821 ) ) ;
#8072 = CARTESIAN_POINT ( 'NONE',  ( -65.45071511285787835, -15.44460151139228010, -2.485146321214978471 ) ) ;
#8073 = CYLINDRICAL_SURFACE ( 'NONE', #376, 4.000000000000000000 ) ;
#8074 = EDGE_CURVE ( 'NONE', #1027, #6085, #2366, .T. ) ;
#8075 = AXIS2_PLACEMENT_3D ( 'NONE', #2077, #8966, #8289 ) ;
#8076 = CARTESIAN_POINT ( 'NONE',  ( -32.10800448670126883, -38.00442471284927848, 18.41188284895663685 ) ) ;
#8077 = CARTESIAN_POINT ( 'NONE',  ( -9.511279089276852616, 3.978305735301545187, 4.447034321003758173 ) ) ;
#8078 = EDGE_LOOP ( 'NONE', ( #4729, #4877, #7805, #5708 ) ) ;
#8079 = CARTESIAN_POINT ( 'NONE',  ( -44.52840583304056565, -3.573762494878840013, -9.035709868486396346 ) ) ;
#8080 = VECTOR ( 'NONE', #2944, 1000.000000000000000 ) ;
#8081 = CARTESIAN_POINT ( 'NONE',  ( -3.108004486699574187, -38.00442471284928558, 18.41188284895663685 ) ) ;
#8082 = CARTESIAN_POINT ( 'NONE',  ( -14.57952222391697639, -4.180198770516105888, -3.720710398307718769 ) ) ;
#8083 = CARTESIAN_POINT ( 'NONE',  ( -29.43089595947928316, 17.01692526641691572, -9.350359073305746449 ) ) ;
#8084 = CARTESIAN_POINT ( 'NONE',  ( -34.25800448670241138, 5.000000000000024869, 26.41188284895664395 ) ) ;
#8085 = CARTESIAN_POINT ( 'NONE',  ( -21.77567238247554826, -122.6366201637730455, -0.2314241585080708818 ) ) ;
#8086 = ORIENTED_EDGE ( 'NONE', *, *, #94, .T. ) ;
#8087 = CARTESIAN_POINT ( 'NONE',  ( -32.13973447761813418, 2.958965861392413021, 1.411882848956637293 ) ) ;
#8088 = CARTESIAN_POINT ( 'NONE',  ( -6.481898886649632985, -51.59084230525625259, -7.792758588433161826 ) ) ;
#8089 = ORIENTED_EDGE ( 'NONE', *, *, #2421, .T. ) ;
#8090 = CARTESIAN_POINT ( 'NONE',  ( -54.17890228814494691, 16.17080443303671444, 9.411882848956636849 ) ) ;
#8091 = CARTESIAN_POINT ( 'NONE',  ( -47.17294802809092857, -81.20703035383559154, 24.41188284895662264 ) ) ;
#8092 = CARTESIAN_POINT ( 'NONE',  ( -65.67867548496840868, -15.12551799311678735, -2.060090031808446742 ) ) ;
#8093 = CARTESIAN_POINT ( 'NONE',  ( -51.49427407654851407, -65.45591834062652481, -9.743119878462678685 ) ) ;
#8094 = EDGE_LOOP ( 'NONE', ( #2569, #5027, #430, #786, #164 ) ) ;
#8095 = DIRECTION ( 'NONE',  ( 0.000000000000000000, 0.000000000000000000, -1.000000000000000000 ) ) ;
#8096 = CARTESIAN_POINT ( 'NONE',  ( -61.02651517707023032, -40.19441639889723206, -5.688676069188579376 ) ) ;
#8097 = DIRECTION ( 'NONE',  ( 0.5130747901180198189, 0.8583439052881717268, 0.000000000000000000 ) ) ;
#8098 = CARTESIAN_POINT ( 'NONE',  ( -46.70977677456382793, -2.379552146594847706, -7.676502057232322151 ) ) ;
#8099 = CIRCLE ( 'NONE', #367, 1.649999999999991696 ) ;
#8100 = ORIENTED_EDGE ( 'NONE', *, *, #1934, .T. ) ;
#8101 = ORIENTED_EDGE ( 'NONE', *, *, #4434, .F. ) ;
#8102 = CARTESIAN_POINT ( 'NONE',  ( -61.95505098487073781, -78.36097737942753838, 0.6120975856387818048 ) ) ;
#8103 = EDGE_CURVE ( 'NONE', #7241, #2202, #8636, .T. ) ;
#8104 = B_SPLINE_SURFACE_WITH_KNOTS ( 'NONE', 1, 3, ( 
 ( #3929, #1201, #6712, #6851, #461, #8863, #3386, #3240, #8954, #2700 ),
 ( #7451, #6028, #1885, #3976, #6081, #8813, #2565, #5347, #2610, #4938 ) ),
 .UNSPECIFIED., .F., .F., .F.,
 ( 2, 2 ),
 ( 4, 2, 2, 2, 4 ),
 ( 0.000000000000000000, 1.000000000000000000 ),
 ( 2.367149731529966772, 2.496552479347574405, 2.625955227165182038, 2.755357974982789671, 2.884760722800396859 ),
 .UNSPECIFIED. ) ;
#8105 = CIRCLE ( 'NONE', #4463, 8.000000000000000000 ) ;
#8106 = ORIENTED_EDGE ( 'NONE', *, *, #6243, .F. ) ;
#8107 = CARTESIAN_POINT ( 'NONE',  ( -9.868328310769554079, -56.62862722005911564, -9.179637041561891309 ) ) ;
#8108 = CARTESIAN_POINT ( 'NONE',  ( -61.87498243476284188, -26.32913060802762573, -7.662974001544323954 ) ) ;
#8109 = EDGE_LOOP ( 'NONE', ( #8951, #2444, #7259, #2991 ) ) ;
#8110 = CARTESIAN_POINT ( 'NONE',  ( -32.10800448670235596, 20.00000000000003553, -6.588117151043352493 ) ) ;
#8111 = ORIENTED_EDGE ( 'NONE', *, *, #984, .F. ) ;
#8112 = CARTESIAN_POINT ( 'NONE',  ( -8.353061096107404992, -73.10340609412050128, -10.41524480850758039 ) ) ;
#8113 = CARTESIAN_POINT ( 'NONE',  ( -53.47746590464212346, -57.99466140430612882, -9.323137365339089655 ) ) ;
#8114 = EDGE_CURVE ( 'NONE', #1616, #5313, #5862, .T. ) ;
#8115 = CARTESIAN_POINT ( 'NONE',  ( -3.108004486699574187, -38.00442471284928558, 18.41188284895663685 ) ) ;
#8116 = EDGE_CURVE ( 'NONE', #6453, #7107, #7033, .T. ) ;
#8117 = EDGE_LOOP ( 'NONE', ( #5552, #4044, #6691, #1997 ) ) ;
#8118 = DIRECTION ( 'NONE',  ( 1.000000000000000000, 0.000000000000000000, 0.000000000000000000 ) ) ;
#8119 = DIRECTION ( 'NONE',  ( -1.000000000000000000, 0.000000000000000000, 0.000000000000000000 ) ) ;
#8120 = CARTESIAN_POINT ( 'NONE',  ( -40.93356296991329657, -38.00442471284927848, 2.411882848956650172 ) ) ;
#8121 = CARTESIAN_POINT ( 'NONE',  ( -54.33836331267180952, 2.234102288965725602, 3.377114742951647930 ) ) ;
#8122 = CARTESIAN_POINT ( 'NONE',  ( -10.91346253279929002, -0.2059338297660113781, 2.035133640961402701 ) ) ;
#8123 = VERTEX_POINT ( 'NONE', #5969 ) ;
#8124 = CYLINDRICAL_SURFACE ( 'NONE', #4979, 1.650000000000002132 ) ;
#8125 = DIRECTION ( 'NONE',  ( -0.000000000000000000, -0.000000000000000000, 1.000000000000000000 ) ) ;
#8126 = CARTESIAN_POINT ( 'NONE',  ( -4.188107605853437221, -24.11526406937160871, -6.421896420258810245 ) ) ;
#8127 = EDGE_CURVE ( 'NONE', #3438, #6734, #2710, .T. ) ;
#8128 = CARTESIAN_POINT ( 'NONE',  ( 8.378072848758899127, -12.87591766126201520, 5.356145385991214702 ) ) ;
#8129 = CARTESIAN_POINT ( 'NONE',  ( -16.03084897349712179, -71.48596535551243392, 26.41188284895664040 ) ) ;
#8130 = AXIS2_PLACEMENT_3D ( 'NONE', #5505, #7341, #7658 ) ;
#8131 = AXIS2_PLACEMENT_3D ( 'NONE', #8076, #5963, #1139 ) ;
#8132 = CARTESIAN_POINT ( 'NONE',  ( -20.10201549653206854, -121.2132881752237239, -0.02807631166543776702 ) ) ;
#8133 = VERTEX_POINT ( 'NONE', #7208 ) ;
#8134 = CARTESIAN_POINT ( 'NONE',  ( -8.053579970758352857, -75.49908406571029218, -8.654902360689394669 ) ) ;
#8135 = CARTESIAN_POINT ( 'NONE',  ( -21.28244600348924820, -121.6230729217454041, 8.411882848956651060 ) ) ;
#8136 = ORIENTED_EDGE ( 'NONE', *, *, #8551, .T. ) ;
#8137 = CARTESIAN_POINT ( 'NONE',  ( -59.86080793868938343, -78.91271134263244846, -6.895337323333867730 ) ) ;
#8138 = DIRECTION ( 'NONE',  ( -0.7570713747888904166, -0.6533321769783418942, 0.000000000000000000 ) ) ;
#8139 = CARTESIAN_POINT ( 'NONE',  ( -0.5295463800183312086, -18.72356922964726067, -5.505074767855223428 ) ) ;
#8140 = EDGE_CURVE ( 'NONE', #1889, #2985, #808, .T. ) ;
#8141 = CARTESIAN_POINT ( 'NONE',  ( -65.10986821160119575, -15.95645198063911430, -3.098057062880181345 ) ) ;
#8142 = CIRCLE ( 'NONE', #2745, 16.69999999999994245 ) ;
#8143 = CARTESIAN_POINT ( 'NONE',  ( -32.10800448670241281, 5.000000000000024869, 26.41188284895664395 ) ) ;
#8144 = ORIENTED_EDGE ( 'NONE', *, *, #8062, .T. ) ;
#8145 = CARTESIAN_POINT ( 'NONE',  ( -2.564298527078881840, -14.73416885606910753, 1.411882848956637293 ) ) ;
#8146 = CARTESIAN_POINT ( 'NONE',  ( -42.10513584516710495, -121.9662186722530066, -1.588117151043347608 ) ) ;
#8147 = CARTESIAN_POINT ( 'NONE',  ( -2.370851058929277944, -18.15627884163624728, -4.274530799939604719 ) ) ;
#8148 = DIRECTION ( 'NONE',  ( -1.000000000000000000, 0.000000000000000000, 0.000000000000000000 ) ) ;
#8149 = ORIENTED_EDGE ( 'NONE', *, *, #4045, .F. ) ;
#8150 = ORIENTED_EDGE ( 'NONE', *, *, #4894, .F. ) ;
#8151 = DIRECTION ( 'NONE',  ( 0.000000000000000000, 0.000000000000000000, -1.000000000000000000 ) ) ;
#8152 = ORIENTED_EDGE ( 'NONE', *, *, #2993, .F. ) ;
#8153 = CARTESIAN_POINT ( 'NONE',  ( -6.693418701276723226, -75.24965084927831072, -9.836692612120339518 ) ) ;
#8154 = CARTESIAN_POINT ( 'NONE',  ( -55.53675269669297165, 6.061363863282958953, 7.807423258291163570 ) ) ;
#8155 = ORIENTED_EDGE ( 'NONE', *, *, #1476, .F. ) ;
#8156 = CARTESIAN_POINT ( 'NONE',  ( -64.63469423259054736, -77.35586853868322521, -5.687356340382247133 ) ) ;
#8157 = ORIENTED_EDGE ( 'NONE', *, *, #2258, .F. ) ;
#8158 = CARTESIAN_POINT ( 'NONE',  ( -25.35800448670127949, 28.00000000000000000, 2.011882848956656478 ) ) ;
#8159 = CARTESIAN_POINT ( 'NONE',  ( -11.28244600348922866, -76.75818478260566735, 24.41188284895663685 ) ) ;
#8160 = DIRECTION ( 'NONE',  ( -0.000000000000000000, -0.000000000000000000, 1.000000000000000000 ) ) ;
#8161 = ORIENTED_EDGE ( 'NONE', *, *, #6715, .F. ) ;
#8162 = FACE_OUTER_BOUND ( 'NONE', #2906, .T. ) ;
#8163 = CARTESIAN_POINT ( 'NONE',  ( -54.05998713256634147, 4.490144602221985970, 2.567229677813021915 ) ) ;
#8164 = DIRECTION ( 'NONE',  ( -1.000000000000000000, 0.000000000000000000, 0.000000000000000000 ) ) ;
#8165 = EDGE_CURVE ( 'NONE', #807, #5017, #3876, .T. ) ;
#8166 = CARTESIAN_POINT ( 'NONE',  ( -25.97286602792615895, 26.71423118765808624, -4.992833277122340263 ) ) ;
#8167 = ADVANCED_FACE ( 'NONE', ( #8035 ), #6658, .T. ) ;
#8168 = LINE ( 'NONE', #684, #8175 ) ;
#8169 = CARTESIAN_POINT ( 'NONE',  ( -35.13305150181308534, -5.484395752076610897, -11.52223254349467041 ) ) ;
#8170 = CARTESIAN_POINT ( 'NONE',  ( 4.802718156983279307, -11.26165115270365469, 7.078900987542719569 ) ) ;
#8171 = CARTESIAN_POINT ( 'NONE',  ( -4.153636747054311407, -29.92323589574596099, -6.401450140170480196 ) ) ;
#8172 = CARTESIAN_POINT ( 'NONE',  ( -13.98939362589466207, 0.4116147842394404788, -4.320950993927023198 ) ) ;
#8173 = CARTESIAN_POINT ( 'NONE',  ( -74.13813534582835985, -76.74953904446479669, 162.2921154739354677 ) ) ;
#8174 = CARTESIAN_POINT ( 'NONE',  ( -30.91838830494286938, -36.81817197571893985, 18.41188284895663685 ) ) ;
#8175 = VECTOR ( 'NONE', #2596, 1000.000000000000000 ) ;
#8176 = CARTESIAN_POINT ( 'NONE',  ( -11.22895862410597267, -71.98284646123907748, -9.525587169398958665 ) ) ;
#8177 = CARTESIAN_POINT ( 'NONE',  ( -3.528072768512179547, -77.96638172027718383, -6.611347331600526900 ) ) ;
#8178 = EDGE_CURVE ( 'NONE', #5636, #3837, #2966, .T. ) ;
#8179 = CARTESIAN_POINT ( 'NONE',  ( -0.9733449709619466095, -39.11629199903288878, -6.750662291928177794 ) ) ;
#8180 = ORIENTED_EDGE ( 'NONE', *, *, #5339, .T. ) ;
#8181 = CARTESIAN_POINT ( 'NONE',  ( -53.16174614662878639, -63.78256337262435949, -11.09818702468035490 ) ) ;
#8182 = CARTESIAN_POINT ( 'NONE',  ( -44.52889481528563209, -121.4207388444311988, 0.6392780322754169076 ) ) ;
#8183 = DIRECTION ( 'NONE',  ( 1.000000000000000000, 8.310052579529643597E-16, 0.000000000000000000 ) ) ;
#8184 = CARTESIAN_POINT ( 'NONE',  ( -0.3253050749551083531, -18.28357804373180073, -5.193632356399535688 ) ) ;
#8185 = CARTESIAN_POINT ( 'NONE',  ( -64.23543357974666890, -14.37555175163807064, -0.3164615447739679843 ) ) ;
#8186 = DIRECTION ( 'NONE',  ( -1.000000000000000000, 0.000000000000000000, 0.000000000000000000 ) ) ;
#8187 = CARTESIAN_POINT ( 'NONE',  ( -60.86044123988246923, -20.57078966868860448, -5.501923748643820389 ) ) ;
#8188 = CARTESIAN_POINT ( 'NONE',  ( -60.78108894775753157, -42.38076953445008144, -5.867428750608764787 ) ) ;
#8189 = CARTESIAN_POINT ( 'NONE',  ( -3.344297658718196953, -20.53268306226294726, -5.558869396927872408 ) ) ;
#8190 = EDGE_CURVE ( 'NONE', #4893, #4453, #8315, .T. ) ;
#8191 = CARTESIAN_POINT ( 'NONE',  ( -48.35459040315112844, -1.231286385250947468, -6.331583296018101770 ) ) ;
#8192 = ORIENTED_EDGE ( 'NONE', *, *, #2319, .F. ) ;
#8193 = ORIENTED_EDGE ( 'NONE', *, *, #6883, .F. ) ;
#8194 = CARTESIAN_POINT ( 'NONE',  ( -61.04613066591993231, -39.91801701435201011, -5.674192539574566041 ) ) ;
#8195 = ORIENTED_EDGE ( 'NONE', *, *, #1084, .T. ) ;
#8196 = CARTESIAN_POINT ( 'NONE',  ( -10.93823471776920364, -58.35383117877394454, -9.457020655351888294 ) ) ;
#8197 = CARTESIAN_POINT ( 'NONE',  ( -61.93805635195336379, -25.32133300169559220, -7.623598844185666579 ) ) ;
#8198 = ORIENTED_EDGE ( 'NONE', *, *, #4832, .T. ) ;
#8199 = CARTESIAN_POINT ( 'NONE',  ( -3.936373986328627339, -22.68763525935006697, -6.218288279686978726 ) ) ;
#8200 = DIRECTION ( 'NONE',  ( 0.000000000000000000, 0.000000000000000000, 1.000000000000000000 ) ) ;
#8201 = AXIS2_PLACEMENT_3D ( 'NONE', #7037, #785, #2886 ) ;
#8202 = ORIENTED_EDGE ( 'NONE', *, *, #3440, .T. ) ;
#8203 = CARTESIAN_POINT ( 'NONE',  ( -32.10800448670126883, -38.00442471284927848, 108.4362694665913835 ) ) ;
#8204 = CARTESIAN_POINT ( 'NONE',  ( -47.10800448670129015, -78.04525164055847597, 26.41188284895664040 ) ) ;
#8205 = AXIS2_PLACEMENT_3D ( 'NONE', #1702, #4442, #4527 ) ;
#8206 = LINE ( 'NONE', #4646, #528 ) ;
#8207 = AXIS2_PLACEMENT_3D ( 'NONE', #4611, #3184, #3094 ) ;
#8208 = VERTEX_POINT ( 'NONE', #1145 ) ;
#8209 = CARTESIAN_POINT ( 'NONE',  ( -62.86188261808919719, -9.673724956377846240, 0.8521963543862852708 ) ) ;
#8210 = CARTESIAN_POINT ( 'NONE',  ( -65.67867548496840868, -15.12551799311678735, -2.060090031808446742 ) ) ;
#8211 = CARTESIAN_POINT ( 'NONE',  ( -52.87109159650250945, -71.74219768515025919, -9.466944430549169454 ) ) ;
#8212 = CARTESIAN_POINT ( 'NONE',  ( -29.79956063396524613, 8.114061113605014697, -10.75605594879993099 ) ) ;
#8213 = AXIS2_PLACEMENT_3D ( 'NONE', #1864, #8887, #8258 ) ;
#8214 = CARTESIAN_POINT ( 'NONE',  ( -32.10800448670235596, 20.00000000000003553, -6.588117151043349828 ) ) ;
#8215 = DIRECTION ( 'NONE',  ( 1.000000000000000000, 0.000000000000000000, 0.000000000000000000 ) ) ;
#8216 = PLANE ( 'NONE',  #6347 ) ;
#8217 = CARTESIAN_POINT ( 'NONE',  ( -62.05708396376524405, -24.31985779060778086, -7.548601421004996759 ) ) ;
#8218 = ADVANCED_FACE ( 'NONE', ( #2056 ), #8216, .F. ) ;
#8219 = CARTESIAN_POINT ( 'NONE',  ( -12.68477732587505180, -2.258506430399183529, -13.22822741526793777 ) ) ;
#8220 = AXIS2_PLACEMENT_3D ( 'NONE', #8020, #1813, #8066 ) ;
#8221 = CARTESIAN_POINT ( 'NONE',  ( -62.54774883880297409, -78.32196739150330700, -7.230365718952914023 ) ) ;
#8222 = CARTESIAN_POINT ( 'NONE',  ( -36.10800448672310381, 5.000000000000024869, 23.41188284895664040 ) ) ;
#8223 = CARTESIAN_POINT ( 'NONE',  ( -9.923371996864498001, -73.73455158101181439, -9.238897769002141658 ) ) ;
#8224 = CARTESIAN_POINT ( 'NONE',  ( -4.403257782088053851, -51.74792756167368424, -8.821448826686580702 ) ) ;
#8225 = ORIENTED_EDGE ( 'NONE', *, *, #8409, .T. ) ;
#8226 = CARTESIAN_POINT ( 'NONE',  ( -57.90534913152774266, -77.75447839658767180, -7.829538200584568841 ) ) ;
#8227 = DIRECTION ( 'NONE',  ( -1.000000000000000000, 0.000000000000000000, 0.000000000000000000 ) ) ;
#8228 = CARTESIAN_POINT ( 'NONE',  ( -8.077873627574224003, -22.21112135110120533, 26.41188284895664040 ) ) ;
#8229 = CARTESIAN_POINT ( 'NONE',  ( -0.2205663651459762176, -18.06844334004438224, -5.031093292001995287 ) ) ;
#8230 = DIRECTION ( 'NONE',  ( -0.000000000000000000, -0.000000000000000000, 1.000000000000000000 ) ) ;
#8231 = ADVANCED_FACE ( 'NONE', ( #2740 ), #3964, .F. ) ;
#8232 = CARTESIAN_POINT ( 'NONE',  ( -67.95012870281654216, -8.786698733615052603, 11.95009731175243850 ) ) ;
#8233 = EDGE_CURVE ( 'NONE', #508, #5358, #1108, .T. ) ;
#8234 = CARTESIAN_POINT ( 'NONE',  ( -60.61541453369243726, -21.35386732099393825, -5.795091547761272999 ) ) ;
#8235 = VECTOR ( 'NONE', #1063, 1000.000000000000000 ) ;
#8236 = CARTESIAN_POINT ( 'NONE',  ( -61.10769961480482948, -37.69729957679773946, -5.628556480320306754 ) ) ;
#8237 = CARTESIAN_POINT ( 'NONE',  ( -3.074986371834412147, -19.78107491109050287, -5.222171275508632249 ) ) ;
#8238 = FACE_OUTER_BOUND ( 'NONE', #5554, .T. ) ;
#8239 = ORIENTED_EDGE ( 'NONE', *, *, #992, .F. ) ;
#8240 = EDGE_LOOP ( 'NONE', ( #8461, #1757, #3613, #3202 ) ) ;
#8241 = CARTESIAN_POINT ( 'NONE',  ( -35.59394474729415236, 6.968091928469043239, -10.58323017529109400 ) ) ;
#8242 = ADVANCED_FACE ( 'NONE', ( #2553, #3230 ), #5381, .T. ) ;
#8243 = CARTESIAN_POINT ( 'NONE',  ( -8.550910248166621486, -73.16420759245792738, -10.47493554341943778 ) ) ;
#8244 = CARTESIAN_POINT ( 'NONE',  ( -66.47584000977293783, -7.475726470710030824, 15.31269238314865611 ) ) ;
#8245 = VECTOR ( 'NONE', #4401, 1000.000000000000000 ) ;
#8246 = ORIENTED_EDGE ( 'NONE', *, *, #662, .T. ) ;
#8247 = CARTESIAN_POINT ( 'NONE',  ( -67.82653378625118989, -12.51534594745051265, 2.830175488526207150 ) ) ;
#8248 = DIRECTION ( 'NONE',  ( 0.000000000000000000, 1.000000000000000000, 0.000000000000000000 ) ) ;
#8249 = VERTEX_POINT ( 'NONE', #4063 ) ;
#8250 = FACE_BOUND ( 'NONE', #716, .T. ) ;
#8251 = CARTESIAN_POINT ( 'NONE',  ( -30.28300448670128020, -22.17822028544098245, 1.411882848956637293 ) ) ;
#8252 = AXIS2_PLACEMENT_3D ( 'NONE', #1586, #4417, #946 ) ;
#8253 = VECTOR ( 'NONE', #4960, 1000.000000000000000 ) ;
#8254 = CARTESIAN_POINT ( 'NONE',  ( -32.10800448670126883, -38.00442471284927848, 1.411882848956630410 ) ) ;
#8255 = ADVANCED_FACE ( 'NONE', ( #3332 ), #2562, .F. ) ;
#8256 = ORIENTED_EDGE ( 'NONE', *, *, #2662, .F. ) ;
#8257 = DIRECTION ( 'NONE',  ( 0.000000000000000000, 0.000000000000000000, -1.000000000000000000 ) ) ;
#8258 = DIRECTION ( 'NONE',  ( 1.000000000000000000, 1.734723475976807094E-15, 0.000000000000000000 ) ) ;
#8259 = CARTESIAN_POINT ( 'NONE',  ( -34.64213081907679737, -9.115357512064429457, -8.792177366502409441 ) ) ;
#8260 = CARTESIAN_POINT ( 'NONE',  ( -36.96979365258088990, 20.52494360403750306, -7.688301704436478978 ) ) ;
#8261 = DIRECTION ( 'NONE',  ( 1.000000000000000000, 0.000000000000000000, -0.000000000000000000 ) ) ;
#8262 = CARTESIAN_POINT ( 'NONE',  ( -28.40396277189578811, 6.543226886957111965, -10.57348858071107323 ) ) ;
#8263 = CARTESIAN_POINT ( 'NONE',  ( -1.997204310741748090, -30.13549682847776268, -7.445285541681296415 ) ) ;
#8264 = CARTESIAN_POINT ( 'NONE',  ( -32.10800448670127594, -22.17822028544098245, 1.411882848956637293 ) ) ;
#8265 = FACE_BOUND ( 'NONE', #7894, .T. ) ;
#8266 = CARTESIAN_POINT ( 'NONE',  ( -58.15987040982089695, -75.90052731090638360, -9.579388872387124110 ) ) ;
#8267 = CARTESIAN_POINT ( 'NONE',  ( -11.32078112955787930, -71.78932047667701966, -9.546654421906179522 ) ) ;
#8268 = CARTESIAN_POINT ( 'NONE',  ( 1.283458269007731634, -78.75818478260569577, -3.157242194047721995 ) ) ;
#8269 = CARTESIAN_POINT ( 'NONE',  ( -1.020230936306463443, -39.98990332306113515, -6.784056364055815358 ) ) ;
#8270 = ADVANCED_FACE ( 'NONE', ( #452 ), #6114, .F. ) ;
#8271 = EDGE_LOOP ( 'NONE', ( #433, #6440 ) ) ;
#8272 = CARTESIAN_POINT ( 'NONE',  ( -55.46012844125293384, -57.86849011025808664, -10.53814089804856380 ) ) ;
#8273 = DIRECTION ( 'NONE',  ( 0.000000000000000000, 0.000000000000000000, -1.000000000000000000 ) ) ;
#8274 = DIRECTION ( 'NONE',  ( 0.000000000000000000, 0.000000000000000000, -1.000000000000000000 ) ) ;
#8275 = CARTESIAN_POINT ( 'NONE',  ( -1.683850596014837775, -22.06917455773676195, -7.094819040823582945 ) ) ;
#8276 = CARTESIAN_POINT ( 'NONE',  ( -19.28244600348924465, -78.75818478260570998, 8.411882848956651060 ) ) ;
#8277 = AXIS2_PLACEMENT_3D ( 'NONE', #6605, #6513, #3000 ) ;
#8278 = AXIS2_PLACEMENT_3D ( 'NONE', #7553, #8821, #8148 ) ;
#8279 = CARTESIAN_POINT ( 'NONE',  ( -68.26494316720653899, -9.016605616696088177, 12.39976335574393751 ) ) ;
#8280 = FACE_OUTER_BOUND ( 'NONE', #6324, .T. ) ;
#8281 = DIRECTION ( 'NONE',  ( 1.000000000000000000, -1.780377182154265206E-15, 0.000000000000000000 ) ) ;
#8282 = CARTESIAN_POINT ( 'NONE',  ( -43.03515999990542440, -71.48596535551243392, 26.41188284895664040 ) ) ;
#8283 = CARTESIAN_POINT ( 'NONE',  ( -35.60800448670127594, -94.85808688002525457, 13.26290989078527360 ) ) ;
#8284 = CIRCLE ( 'NONE', #118, 26.00000000000000000 ) ;
#8285 = EDGE_CURVE ( 'NONE', #4210, #8042, #4107, .T. ) ;
#8286 = EDGE_LOOP ( 'NONE', ( #5513, #3256, #8504, #8010, #798, #5048 ) ) ;
#8287 = EDGE_CURVE ( 'NONE', #4923, #5462, #4286, .T. ) ;
#8288 = ORIENTED_EDGE ( 'NONE', *, *, #266, .T. ) ;
#8289 = DIRECTION ( 'NONE',  ( 1.000000000000000000, 0.000000000000000000, 0.000000000000000000 ) ) ;
#8290 = ORIENTED_EDGE ( 'NONE', *, *, #2556, .T. ) ;
#8291 = CARTESIAN_POINT ( 'NONE',  ( -5.633657204824804587, -76.12580096436548160, -9.398529335210849212 ) ) ;
#8292 = CARTESIAN_POINT ( 'NONE',  ( -59.98181560783972799, -24.44608550418546500, -6.390204934330144582 ) ) ;
#8293 = ORIENTED_EDGE ( 'NONE', *, *, #4489, .F. ) ;
#8294 = CARTESIAN_POINT ( 'NONE',  ( -4.100093537045840897, -23.53592719610819017, -6.362685121137315214 ) ) ;
#8295 = DIRECTION ( 'NONE',  ( -0.000000000000000000, -1.000000000000000000, 0.000000000000000000 ) ) ;
#8296 = VERTEX_POINT ( 'NONE', #2273 ) ;
#8297 = EDGE_CURVE ( 'NONE', #7828, #7773, #8439, .T. ) ;
#8298 = CARTESIAN_POINT ( 'NONE',  ( -9.319354849522754947, -72.00537078288550674, -10.69455432485692725 ) ) ;
#8299 = ORIENTED_EDGE ( 'NONE', *, *, #7936, .F. ) ;
#8300 = CARTESIAN_POINT ( 'NONE',  ( -0.6320063957933915733, -77.19455192263339427, -6.505511027318425121 ) ) ;
#8301 = DIRECTION ( 'NONE',  ( 0.000000000000000000, 0.000000000000000000, -1.000000000000000000 ) ) ;
#8302 = ORIENTED_EDGE ( 'NONE', *, *, #8116, .F. ) ;
#8303 = CARTESIAN_POINT ( 'NONE',  ( -61.14362306469513442, -11.66645390971905449, -2.684639332161247616 ) ) ;
#8304 = DIRECTION ( 'NONE',  ( -0.000000000000000000, -0.000000000000000000, 1.000000000000000000 ) ) ;
#8305 = CARTESIAN_POINT ( 'NONE',  ( -52.37231861010749157, -70.51536635561781452, -9.574797062324893915 ) ) ;
#8306 = CARTESIAN_POINT ( 'NONE',  ( -55.23536977100521739, 5.656263624681821867, 6.418999853536042188 ) ) ;
#8307 = EDGE_CURVE ( 'NONE', #4680, #8318, #2183, .T. ) ;
#8308 = CARTESIAN_POINT ( 'NONE',  ( -10.36068553260811775, -10.02152037603275758, 1.411882848956637293 ) ) ;
#8309 = CARTESIAN_POINT ( 'NONE',  ( 4.224072370217138328, -9.082341761055905849, 13.73403020131985386 ) ) ;
#8310 = CARTESIAN_POINT ( 'NONE',  ( -32.10800448670235596, 20.00000000000003553, 14.91188284895665639 ) ) ;
#8311 = CARTESIAN_POINT ( 'NONE',  ( -74.13813534582835985, -22.21112135110119112, 14.41188284895664573 ) ) ;
#8312 = CARTESIAN_POINT ( 'NONE',  ( 1.111678652260253530, -6.814039979133090341, 12.22480944249489454 ) ) ;
#8313 = DIRECTION ( 'NONE',  ( -1.000000000000000000, 0.000000000000000000, 0.000000000000000000 ) ) ;
#8314 =( NAMED_UNIT ( * ) SI_UNIT ( $, .STERADIAN. ) SOLID_ANGLE_UNIT ( ) );
#8315 = B_SPLINE_CURVE_WITH_KNOTS ( 'NONE', 3,
 ( #8894, #6749, #1325, #1286 ),
 .UNSPECIFIED., .F., .F.,
 ( 4, 4 ),
 ( 0.000000000000000000, 1.000000000000000000 ),
 .UNSPECIFIED. ) ;
#8316 = CARTESIAN_POINT ( 'NONE',  ( -2.945716756739087838, -78.14984363262045974, -6.273420173274060652 ) ) ;
#8317 = CARTESIAN_POINT ( 'NONE',  ( -6.025702940354813464, -54.43299329330262992, -9.566929323015413544 ) ) ;
#8318 = VERTEX_POINT ( 'NONE', #2951 ) ;
#8319 = CARTESIAN_POINT ( 'NONE',  ( -66.47584000977293783, -7.475726470710030824, 15.31269238314865611 ) ) ;
#8320 = CARTESIAN_POINT ( 'NONE',  ( -54.01368811915368440, -60.54880049876258141, -10.91560414418641578 ) ) ;
#8321 = DIRECTION ( 'NONE',  ( 0.000000000000000000, 0.000000000000000000, 1.000000000000000000 ) ) ;
#8322 = DIRECTION ( 'NONE',  ( -0.3922749854591618401, -0.9198479960205458994, -0.000000000000000000 ) ) ;
#8323 = CARTESIAN_POINT ( 'NONE',  ( -1.428852077679973354, -21.13719061345403460, -6.776438828345501264 ) ) ;
#8324 = DIRECTION ( 'NONE',  ( 1.000000000000000000, 0.000000000000000000, 0.000000000000000000 ) ) ;
#8325 = VECTOR ( 'NONE', #6506, 1000.000000000000000 ) ;
#8326 = FACE_OUTER_BOUND ( 'NONE', #2254, .T. ) ;
#8327 = CARTESIAN_POINT ( 'NONE',  ( -52.93356296991328236, -78.75818478260559630, 2.411882848956650172 ) ) ;
#8328 = CARTESIAN_POINT ( 'NONE',  ( -9.107718918842218514, -55.66966386794165800, -8.934583233708858430 ) ) ;
#8329 = FACE_OUTER_BOUND ( 'NONE', #7569, .T. ) ;
#8330 = CARTESIAN_POINT ( 'NONE',  ( -5.249697921458213123, -53.23156217452243766, -9.228154692195840170 ) ) ;
#8331 = ORIENTED_EDGE ( 'NONE', *, *, #6547, .T. ) ;
#8332 = ORIENTED_EDGE ( 'NONE', *, *, #699, .T. ) ;
#8333 = CARTESIAN_POINT ( 'NONE',  ( -48.13813534582836695, -78.75818478260561051, 14.41188284895664573 ) ) ;
#8334 = B_SPLINE_CURVE_WITH_KNOTS ( 'NONE', 1,
 ( #7331, #6645 ),
 .UNSPECIFIED., .F., .F.,
 ( 2, 2 ),
 ( 0.000000000000000000, 1.000000000000000000 ),
 .UNSPECIFIED. ) ;
#8335 = CARTESIAN_POINT ( 'NONE',  ( -10.36218299666853859, -73.53353475692971131, -9.311109260348576555 ) ) ;
#8336 = EDGE_CURVE ( 'NONE', #3730, #2175, #5331, .T. ) ;
#8337 = EDGE_CURVE ( 'NONE', #8436, #3216, #132, .T. ) ;
#8338 = VERTEX_POINT ( 'NONE', #173 ) ;
#8339 = CARTESIAN_POINT ( 'NONE',  ( -65.66723777541176332, -12.70266602780066556, 2.872834972656244101 ) ) ;
#8340 = CARTESIAN_POINT ( 'NONE',  ( 1.882555817140189047, -7.216506260311362553, 15.28624270670350427 ) ) ;
#8341 = VERTEX_POINT ( 'NONE', #7105 ) ;
#8342 = B_SPLINE_CURVE_WITH_KNOTS ( 'NONE', 3,
 ( #723, #4959, #7748, #2819 ),
 .UNSPECIFIED., .F., .F.,
 ( 4, 4 ),
 ( 0.000000000000000000, 1.000000000000000000 ),
 .UNSPECIFIED. ) ;
#8343 = CARTESIAN_POINT ( 'NONE',  ( -11.30335822659069756, -71.91926022749797198, -9.581766875991412746 ) ) ;
#8344 = ORIENTED_EDGE ( 'NONE', *, *, #3148, .T. ) ;
#8345 = DIRECTION ( 'NONE',  ( -1.000000000000000000, 0.000000000000000000, 0.000000000000000000 ) ) ;
#8346 = ORIENTED_EDGE ( 'NONE', *, *, #6837, .F. ) ;
#8347 = CARTESIAN_POINT ( 'NONE',  ( -66.57937556913876165, -13.98527112699968278, -0.2501661401582300770 ) ) ;
#8348 = EDGE_CURVE ( 'NONE', #5005, #5351, #1994, .T. ) ;
#8349 = FACE_OUTER_BOUND ( 'NONE', #4247, .T. ) ;
#8350 = CARTESIAN_POINT ( 'NONE',  ( -52.54813429120031998, -70.98154857710733268, -9.537720523675270456 ) ) ;
#8351 = EDGE_CURVE ( 'NONE', #5456, #5273, #6492, .T. ) ;
#8352 = CARTESIAN_POINT ( 'NONE',  ( -32.10800448669605345, 26.54511801524727233, -9.683370825577677365 ) ) ;
#8353 = CARTESIAN_POINT ( 'NONE',  ( -58.44327395602620356, -75.17689087352120225, -9.459131753162381528 ) ) ;
#8354 = AXIS2_PLACEMENT_3D ( 'NONE', #1216, #4909, #616 ) ;
#8355 = CARTESIAN_POINT ( 'NONE',  ( 3.424201833370298154, -12.88372513294595123, 2.128386885326023048 ) ) ;
#8356 = CIRCLE ( 'NONE', #4555, 1.649999999999998579 ) ;
#8357 = CARTESIAN_POINT ( 'NONE',  ( -31.58181010648602438, 23.97388323348831207, -8.033402789838891778 ) ) ;
#8358 = CARTESIAN_POINT ( 'NONE',  ( 2.377220685479910056, -14.11600705172762105, -0.3453532993167509058 ) ) ;
#8359 = CARTESIAN_POINT ( 'NONE',  ( -0.5165361088275824963, -17.92169162996061971, -6.672298414393766031 ) ) ;
#8360 = ADVANCED_FACE ( 'NONE', ( #993 ), #2358, .T. ) ;
#8361 = CARTESIAN_POINT ( 'NONE',  ( -54.01381218334023515, -70.36332329404386599, -10.91556669247710687 ) ) ;
#8362 = CARTESIAN_POINT ( 'NONE',  ( -11.95248109974642681, -60.71086861346695684, -9.683413224643725670 ) ) ;
#8363 = AXIS2_PLACEMENT_3D ( 'NONE', #8852, #595, #4015 ) ;
#8364 = CARTESIAN_POINT ( 'NONE',  ( -6.187580872265446175, -54.67008995469845445, -9.634198166930145746 ) ) ;
#8365 = ORIENTED_EDGE ( 'NONE', *, *, #7682, .F. ) ;
#8366 = CARTESIAN_POINT ( 'NONE',  ( -51.75702471378032499, -62.64108802552107136, -9.695741178296474416 ) ) ;
#8367 = B_SPLINE_CURVE_WITH_KNOTS ( 'NONE', 3,
 ( #3757, #2343, #8731, #930, #6535, #7364, #294, #7227, #8642, #6580 ),
 .UNSPECIFIED., .F., .F.,
 ( 4, 2, 2, 2, 4 ),
 ( 0.000000000000000000, 0.0007432849178810068584, 0.001486569835762013717, 0.002229854753643020684, 0.002973139671524027434 ),
 .UNSPECIFIED. ) ;
#8368 = CARTESIAN_POINT ( 'NONE',  ( -44.88168470794727938, -123.5711946597784419, 1.631920158296985113 ) ) ;
#8369 = CARTESIAN_POINT ( 'NONE',  ( -34.75658396304859110, 1.991204177966990452, -11.20807879944371344 ) ) ;
#8370 = CARTESIAN_POINT ( 'NONE',  ( -29.13775109518056894, -9.153611226933596967, -8.769546997340288641 ) ) ;
#8371 = CIRCLE ( 'NONE', #6751, 1.825000000000000178 ) ;
#8372 = CARTESIAN_POINT ( 'NONE',  ( -63.19040659714522690, -15.80639328207658956, -2.132527544819978527 ) ) ;
#8373 = FACE_OUTER_BOUND ( 'NONE', #3630, .T. ) ;
#8374 = CARTESIAN_POINT ( 'NONE',  ( -13.11160094214366012, -2.753073319734079316, -2.348966631299215457 ) ) ;
#8375 = CARTESIAN_POINT ( 'NONE',  ( -54.07198646078414583, -70.50449031133523192, -10.90201210507085783 ) ) ;
#8376 = DIRECTION ( 'NONE',  ( 1.000000000000000000, 0.000000000000000000, 0.000000000000000000 ) ) ;
#8377 = VECTOR ( 'NONE', #72, 1000.000000000000000 ) ;
#8378 = ORIENTED_EDGE ( 'NONE', *, *, #6956, .T. ) ;
#8379 = VERTEX_POINT ( 'NONE', #893 ) ;
#8380 = FACE_BOUND ( 'NONE', #59, .T. ) ;
#8381 = AXIS2_PLACEMENT_3D ( 'NONE', #128, #2221, #3587 ) ;
#8382 = EDGE_LOOP ( 'NONE', ( #4589, #1512, #2859, #7697 ) ) ;
#8383 = CARTESIAN_POINT ( 'NONE',  ( -9.983070881831698884, -74.09818437591377460, -9.208519870689105602 ) ) ;
#8384 = CARTESIAN_POINT ( 'NONE',  ( -66.77174190298832457, -11.42278346914303810, 6.606014790106107704 ) ) ;
#8385 = LINE ( 'NONE', #2128, #7777 ) ;
#8386 = VECTOR ( 'NONE', #7299, 1000.000000000000114 ) ;
#8387 = VERTEX_POINT ( 'NONE', #2403 ) ;
#8388 = CARTESIAN_POINT ( 'NONE',  ( -2.008649393801200222, -76.86277350337307723, -7.452789190076686943 ) ) ;
#8389 = ORIENTED_EDGE ( 'NONE', *, *, #5919, .T. ) ;
#8390 = CARTESIAN_POINT ( 'NONE',  ( -1.175965938654298437, -77.08076127767949970, -6.896456629708208830 ) ) ;
#8391 = VERTEX_POINT ( 'NONE', #4551 ) ;
#8392 = LINE ( 'NONE', #5598, #952 ) ;
#8393 = CARTESIAN_POINT ( 'NONE',  ( -66.27346070363331876, -8.599033171012756327, 7.138696045514675959 ) ) ;
#8394 = CYLINDRICAL_SURFACE ( 'NONE', #1810, 1.825000000000007283 ) ;
#8395 = ORIENTED_EDGE ( 'NONE', *, *, #2579, .T. ) ;
#8396 = VECTOR ( 'NONE', #5013, 1000.000000000000000 ) ;
#8397 = CARTESIAN_POINT ( 'NONE',  ( -58.57796349649863998, -75.26068336042938256, -9.400548949867243209 ) ) ;
#8398 = EDGE_CURVE ( 'NONE', #4453, #7828, #677, .T. ) ;
#8399 = EDGE_CURVE ( 'NONE', #2175, #3730, #6939, .T. ) ;
#8400 = CARTESIAN_POINT ( 'NONE',  ( 3.731597848957933561, -8.784827894896318767, 11.94755978859995871 ) ) ;
#8401 = CARTESIAN_POINT ( 'NONE',  ( -28.62790476405226414, 21.98974780046653166, -7.946414030811321361 ) ) ;
#8402 = DIRECTION ( 'NONE',  ( -0.3922749854591616181, 0.9198479960205461214, -0.000000000000000000 ) ) ;
#8403 = CARTESIAN_POINT ( 'NONE',  ( 6.240541280670421465, -14.08850622979565337, 0.8440397960934415966 ) ) ;
#8404 = AXIS2_PLACEMENT_3D ( 'NONE', #3364, #6690, #8790 ) ;
#8405 = CARTESIAN_POINT ( 'NONE',  ( -23.28244600348924465, -86.75818478260563893, 2.411882848956650172 ) ) ;
#8406 = CARTESIAN_POINT ( 'NONE',  ( -9.155914422845604861, 5.230046186950570331, 5.707878172498122460 ) ) ;
#8407 = ORIENTED_EDGE ( 'NONE', *, *, #916, .T. ) ;
#8408 = MECHANICAL_DESIGN_GEOMETRIC_PRESENTATION_REPRESENTATION (  '', ( #1117 ), #1544 ) ;
#8409 = EDGE_CURVE ( 'NONE', #2802, #1122, #3132, .T. ) ;
#8410 = CARTESIAN_POINT ( 'NONE',  ( -51.56863307539742181, -63.95494956128865027, -9.729944858534691932 ) ) ;
#8411 = CARTESIAN_POINT ( 'NONE',  ( -65.28013033398491416, -6.869193923645260824, 11.70948360971118873 ) ) ;
#8412 = CARTESIAN_POINT ( 'NONE',  ( -74.13813534582835985, -76.75818478260556788, 25.11188284895660061 ) ) ;
#8413 = CARTESIAN_POINT ( 'NONE',  ( -26.32422522685841315, -5.407047045214284253, -11.21078533433356661 ) ) ;
#8414 = CARTESIAN_POINT ( 'NONE',  ( -35.70893259554827637, 18.23970230531768166, -8.787315609342538636 ) ) ;
#8415 = DIRECTION ( 'NONE',  ( -0.8583439052881720599, -0.5130747901180192638, -1.112553604187001327E-16 ) ) ;
#8416 = CARTESIAN_POINT ( 'NONE',  ( 0.4756810109447593415, -13.83311594803764955, 0.4097513094876714668 ) ) ;
#8417 = CARTESIAN_POINT ( 'NONE',  ( -72.83813534582833427, -76.75818478260556788, 26.41188284895664040 ) ) ;
#8418 = DIRECTION ( 'NONE',  ( -0.000000000000000000, -0.000000000000000000, 1.000000000000000000 ) ) ;
#8419 = VERTEX_POINT ( 'NONE', #2994 ) ;
#8420 = EDGE_CURVE ( 'NONE', #5756, #3235, #3726, .T. ) ;
#8421 = ORIENTED_EDGE ( 'NONE', *, *, #2038, .F. ) ;
#8422 = FACE_BOUND ( 'NONE', #2513, .T. ) ;
#8423 = ORIENTED_EDGE ( 'NONE', *, *, #2329, .T. ) ;
#8424 = CARTESIAN_POINT ( 'NONE',  ( -7.276426677971045365, -77.02028031502986494, -8.312045852247136324 ) ) ;
#8425 = AXIS2_PLACEMENT_3D ( 'NONE', #5410, #2673, #1949 ) ;
#8426 = CARTESIAN_POINT ( 'NONE',  ( -2.262729960890354164, -28.00642430554033524, -7.614056995354946622 ) ) ;
#8427 = CARTESIAN_POINT ( 'NONE',  ( 2.259831036370090196, -7.705655497653260078, 11.31269238314865966 ) ) ;
#8428 = VERTEX_POINT ( 'NONE', #7286 ) ;
#8429 = CARTESIAN_POINT ( 'NONE',  ( -5.725043958535127153, -75.20678767745161508, -9.438483326953363672 ) ) ;
#8430 = ORIENTED_EDGE ( 'NONE', *, *, #1650, .T. ) ;
#8431 = CARTESIAN_POINT ( 'NONE',  ( -59.84023748931925724, -27.51428652311267697, -6.473141493789095868 ) ) ;
#8432 = ORIENTED_EDGE ( 'NONE', *, *, #6881, .F. ) ;
#8433 = CARTESIAN_POINT ( 'NONE',  ( -60.13118727023515220, -19.94592480880308827, -8.753596929309324537 ) ) ;
#8434 = DIRECTION ( 'NONE',  ( -0.000000000000000000, -0.000000000000000000, 1.000000000000000000 ) ) ;
#8435 = DIRECTION ( 'NONE',  ( 0.000000000000000000, 0.000000000000000000, -1.000000000000000000 ) ) ;
#8436 = VERTEX_POINT ( 'NONE', #5094 ) ;
#8437 = CARTESIAN_POINT ( 'NONE',  ( -54.84212573939647228, -71.93622324102322807, -10.70916909909541204 ) ) ;
#8438 = CARTESIAN_POINT ( 'NONE',  ( 2.419724568676848708, -7.819960511949829218, 11.31269238314865966 ) ) ;
#8439 = LINE ( 'NONE', #1419, #1256 ) ;
#8440 = LINE ( 'NONE', #2953, #8510 ) ;
#8441 = CARTESIAN_POINT ( 'NONE',  ( 7.209090776571138726, -22.68467922629990596, 2.796672286918675532 ) ) ;
#8442 = ADVANCED_FACE ( 'NONE', ( #398 ), #3174, .F. ) ;
#8443 = EDGE_CURVE ( 'NONE', #4735, #7241, #352, .T. ) ;
#8444 = CARTESIAN_POINT ( 'NONE',  ( -66.25562567622446863, -8.585834602789253367, 7.139217398008739224 ) ) ;
#8445 = CARTESIAN_POINT ( 'NONE',  ( -8.886059896450149154, 5.823691721068700033, 6.829566700027216442 ) ) ;
#8446 = ORIENTED_EDGE ( 'NONE', *, *, #6677, .F. ) ;
#8447 = CARTESIAN_POINT ( 'NONE',  ( -52.02087381445363690, -69.39907532774871868, -9.645517679082013629 ) ) ;
#8448 = CARTESIAN_POINT ( 'NONE',  ( -66.06233390570214681, -7.411976575906751741, 11.34434825289369364 ) ) ;
#8449 = CARTESIAN_POINT ( 'NONE',  ( -35.70262957818063398, 3.225917139285434221, -10.93583383977717993 ) ) ;
#8450 = CARTESIAN_POINT ( 'NONE',  ( -19.69545090652963282, -3.577478852268419107, -9.039897365289483844 ) ) ;
#8451 = FILL_AREA_STYLE_COLOUR ( '', #7816 ) ;
#8452 = CARTESIAN_POINT ( 'NONE',  ( -29.80122676283253824, 27.99999999999999289, -6.465883119674314727 ) ) ;
#8453 = CARTESIAN_POINT ( 'NONE',  ( -36.08660816274147010, -43.98182396148199302, 18.41188284895663685 ) ) ;
#8454 = EDGE_CURVE ( 'NONE', #4635, #8208, #6793, .T. ) ;
#8455 = CARTESIAN_POINT ( 'NONE',  ( -28.42289966375754773, -32.66811546249819997, 18.41188284895663685 ) ) ;
#8456 = CARTESIAN_POINT ( 'NONE',  ( -53.34056322199244704, -68.17145907490815659, -11.06233309171205725 ) ) ;
#8457 = CARTESIAN_POINT ( 'NONE',  ( -41.30443884329672244, -8.579777734440357406, -7.816573973623827776 ) ) ;
#8458 = ORIENTED_EDGE ( 'NONE', *, *, #2115, .F. ) ;
#8459 = DIRECTION ( 'NONE',  ( 0.000000000000000000, 0.000000000000000000, 1.000000000000000000 ) ) ;
#8460 = CARTESIAN_POINT ( 'NONE',  ( -65.24511743604556102, -13.19181264710287493, 2.232680259559109537 ) ) ;
#8461 = ORIENTED_EDGE ( 'NONE', *, *, #2866, .T. ) ;
#8462 = CARTESIAN_POINT ( 'NONE',  ( -12.44789487512205461, -68.32953072463304522, -9.780746417258253445 ) ) ;
#8463 = EDGE_CURVE ( 'NONE', #3584, #1276, #7226, .T. ) ;
#8464 = CARTESIAN_POINT ( 'NONE',  ( -2.070749587192987295, -29.71140067864593348, -7.492483977516267046 ) ) ;
#8465 = CARTESIAN_POINT ( 'NONE',  ( -57.77633218901974033, -74.72966551434822691, -9.735791468658138825 ) ) ;
#8466 = ORIENTED_EDGE ( 'NONE', *, *, #4477, .F. ) ;
#8467 = CARTESIAN_POINT ( 'NONE',  ( -9.690366539410071312, -73.99017891930107282, -9.173888425634242338 ) ) ;
#8468 = ORIENTED_EDGE ( 'NONE', *, *, #7063, .T. ) ;
#8469 = CARTESIAN_POINT ( 'NONE',  ( -62.24558507257642503, -30.58194777042506374, -7.428580861944316993 ) ) ;
#8470 = VERTEX_POINT ( 'NONE', #6145 ) ;
#8471 = PLANE ( 'NONE',  #4745 ) ;
#8472 = CARTESIAN_POINT ( 'NONE',  ( -11.28244600348923043, -78.75818478260566735, 24.41188284895663685 ) ) ;
#8473 = FACE_OUTER_BOUND ( 'NONE', #4458, .T. ) ;
#8474 = ORIENTED_EDGE ( 'NONE', *, *, #3858, .T. ) ;
#8475 = CARTESIAN_POINT ( 'NONE',  ( -59.66792187128439195, -75.87071156761966506, -8.893913800056326480 ) ) ;
#8476 = CARTESIAN_POINT ( 'NONE',  ( -30.32839829056841907, 23.59189378242862389, -7.991514970784987071 ) ) ;
#8477 = DIRECTION ( 'NONE',  ( -1.780377182154265206E-15, -1.000000000000000000, 0.000000000000000000 ) ) ;
#8478 = AXIS2_PLACEMENT_3D ( 'NONE', #5745, #8540, #2288 ) ;
#8479 = FACE_OUTER_BOUND ( 'NONE', #1717, .T. ) ;
#8480 = CARTESIAN_POINT ( 'NONE',  ( -32.10800448670126883, -74.85808688002526878, 26.41188284895664040 ) ) ;
#8481 = CARTESIAN_POINT ( 'NONE',  ( -10.77438118912470344, -58.05707040719139655, -9.416978571778221507 ) ) ;
#8482 = DIRECTION ( 'NONE',  ( -0.000000000000000000, -0.000000000000000000, 1.000000000000000000 ) ) ;
#8483 = CIRCLE ( 'NONE', #7320, 8.000000000000000000 ) ;
#8484 = EDGE_LOOP ( 'NONE', ( #6758, #3357, #2227, #4049, #3781, #3659, #1668, #4523, #219, #2224, #6860, #8874, #1712, #4400, #6533, #7967, #2442, #258 ) ) ;
#8485 = CARTESIAN_POINT ( 'NONE',  ( -52.48776600866327158, -60.08510875882079461, -9.550580020265364567 ) ) ;
#8486 = CARTESIAN_POINT ( 'NONE',  ( -39.09761534418043283, 24.58391897574519191, 1.411882848956637293 ) ) ;
#8487 = CARTESIAN_POINT ( 'NONE',  ( -36.10800448668864959, 20.00000000000003553, -6.588117151043349828 ) ) ;
#8488 = EDGE_CURVE ( 'NONE', #1314, #3890, #3269, .T. ) ;
#8489 = CARTESIAN_POINT ( 'NONE',  ( -19.25371824818599009, -7.265956099921424993, -6.571154822320527167 ) ) ;
#8490 = CARTESIAN_POINT ( 'NONE',  ( -26.14854755760527283, 28.00000000000000711, -4.656187105336261567 ) ) ;
#8491 = VECTOR ( 'NONE', #2670, 1000.000000000000000 ) ;
#8492 = CARTESIAN_POINT ( 'NONE',  ( -39.73660816274148999, -43.98182396148199302, 1.411882848956637293 ) ) ;
#8493 = CARTESIAN_POINT ( 'NONE',  ( -3.168578795352306354, -39.89838773568968833, -5.728308572808463950 ) ) ;
#8494 = ORIENTED_EDGE ( 'NONE', *, *, #5227, .F. ) ;
#8495 = CARTESIAN_POINT ( 'NONE',  ( -0.6749381147729044406, -15.29211699533430924, -1.668681868163872428 ) ) ;
#8496 = CARTESIAN_POINT ( 'NONE',  ( -40.89266926198963148, -8.679527753298705406, -7.919682224218030697 ) ) ;
#8497 = VERTEX_POINT ( 'NONE', #7427 ) ;
#8498 = AXIS2_PLACEMENT_3D ( 'NONE', #282, #1148, #2507 ) ;
#8499 = AXIS2_PLACEMENT_3D ( 'NONE', #1825, #6797, #2503 ) ;
#8500 = EDGE_CURVE ( 'NONE', #1027, #4643, #6002, .T. ) ;
#8501 = CARTESIAN_POINT ( 'NONE',  ( -32.10800448670241281, 5.000000000000024869, -6.588117151043352493 ) ) ;
#8502 = EDGE_CURVE ( 'NONE', #7866, #8735, #3292, .T. ) ;
#8503 = CARTESIAN_POINT ( 'NONE',  ( -33.75800448670126741, -74.85808688002526878, 8.411882848956651060 ) ) ;
#8504 = ORIENTED_EDGE ( 'NONE', *, *, #8500, .F. ) ;
#8505 = CARTESIAN_POINT ( 'NONE',  ( -12.71924093779039566, -65.77924135714580700, -9.830248767777236552 ) ) ;
#8506 = VECTOR ( 'NONE', #165, 1000.000000000000000 ) ;
#8507 = DIRECTION ( 'NONE',  ( 1.000000000000000000, 0.000000000000000000, 0.000000000000000000 ) ) ;
#8508 = CARTESIAN_POINT ( 'NONE',  ( -58.04173459458964857, -74.91459690936046911, -9.628483567676031640 ) ) ;
#8509 = ORIENTED_EDGE ( 'NONE', *, *, #3762, .T. ) ;
#8510 = VECTOR ( 'NONE', #4332, 1000.000000000000000 ) ;
#8511 = CARTESIAN_POINT ( 'NONE',  ( -6.956845064198320827, -76.29315145579467128, -8.245965018157827231 ) ) ;
#8512 = ORIENTED_EDGE ( 'NONE', *, *, #4108, .T. ) ;
#8513 = CARTESIAN_POINT ( 'NONE',  ( -62.38251891618518385, -31.13878796980499786, -7.338922577522361657 ) ) ;
#8514 = ADVANCED_FACE ( 'NONE', ( #4597 ), #4787, .T. ) ;
#8515 = ORIENTED_EDGE ( 'NONE', *, *, #1020, .T. ) ;
#8516 = DIRECTION ( 'NONE',  ( 1.000000000000000000, 0.000000000000000000, 0.000000000000000000 ) ) ;
#8517 = LINE ( 'NONE', #2267, #5438 ) ;
#8518 = LINE ( 'NONE', #7145, #5157 ) ;
#8519 = AXIS2_PLACEMENT_3D ( 'NONE', #2419, #235, #6477 ) ;
#8520 = ORIENTED_EDGE ( 'NONE', *, *, #6666, .T. ) ;
#8521 = CARTESIAN_POINT ( 'NONE',  ( -63.01770185788819845, -77.07370184210822117, -6.910095665757938654 ) ) ;
#8522 = ADVANCED_FACE ( 'NONE', ( #4099 ), #1906, .F. ) ;
#8523 = CARTESIAN_POINT ( 'NONE',  ( -37.72232454514907829, -9.152173768470811765, -8.512205480599527974 ) ) ;
#8524 = ORIENTED_EDGE ( 'NONE', *, *, #5878, .T. ) ;
#8525 = DIRECTION ( 'NONE',  ( 1.000000000000000000, -1.780377182154265206E-15, 0.000000000000000000 ) ) ;
#8526 = DIRECTION ( 'NONE',  ( 1.000000000000000000, 0.000000000000000000, 0.000000000000000000 ) ) ;
#8527 = CARTESIAN_POINT ( 'NONE',  ( -3.932031318021969923, -31.13357083797228952, -6.268348832361025913 ) ) ;
#8528 = AXIS2_PLACEMENT_3D ( 'NONE', #6006, #4419, #7198 ) ;
#8529 = CARTESIAN_POINT ( 'NONE',  ( -2.980565582936405278, -19.53820846646904030, -5.100421205238625078 ) ) ;
#8530 = CARTESIAN_POINT ( 'NONE',  ( -8.838520304773970437, 5.889620880065890240, 7.043365494206939914 ) ) ;
#8531 = EDGE_LOOP ( 'NONE', ( #6135, #8520, #6283, #3382 ) ) ;
#8532 = CARTESIAN_POINT ( 'NONE',  ( -56.30445246717215468, -76.46811217283796225, -8.464333405312361336 ) ) ;
#8533 = CARTESIAN_POINT ( 'NONE',  ( -29.95800448670235383, 20.00000000000003553, 26.41188284895664395 ) ) ;
#8534 = DIRECTION ( 'NONE',  ( -1.000000000000000000, 1.780377182154265206E-15, -0.000000000000000000 ) ) ;
#8535 = CARTESIAN_POINT ( 'NONE',  ( -16.66742310387142112, -1.823193499483306779, -7.030190532300251149 ) ) ;
#8536 = AXIS2_PLACEMENT_3D ( 'NONE', #365, #6565, #5292 ) ;
#8537 = AXIS2_PLACEMENT_3D ( 'NONE', #4834, #1232, #8164 ) ;
#8538 = CARTESIAN_POINT ( 'NONE',  ( -30.94641196236397462, 28.00000000000000355, -6.680470325752153826 ) ) ;
#8539 = DIRECTION ( 'NONE',  ( -0.000000000000000000, -0.000000000000000000, -1.000000000000000000 ) ) ;
#8540 = DIRECTION ( 'NONE',  ( -0.000000000000000000, -0.000000000000000000, 1.000000000000000000 ) ) ;
#8541 = ORIENTED_EDGE ( 'NONE', *, *, #2169, .T. ) ;
#8542 = CARTESIAN_POINT ( 'NONE',  ( -0.4429919384794947512, -14.97433099877233786, -1.274143116388509300 ) ) ;
#8543 = CARTESIAN_POINT ( 'NONE',  ( -19.28244600348924465, -86.75818478260566735, 2.411882848956650172 ) ) ;
#8544 = ORIENTED_EDGE ( 'NONE', *, *, #1140, .T. ) ;
#8545 = DIRECTION ( 'NONE',  ( 0.000000000000000000, 0.000000000000000000, -1.000000000000000000 ) ) ;
#8546 = B_SPLINE_CURVE_WITH_KNOTS ( 'NONE', 3,
 ( #2070, #1252, #2568, #5440, #6174, #4809, #6812, #4854, #8279, #4124, #8232, #6953, #565, #6264, #7591, #8957, #1391, #2026 ),
 .UNSPECIFIED., .F., .F.,
 ( 4, 2, 2, 2, 2, 2, 2, 2, 4 ),
 ( 0.000000000000000000, 0.0005907622366121212734, 0.001181524473224242547, 0.001772286709836363820, 0.002363048946448485094, 0.002953811183060606367, 0.003544573419672727640, 0.004135335656284848914, 0.004726097892896970187 ),
 .UNSPECIFIED. ) ;
#8547 = DIRECTION ( 'NONE',  ( -1.000000000000000000, 0.000000000000000000, 0.000000000000000000 ) ) ;
#8548 = ORIENTED_EDGE ( 'NONE', *, *, #2369, .T. ) ;
#8549 = CARTESIAN_POINT ( 'NONE',  ( -0.4288073854567309162, -80.21204293798501794, -4.497309602665903405 ) ) ;
#8550 = EDGE_CURVE ( 'NONE', #747, #1122, #628, .T. ) ;
#8551 = EDGE_CURVE ( 'NONE', #8391, #8341, #5758, .T. ) ;
#8552 = CARTESIAN_POINT ( 'NONE',  ( -21.28244600348924820, -123.6230729217454041, 2.411882848956650172 ) ) ;
#8553 = DIRECTION ( 'NONE',  ( 1.000000000000000000, 0.000000000000000000, 0.000000000000000000 ) ) ;
#8554 = ORIENTED_EDGE ( 'NONE', *, *, #7340, .T. ) ;
#8555 = CARTESIAN_POINT ( 'NONE',  ( -40.93356296991329657, -119.6230729217454041, -1.588117151043349162 ) ) ;
#8556 = VERTEX_POINT ( 'NONE', #1131 ) ;
#8557 = CARTESIAN_POINT ( 'NONE',  ( -60.35347952362491242, -31.43227590607191502, -6.166663595417495536 ) ) ;
#8558 = ORIENTED_EDGE ( 'NONE', *, *, #7324, .F. ) ;
#8559 = CARTESIAN_POINT ( 'NONE',  ( -10.22954579965677979, -60.85888156904388779, -10.92189136509121283 ) ) ;
#8560 = VECTOR ( 'NONE', #3303, 1000.000000000000000 ) ;
#8561 = VECTOR ( 'NONE', #5760, 1000.000000000000000 ) ;
#8562 = CARTESIAN_POINT ( 'NONE',  ( -57.20955824581103855, -76.26041772886355830, -8.265581023056403964 ) ) ;
#8563 = CYLINDRICAL_SURFACE ( 'NONE', #4151, 18.00000000000000355 ) ;
#8564 = EDGE_CURVE ( 'NONE', #8835, #7972, #8977, .T. ) ;
#8565 = ORIENTED_EDGE ( 'NONE', *, *, #8297, .T. ) ;
#8566 = DIRECTION ( 'NONE',  ( 0.000000000000000000, 0.000000000000000000, 1.000000000000000000 ) ) ;
#8567 = CIRCLE ( 'NONE', #4637, 1.649999999999998579 ) ;
#8568 = VECTOR ( 'NONE', #3294, 1000.000000000000000 ) ;
#8569 = CARTESIAN_POINT ( 'NONE',  ( -32.10800448670235596, 20.00000000000003553, 23.41188284895664040 ) ) ;
#8570 = ORIENTED_EDGE ( 'NONE', *, *, #4622, .F. ) ;
#8571 = CYLINDRICAL_SURFACE ( 'NONE', #1380, 1.825000000000007283 ) ;
#8572 = CARTESIAN_POINT ( 'NONE',  ( -8.542940412981689491, -75.10273048664087980, -1.588117151043349606 ) ) ;
#8573 = LINE ( 'NONE', #3594, #4459 ) ;
#8574 = ADVANCED_FACE ( 'NONE', ( #8930 ), #3908, .T. ) ;
#8575 = CARTESIAN_POINT ( 'NONE',  ( -0.6786363081540288666, -19.06114908362999572, -5.728381642799056372 ) ) ;
#8576 = CARTESIAN_POINT ( 'NONE',  ( -3.643477763022759497, -50.21931528210564011, -8.423498564356316720 ) ) ;
#8577 = CARTESIAN_POINT ( 'NONE',  ( -3.463881593341301635, -14.14408268680776892, 1.411882848956637293 ) ) ;
#8578 = VERTEX_POINT ( 'NONE', #2631 ) ;
#8579 = DIRECTION ( 'NONE',  ( 1.000000000000000000, 0.000000000000000000, 0.000000000000000000 ) ) ;
#8580 = DIRECTION ( 'NONE',  ( 0.000000000000000000, 1.000000000000000000, 0.000000000000000000 ) ) ;
#8581 = FACE_BOUND ( 'NONE', #759, .T. ) ;
#8582 = DIRECTION ( 'NONE',  ( -1.000000000000000000, 0.000000000000000000, 0.000000000000000000 ) ) ;
#8583 = CARTESIAN_POINT ( 'NONE',  ( -29.07218423842363819, 17.38285645162264359, -9.168601837783642239 ) ) ;
#8584 = CARTESIAN_POINT ( 'NONE',  ( -41.09358867808181515, -29.19263609406135629, -13.22822741526793955 ) ) ;
#8585 = CARTESIAN_POINT ( 'NONE',  ( -19.98406588625939406, -7.594612601654405104, -6.873766218581392806 ) ) ;
#8586 = ORIENTED_EDGE ( 'NONE', *, *, #7313, .T. ) ;
#8587 = FACE_OUTER_BOUND ( 'NONE', #8915, .T. ) ;
#8588 = CARTESIAN_POINT ( 'NONE',  ( -23.41591914841804112, -29.48613494715874239, 18.41188284895663685 ) ) ;
#8589 = VERTEX_POINT ( 'NONE', #5460 ) ;
#8590 = CARTESIAN_POINT ( 'NONE',  ( -29.57387815432574030, -9.115357512064429457, 1.411882848956630410 ) ) ;
#8591 = CARTESIAN_POINT ( 'NONE',  ( -31.10791628059424241, -5.451557398092794493, -11.58811715104334361 ) ) ;
#8592 = DIRECTION ( 'NONE',  ( -0.000000000000000000, -0.000000000000000000, 1.000000000000000000 ) ) ;
#8593 = VERTEX_POINT ( 'NONE', #8839 ) ;
#8594 = DIRECTION ( 'NONE',  ( -1.000000000000000000, 0.000000000000000000, 0.000000000000000000 ) ) ;
#8595 = CARTESIAN_POINT ( 'NONE',  ( -32.10800448670241281, 5.000000000000024869, 23.41188284895664040 ) ) ;
#8596 = CARTESIAN_POINT ( 'NONE',  ( -7.944091458679065632, -56.97170306023298281, -10.28308804855532266 ) ) ;
#8597 = DIRECTION ( 'NONE',  ( -1.000000000000000000, 0.000000000000000000, 0.000000000000000000 ) ) ;
#8598 = ORIENTED_EDGE ( 'NONE', *, *, #2974, .T. ) ;
#8599 = CARTESIAN_POINT ( 'NONE',  ( -72.83813534582833427, -78.75818478260555366, 24.41188284895663685 ) ) ;
#8600 = ORIENTED_EDGE ( 'NONE', *, *, #7551, .F. ) ;
#8601 = LINE ( 'NONE', #4320, #6181 ) ;
#8602 = EDGE_CURVE ( 'NONE', #4643, #8042, #8105, .T. ) ;
#8603 = ORIENTED_EDGE ( 'NONE', *, *, #7442, .F. ) ;
#8604 = CARTESIAN_POINT ( 'NONE',  ( -11.06870318434508604, -65.74903718439391298, -11.10102005160108440 ) ) ;
#8605 = AXIS2_PLACEMENT_3D ( 'NONE', #8214, #7434, #5518 ) ;
#8606 = CARTESIAN_POINT ( 'NONE',  ( -56.93066963615385845, -76.07094753811695398, -8.373854134687745088 ) ) ;
#8607 = CARTESIAN_POINT ( 'NONE',  ( -23.61479511936905951, -4.952083040493220345, -10.60634369227778251 ) ) ;
#8608 = VERTEX_POINT ( 'NONE', #7475 ) ;
#8609 = CARTESIAN_POINT ( 'NONE',  ( -56.79189869103210953, -75.97323455642479928, -8.426465246844388801 ) ) ;
#8610 = EDGE_CURVE ( 'NONE', #8208, #7651, #8206, .T. ) ;
#8611 = CARTESIAN_POINT ( 'NONE',  ( -44.97082005444821817, -7.261868819456940294, -6.567408138599518885 ) ) ;
#8612 = EDGE_CURVE ( 'NONE', #5853, #4331, #2194, .T. ) ;
#8613 = ORIENTED_EDGE ( 'NONE', *, *, #1624, .F. ) ;
#8614 = DIRECTION ( 'NONE',  ( 0.000000000000000000, 0.000000000000000000, -1.000000000000000000 ) ) ;
#8615 = CARTESIAN_POINT ( 'NONE',  ( -32.99852145711139428, -9.018100704356699637, -8.851126375469863916 ) ) ;
#8616 = CARTESIAN_POINT ( 'NONE',  ( -65.28013033398491416, -6.869193923645260824, 11.70948360971118873 ) ) ;
#8617 = CARTESIAN_POINT ( 'NONE',  ( -0.1676115671947107366, -17.96219373975455724, -4.948204592392535517 ) ) ;
#8618 = CARTESIAN_POINT ( 'NONE',  ( -54.70872118737932510, 3.996220222363364716, 4.459264808457396256 ) ) ;
#8619 = DIRECTION ( 'NONE',  ( 0.6504307556469941520, 0.2773803023080315677, 0.7071067811865370256 ) ) ;
#8620 = ORIENTED_EDGE ( 'NONE', *, *, #2821, .F. ) ;
#8621 = CARTESIAN_POINT ( 'NONE',  ( -53.61624444027481218, -72.91182121696176921, -9.415329053987681718 ) ) ;
#8622 = CARTESIAN_POINT ( 'NONE',  ( -34.25800448670235454, 20.00000000000003553, 14.91188284895665639 ) ) ;
#8623 = CARTESIAN_POINT ( 'NONE',  ( -32.10800448670129725, -3.106444489211872106, -11.58811715104334361 ) ) ;
#8624 = EDGE_CURVE ( 'NONE', #4532, #5951, #1955, .T. ) ;
#8625 = DIRECTION ( 'NONE',  ( 0.000000000000000000, 0.000000000000000000, 1.000000000000000000 ) ) ;
#8626 = CARTESIAN_POINT ( 'NONE',  ( -63.05079477713174185, 1.328650827044773663, 14.41188284895664573 ) ) ;
#8627 = CARTESIAN_POINT ( 'NONE',  ( -15.39600457953715740, -4.864210003018819783, -4.363344688432309937 ) ) ;
#8628 = ORIENTED_EDGE ( 'NONE', *, *, #479, .T. ) ;
#8629 = VECTOR ( 'NONE', #369, 1000.000000000000000 ) ;
#8630 = CARTESIAN_POINT ( 'NONE',  ( -56.21929175185544381, -56.90542261093091270, -10.30035928204650908 ) ) ;
#8631 = CARTESIAN_POINT ( 'NONE',  ( -5.546275017794910056, -49.65630096436122898, -7.286091854178603278 ) ) ;
#8632 = ORIENTED_EDGE ( 'NONE', *, *, #6700, .T. ) ;
#8634 = LINE ( 'NONE', #5074, #4131 ) ;
#8633 = CIRCLE ( 'NONE', #4704, 4.999999999999973355 ) ;
#8635 = CARTESIAN_POINT ( 'NONE',  ( -47.71231599219141373, -80.62283843935036032, 24.88899902267418796 ) ) ;
#8636 = CIRCLE ( 'NONE', #4706, 18.00000000000000355 ) ;
#8637 = CYLINDRICAL_SURFACE ( 'NONE', #4910, 1.649999999999998579 ) ;
#8638 = CARTESIAN_POINT ( 'NONE',  ( -51.56863307539742181, -63.95494956128865027, -9.729944858534691932 ) ) ;
#8639 = B_SPLINE_CURVE_WITH_KNOTS ( 'NONE', 3,
 ( #8170, #549, #6113, #8893, #1963, #4747, #8355, #9, #1324, #727 ),
 .UNSPECIFIED., .F., .F.,
 ( 4, 2, 2, 2, 4 ),
 ( 0.000000000000000000, 0.2060695338011004629, 0.4707130225340669938, 0.7353565112670334969, 1.000000000000000000 ),
 .UNSPECIFIED. ) ;
#8640 = EDGE_LOOP ( 'NONE', ( #4869, #7149 ) ) ;
#8641 = CARTESIAN_POINT ( 'NONE',  ( -2.569217659558221012, -79.65180361580040369, -5.970330017427571967 ) ) ;
#8642 = CARTESIAN_POINT ( 'NONE',  ( -33.32634812218631737, -78.14873150403805369, 26.41188284895664395 ) ) ;
#8643 = CARTESIAN_POINT ( 'NONE',  ( -10.73280561549664291, -62.50046487828716835, -11.03285061273214041 ) ) ;
#8644 = CARTESIAN_POINT ( 'NONE',  ( -32.10800448670241281, 5.000000000000024869, 23.41188284895664040 ) ) ;
#8645 = ORIENTED_EDGE ( 'NONE', *, *, #4258, .F. ) ;
#8646 = CARTESIAN_POINT ( 'NONE',  ( -3.528072768512179547, -77.96638172027718383, -6.611347331600526900 ) ) ;
#8647 = ORIENTED_EDGE ( 'NONE', *, *, #3762, .F. ) ;
#8648 = DIRECTION ( 'NONE',  ( 1.000000000000000000, 0.000000000000000000, 0.000000000000000000 ) ) ;
#8649 = ORIENTED_EDGE ( 'NONE', *, *, #6992, .F. ) ;
#8650 = CARTESIAN_POINT ( 'NONE',  ( -23.26784198863133568, -11.88318774459952110, 14.41188284895664573 ) ) ;
#8651 = AXIS2_PLACEMENT_3D ( 'NONE', #7122, #8539, #1510 ) ;
#8652 = DIRECTION ( 'NONE',  ( 0.000000000000000000, 0.000000000000000000, -1.000000000000000000 ) ) ;
#8653 = ORIENTED_EDGE ( 'NONE', *, *, #7727, .F. ) ;
#8654 = CARTESIAN_POINT ( 'NONE',  ( -58.48337085839673222, -77.02007542313181432, -7.728623967605817491 ) ) ;
#8655 = CARTESIAN_POINT ( 'NONE',  ( -49.89769554156703180, -3.944967893314286655, -3.497550030977373492 ) ) ;
#8656 = EDGE_LOOP ( 'NONE', ( #6067, #7336, #8719, #6954 ) ) ;
#8657 = CARTESIAN_POINT ( 'NONE',  ( -58.92199261391211706, -53.19933889416392958, -9.256218663227784305 ) ) ;
#8658 = CARTESIAN_POINT ( 'NONE',  ( -62.41027411943233005, -22.32746579885642291, -7.207780381349121690 ) ) ;
#8659 = DIRECTION ( 'NONE',  ( 0.000000000000000000, 0.000000000000000000, -1.000000000000000000 ) ) ;
#8660 = EDGE_CURVE ( 'NONE', #2848, #334, #7962, .T. ) ;
#8661 = CARTESIAN_POINT ( 'NONE',  ( 9.922126372425774221, -22.21112135110120533, 25.11188284895660061 ) ) ;
#8662 = EDGE_CURVE ( 'NONE', #3032, #7850, #5577, .T. ) ;
#8663 = CARTESIAN_POINT ( 'NONE',  ( -9.676929340861367024, 3.242454297454740342, 3.935729341815097815 ) ) ;
#8664 = VERTEX_POINT ( 'NONE', #201 ) ;
#8665 = CARTESIAN_POINT ( 'NONE',  ( -36.73056645739259807, -5.490688910292670144, -11.37839028324478363 ) ) ;
#8666 = CARTESIAN_POINT ( 'NONE',  ( -66.47584000977293783, -78.75818478260569577, 11.31269238314866321 ) ) ;
#8667 = CARTESIAN_POINT ( 'NONE',  ( -48.40150333979774899, -38.17822028544185997, 18.41188284895663685 ) ) ;
#8668 = B_SPLINE_CURVE_WITH_KNOTS ( 'NONE', 3,
 ( #4481, #7257, #6567, #3098 ),
 .UNSPECIFIED., .F., .F.,
 ( 4, 4 ),
 ( 0.000000000000000000, 0.07020009849838881877 ),
 .UNSPECIFIED. ) ;
#8669 = CARTESIAN_POINT ( 'NONE',  ( -61.07500697138796397, -36.59429644724042419, -5.652832370756313729 ) ) ;
#8670 = AXIS2_PLACEMENT_3D ( 'NONE', #5417, #6790, #8257 ) ;
#8671 = CARTESIAN_POINT ( 'NONE',  ( -61.63207949241640904, -47.41465992045925759, -7.812346898892069902 ) ) ;
#8672 = CARTESIAN_POINT ( 'NONE',  ( -28.10800448671612273, 5.000000000000024869, -6.588117151043349828 ) ) ;
#8673 = CARTESIAN_POINT ( 'NONE',  ( -17.21447376901308601, -6.148782092461130944, -5.549476149589483320 ) ) ;
#8674 = ORIENTED_EDGE ( 'NONE', *, *, #4894, .T. ) ;
#8675 = CARTESIAN_POINT ( 'NONE',  ( -53.84757849118678763, -60.98010809209949201, -10.95355383497237867 ) ) ;
#8676 = ADVANCED_FACE ( 'NONE', ( #3570 ), #877, .F. ) ;
#8677 = CARTESIAN_POINT ( 'NONE',  ( -4.411148453019149152, -46.60432558774412115, -6.593238612075190908 ) ) ;
#8678 = ORIENTED_EDGE ( 'NONE', *, *, #2, .F. ) ;
#8679 = VECTOR ( 'NONE', #811, 1000.000000000000000 ) ;
#8680 = CIRCLE ( 'NONE', #3445, 28.99999999999831246 ) ;
#8681 = CARTESIAN_POINT ( 'NONE',  ( -3.463881593341301635, -14.14408268680776892, 1.411882848956637293 ) ) ;
#8682 = LINE ( 'NONE', #7307, #2105 ) ;
#8683 = CARTESIAN_POINT ( 'NONE',  ( -64.49024260276289056, -16.97663034829965056, -4.162407833653086975 ) ) ;
#8684 = CARTESIAN_POINT ( 'NONE',  ( -53.98556364048863543, -57.15152591409762550, -9.193460144057858940 ) ) ;
#8685 = EDGE_LOOP ( 'NONE', ( #8710, #2834 ) ) ;
#8686 = DIRECTION ( 'NONE',  ( 0.000000000000000000, 0.7745151679801486333, 0.6325553371592734786 ) ) ;
#8687 = CARTESIAN_POINT ( 'NONE',  ( -25.35800448670127949, 28.00000000000000000, 2.011882848956656478 ) ) ;
#8688 = CARTESIAN_POINT ( 'NONE',  ( -10.91262786212614522, -63.41416985713110677, -11.06991541416915048 ) ) ;
#8689 = EDGE_CURVE ( 'NONE', #3404, #8497, #6356, .T. ) ;
#8690 = DIRECTION ( 'NONE',  ( -0.5459572451982231955, 0.4764977226897695317, -0.6891158151479550575 ) ) ;
#8691 = ORIENTED_EDGE ( 'NONE', *, *, #6500, .T. ) ;
#8692 = CARTESIAN_POINT ( 'NONE',  ( -4.397911366486296991, -77.64150403001134748, -7.081063161060093591 ) ) ;
#8693 = VERTEX_POINT ( 'NONE', #8503 ) ;
#8694 = CARTESIAN_POINT ( 'NONE',  ( -30.28300448670128020, -54.17822028544186708, 1.411882848956637293 ) ) ;
#8695 = ORIENTED_EDGE ( 'NONE', *, *, #2730, .T. ) ;
#8696 = CARTESIAN_POINT ( 'NONE',  ( -10.66717760991925523, -68.66762001089324485, -11.01892697777523189 ) ) ;
#8697 = CARTESIAN_POINT ( 'NONE',  ( -59.78230337539950767, -77.62681438314216109, -7.099550340806926485 ) ) ;
#8698 = VERTEX_POINT ( 'NONE', #5119 ) ;
#8699 = FACE_OUTER_BOUND ( 'NONE', #1260, .T. ) ;
#8700 = CARTESIAN_POINT ( 'NONE',  ( -32.10800448670126883, -38.00442471284927848, -11.58811715104335072 ) ) ;
#8701 = ORIENTED_EDGE ( 'NONE', *, *, #5266, .T. ) ;
#8702 = CARTESIAN_POINT ( 'NONE',  ( -56.97070560377164128, -56.01480675140800258, -10.05459059977373393 ) ) ;
#8703 = PRODUCT_RELATED_PRODUCT_CATEGORY ( 'part', '', ( #2336 ) ) ;
#8704 = DIRECTION ( 'NONE',  ( -9.130123557772670799E-17, -0.000000000000000000, 1.000000000000000000 ) ) ;
#8705 = DIRECTION ( 'NONE',  ( -0.7061050442837366603, 0.7081071009650038439, 0.000000000000000000 ) ) ;
#8706 = CARTESIAN_POINT ( 'NONE',  ( -1.870402733894245051, -22.89013297408450853, -7.306615352222478599 ) ) ;
#8707 = AXIS2_PLACEMENT_3D ( 'NONE', #1709, #1750, #7314 ) ;
#8708 = CARTESIAN_POINT ( 'NONE',  ( -55.09523080246324156, 5.328555577492937623, 5.844603321659736395 ) ) ;
#8709 = CARTESIAN_POINT ( 'NONE',  ( -3.862529449777628354, -31.43227590607190791, -6.225820033737380577 ) ) ;
#8710 = ORIENTED_EDGE ( 'NONE', *, *, #6337, .F. ) ;
#8711 = CARTESIAN_POINT ( 'NONE',  ( -45.80532934341527351, -2.918220980358460892, -8.293859853311241537 ) ) ;
#8712 = DIRECTION ( 'NONE',  ( -0.000000000000000000, -0.000000000000000000, 1.000000000000000000 ) ) ;
#8713 = CARTESIAN_POINT ( 'NONE',  ( -16.27789918045451145, -5.521926362553005951, -4.973247724329932673 ) ) ;
#8714 = EDGE_CURVE ( 'NONE', #8249, #868, #7821, .T. ) ;
#8715 = CARTESIAN_POINT ( 'NONE',  ( -31.42656995066689518, 16.05614722802837235, -9.880029190954186191 ) ) ;
#8716 = EDGE_CURVE ( 'NONE', #443, #6122, #1519, .T. ) ;
#8717 = LINE ( 'NONE', #4568, #7333 ) ;
#8718 = CARTESIAN_POINT ( 'NONE',  ( -22.71850014984603305, -8.533219420442746284, -7.768381669024710057 ) ) ;
#8719 = ORIENTED_EDGE ( 'NONE', *, *, #1435, .T. ) ;
#8720 = FACE_BOUND ( 'NONE', #6505, .T. ) ;
#8721 = CARTESIAN_POINT ( 'NONE',  ( -8.620182923869469604, -55.01606375513447489, -8.751307907759176885 ) ) ;
#8722 = EDGE_LOOP ( 'NONE', ( #348, #7633, #874, #3120 ) ) ;
#8723 = DIRECTION ( 'NONE',  ( 0.3922749854591615626, -0.9198479960205460104, -0.000000000000000000 ) ) ;
#8724 = CARTESIAN_POINT ( 'NONE',  ( -32.31380342695354813, 9.000174998545727334, -10.93393778121328808 ) ) ;
#8725 = CARTESIAN_POINT ( 'NONE',  ( -63.11003905327727637, -19.96739842554505984, -6.292676400598502084 ) ) ;
#8726 = EDGE_CURVE ( 'NONE', #5087, #703, #4758, .T. ) ;
#8727 = CARTESIAN_POINT ( 'NONE',  ( -66.47584000977293783, -78.75818478260569577, 13.31269238314865966 ) ) ;
#8728 = EDGE_CURVE ( 'NONE', #4406, #5351, #7042, .T. ) ;
#8729 = ORIENTED_EDGE ( 'NONE', *, *, #1764, .T. ) ;
#8730 = CARTESIAN_POINT ( 'NONE',  ( -38.50766980513122917, 28.00000000000000000, -4.263986648896513465 ) ) ;
#8731 = CARTESIAN_POINT ( 'NONE',  ( -31.12504541376518929, -78.22638401586702628, 26.40436540260665410 ) ) ;
#8732 = CARTESIAN_POINT ( 'NONE',  ( -10.96423970718368857, -67.14316892274085546, -11.08033418966024541 ) ) ;
#8733 = CARTESIAN_POINT ( 'NONE',  ( -36.10800448668869933, 5.000000000000023981, -6.588117151043349828 ) ) ;
#8734 = EDGE_LOOP ( 'NONE', ( #8994, #6924, #3316, #1447 ) ) ;
#8735 = VERTEX_POINT ( 'NONE', #2253 ) ;
#8736 = FACE_OUTER_BOUND ( 'NONE', #871, .T. ) ;
#8737 = EDGE_CURVE ( 'NONE', #6528, #7870, #4469, .T. ) ;
#8738 = ORIENTED_EDGE ( 'NONE', *, *, #3372, .F. ) ;
#8739 = CARTESIAN_POINT ( 'NONE',  ( -33.93300448670127878, -47.67822028544098600, -13.22822741526793955 ) ) ;
#8740 = FACE_OUTER_BOUND ( 'NONE', #5311, .T. ) ;
#8741 = ORIENTED_EDGE ( 'NONE', *, *, #5428, .F. ) ;
#8742 = CARTESIAN_POINT ( 'NONE',  ( -55.71023000121841307, -75.12873473413748115, -8.809799651998233117 ) ) ;
#8743 = DIRECTION ( 'NONE',  ( 1.000000000000000000, 0.000000000000000000, 0.000000000000000000 ) ) ;
#8744 = CIRCLE ( 'NONE', #7143, 0.6999999999999784173 ) ;
#8745 = CARTESIAN_POINT ( 'NONE',  ( -42.11977358415823858, -8.354627401446753865, -7.592156763842526246 ) ) ;
#8746 = ORIENTED_EDGE ( 'NONE', *, *, #6316, .T. ) ;
#8747 = CARTESIAN_POINT ( 'NONE',  ( -57.73851746463251544, -51.61427715547031880, -7.722823444066783338 ) ) ;
#8748 = CARTESIAN_POINT ( 'NONE',  ( 0.8371745738328546516, -78.75319845455874201, 2.181423184035379936 ) ) ;
#8749 = B_SPLINE_CURVE_WITH_KNOTS ( 'NONE', 1,
 ( #4269, #6922 ),
 .UNSPECIFIED., .F., .F.,
 ( 2, 2 ),
 ( 0.000000000000000000, 1.000000000000000000 ),
 .UNSPECIFIED. ) ;
#8750 = DIRECTION ( 'NONE',  ( 1.000000000000000000, 0.000000000000000000, 0.000000000000000000 ) ) ;
#8751 = CARTESIAN_POINT ( 'NONE',  ( -54.50830857584222144, 3.095898382692270356, 3.845878683943564358 ) ) ;
#8752 = CARTESIAN_POINT ( 'NONE',  ( -30.09487606617483735, 1.533637103634477805, -11.32882833985117976 ) ) ;
#8753 = EDGE_LOOP ( 'NONE', ( #670, #7969 ) ) ;
#8754 = DIRECTION ( 'NONE',  ( 0.000000000000000000, 0.000000000000000000, -1.000000000000000000 ) ) ;
#8755 = CARTESIAN_POINT ( 'NONE',  ( -64.80497786109734193, -6.421108150107846413, 14.41188284895664573 ) ) ;
#8756 = CARTESIAN_POINT ( 'NONE',  ( -25.35800448670127949, 28.00000000000000000, 2.011882848956656478 ) ) ;
#8757 = B_SPLINE_CURVE_WITH_KNOTS ( 'NONE', 1,
 ( #3716, #936 ),
 .UNSPECIFIED., .F., .F.,
 ( 2, 2 ),
 ( 0.000000000000000000, 1.000000000000000000 ),
 .UNSPECIFIED. ) ;
#8758 = CARTESIAN_POINT ( 'NONE',  ( -61.10800447810921554, -38.00442471284925006, -5.628329776127968032 ) ) ;
#8759 = CARTESIAN_POINT ( 'NONE',  ( -20.26889876146192648, -121.1298465427593669, -0.2314241585084080288 ) ) ;
#8760 = VERTEX_POINT ( 'NONE', #1477 ) ;
#8761 = DIRECTION ( 'NONE',  ( 0.000000000000000000, 0.000000000000000000, -1.000000000000000000 ) ) ;
#8762 = CARTESIAN_POINT ( 'NONE',  ( -3.354936271164642658, -41.82068741276381019, -5.865824427072888980 ) ) ;
#8763 = VERTEX_POINT ( 'NONE', #4987 ) ;
#8764 = LINE ( 'NONE', #2471, #627 ) ;
#8765 = CARTESIAN_POINT ( 'NONE',  ( -33.53240554519840089, 8.743581048825229018, -10.86126212125082624 ) ) ;
#8766 = CARTESIAN_POINT ( 'NONE',  ( -61.27417765366942604, -19.44439752519008380, -4.973168051769982334 ) ) ;
#8767 = CARTESIAN_POINT ( 'NONE',  ( -52.42863111274390064, -60.24192146847200746, -9.563038793934222070 ) ) ;
#8768 = ORIENTED_EDGE ( 'NONE', *, *, #1217, .T. ) ;
#8769 = CARTESIAN_POINT ( 'NONE',  ( -41.18515999990541587, -71.48596535551243392, 26.41188284895664040 ) ) ;
#8770 = AXIS2_PLACEMENT_3D ( 'NONE', #232, #3005, #1143 ) ;
#8771 = CARTESIAN_POINT ( 'NONE',  ( 8.622126372425720220, -22.21112135110120533, 26.41188284895664040 ) ) ;
#8772 = CARTESIAN_POINT ( 'NONE',  ( -11.07084047301177243, -65.27996613913609281, -11.10143986502812652 ) ) ;
#8773 = CARTESIAN_POINT ( 'NONE',  ( -45.80532934341527351, -2.918220980358460892, -8.293859853311241537 ) ) ;
#8774 = ADVANCED_FACE ( 'NONE', ( #2204, #7221 ), #4262, .T. ) ;
#8775 = ORIENTED_EDGE ( 'NONE', *, *, #2761, .T. ) ;
#8776 = ADVANCED_FACE ( 'NONE', ( #2891 ), #2046, .T. ) ;
#8777 = VECTOR ( 'NONE', #697, 1000.000000000000000 ) ;
#8778 = VERTEX_POINT ( 'NONE', #5755 ) ;
#8779 = VECTOR ( 'NONE', #4342, 1000.000000000000227 ) ;
#8780 = CARTESIAN_POINT ( 'NONE',  ( -32.10800448670127594, -47.67822028544098600, 1.411882848956637293 ) ) ;
#8781 = EDGE_LOOP ( 'NONE', ( #5495, #1530, #3993, #238, #6025 ) ) ;
#8782 = CARTESIAN_POINT ( 'NONE',  ( 0.1576976501490973681, -78.73762481884207887, -5.898477373302035254 ) ) ;
#8783 = CARTESIAN_POINT ( 'NONE',  ( -53.79757755633261240, 0.3677006865711814343, 2.068171682545727919 ) ) ;
#8784 = VECTOR ( 'NONE', #4138, 1000.000000000000000 ) ;
#8785 = CARTESIAN_POINT ( 'NONE',  ( -63.01770185788819845, -77.07370184210822117, -6.910095665757938654 ) ) ;
#8786 = EDGE_LOOP ( 'NONE', ( #7217, #6005 ) ) ;
#8787 = EDGE_CURVE ( 'NONE', #5718, #3725, #2139, .T. ) ;
#8788 = CARTESIAN_POINT ( 'NONE',  ( -8.901751773518379096, -72.50683839216300441, -10.57843501563159982 ) ) ;
#8789 = DIRECTION ( 'NONE',  ( 0.000000000000000000, 0.000000000000000000, 1.000000000000000000 ) ) ;
#8790 = DIRECTION ( 'NONE',  ( -0.9198479960205460104, 0.3922749854591618957, 0.000000000000000000 ) ) ;
#8791 = EDGE_LOOP ( 'NONE', ( #8198, #2931, #2756, #7302, #5819 ) ) ;
#8792 = CARTESIAN_POINT ( 'NONE',  ( -59.49516863872818817, -52.22204299038301656, -8.983729229553146567 ) ) ;
#8793 = CARTESIAN_POINT ( 'NONE',  ( -63.11003905327727637, -19.96739842554505984, -6.292676400598502084 ) ) ;
#8794 = DIRECTION ( 'NONE',  ( -0.000000000000000000, -0.000000000000000000, 1.000000000000000000 ) ) ;
#8795 = AXIS2_PLACEMENT_3D ( 'NONE', #3069, #5268, #7418 ) ;
#8796 = CARTESIAN_POINT ( 'NONE',  ( -48.40150333979774899, -38.17822028544185997, -13.22822741526793955 ) ) ;
#8797 = ADVANCED_FACE ( 'NONE', ( #973 ), #2295, .T. ) ;
#8798 = CARTESIAN_POINT ( 'NONE',  ( -9.485634809586850125, 4.084539308696548687, 4.530141108612045109 ) ) ;
#8799 = EDGE_LOOP ( 'NONE', ( #7278, #1743, #1776, #3067 ) ) ;
#8800 = CARTESIAN_POINT ( 'NONE',  ( 2.259831036370090196, -7.705655497653260078, 11.31269238314865966 ) ) ;
#8801 = VECTOR ( 'NONE', #7108, 1000.000000000000000 ) ;
#8802 = CARTESIAN_POINT ( 'NONE',  ( -64.47618375643931188, -6.258402961065568704, 13.17640161584916925 ) ) ;
#8803 = CARTESIAN_POINT ( 'NONE',  ( -2.070749587192987295, -29.71140067864593348, -7.492483977516267046 ) ) ;
#8804 = LINE ( 'NONE', #643, #1645 ) ;
#8805 = CARTESIAN_POINT ( 'NONE',  ( -9.258188322919338020, -72.08034181849659205, -10.67779462162632065 ) ) ;
#8806 = VECTOR ( 'NONE', #517, 1000.000000000000000 ) ;
#8807 = CARTESIAN_POINT ( 'NONE',  ( -19.28244600348924465, -121.6230729217417661, 2.150080499099058962 ) ) ;
#8808 = EDGE_LOOP ( 'NONE', ( #8149, #2201 ) ) ;
#8809 = CARTESIAN_POINT ( 'NONE',  ( -7.647333133463749988, -75.81097747084368166, -8.509391506017800921 ) ) ;
#8810 = CARTESIAN_POINT ( 'NONE',  ( -3.111108364627299228, -38.51114417229410947, -5.685365200309605349 ) ) ;
#8811 = ORIENTED_EDGE ( 'NONE', *, *, #7379, .T. ) ;
#8812 = CARTESIAN_POINT ( 'NONE',  ( -53.84757849118678763, -60.98010809209949201, -10.95355383497237867 ) ) ;
#8813 = CARTESIAN_POINT ( 'NONE',  ( -9.698438955260204608, 1.202016984018775325, 3.814103003557953286 ) ) ;
#8814 = DIRECTION ( 'NONE',  ( 0.5459572451982146468, 0.4764977226897815221, -0.6891158151479536143 ) ) ;
#8815 = CARTESIAN_POINT ( 'NONE',  ( -62.13226403709476386, -23.72978887300771333, -7.500884784179261189 ) ) ;
#8816 = CARTESIAN_POINT ( 'NONE',  ( 1.283458269007731634, -78.75818478260569577, -3.157242194047721995 ) ) ;
#8817 = ORIENTED_EDGE ( 'NONE', *, *, #5772, .T. ) ;
#8818 = CARTESIAN_POINT ( 'NONE',  ( -2.999308254332079926, -14.42178125002434896, 1.411882848956637293 ) ) ;
#8819 = CARTESIAN_POINT ( 'NONE',  ( -59.07395839900814138, -48.67733033428735467, -6.982770109739177222 ) ) ;
#8820 = LINE ( 'NONE', #8869, #113 ) ;
#8821 = DIRECTION ( 'NONE',  ( -0.000000000000000000, -0.000000000000000000, -1.000000000000000000 ) ) ;
#8822 = AXIS2_PLACEMENT_3D ( 'NONE', #7015, #1411, #8516 ) ;
#8823 = ORIENTED_EDGE ( 'NONE', *, *, #2140, .F. ) ;
#8824 = ORIENTED_EDGE ( 'NONE', *, *, #6231, .F. ) ;
#8825 = CARTESIAN_POINT ( 'NONE',  ( -32.10800448670126883, -104.8580868800252546, -1.588117151043349606 ) ) ;
#8826 = B_SPLINE_SURFACE_WITH_KNOTS ( 'NONE', 1, 3, ( 
 ( #5242, #4518, #7346, #3916, #7253, #3961, #1046, #2502, #3825, #3092, #6610, #5152, #3140, #8711, #2370, #2461, #8079, #1824, #8033, #1777, #2551, #1096, #1873, #278, #5335, #4656, #3874, #3049, #7390, #4475, #5833, #7942, #1689, #1002, #8665, #2414, #5198, #8169 ),
 ( #6747, #499, #7484, #3279, #1913, #4697, #5379, #8848, #6068, #1235, #2597, #5702, #7818, #5072, #3566, #6394, #5624, #4440, #4394, #6482, #7733, #70, #4304, #1651, #8457, #8496, #7905, #3014, #1561, #6309, #151, #2926, #5115, #240, #5748, #197, #920, #7861 ) ),
 .UNSPECIFIED., .F., .F., .F.,
 ( 2, 2 ),
 ( 4, 2, 2, 2, 2, 2, 2, 2, 2, 2, 2, 2, 2, 2, 2, 2, 2, 2, 4 ),
 ( 0.000000000000000000, 1.000000000000000000 ),
 ( 0.000000000000000000, 0.002161152757122932443, 0.003241729135684398664, 0.004322305514245864885, 0.005402881892807331540, 0.005943170082088064868, 0.006483458271368797328, 0.007564034649930263116, 0.008644611028491729771, 0.009725187407053196426, 0.01080576378561466308, 0.01134605197489539641, 0.01188634016417612974, 0.01242662835345686306, 0.01296691654273759466, 0.01404749292129905958, 0.01512806929986052623, 0.01620864567842199289, 0.01728922205698345954 ),
 .UNSPECIFIED. ) ;
#8827 = AXIS2_PLACEMENT_3D ( 'NONE', #3127, #4509, #7885 ) ;
#8828 = ORIENTED_EDGE ( 'NONE', *, *, #1578, .F. ) ;
#8829 = CARTESIAN_POINT ( 'NONE',  ( -11.38802034624427506, -59.27031099519882673, -9.561862296790907934 ) ) ;
#8830 = ADVANCED_FACE ( 'NONE', ( #3615 ), #246, .T. ) ;
#8831 = CARTESIAN_POINT ( 'NONE',  ( -66.28930062052739913, -7.344858643287289546, 15.31269238314865611 ) ) ;
#8832 = EDGE_CURVE ( 'NONE', #1594, #8338, #4829, .T. ) ;
#8833 = VERTEX_POINT ( 'NONE', #7129 ) ;
#8834 = CARTESIAN_POINT ( 'NONE',  ( -62.32133957773777411, -76.89584729640399985, -7.379513190967002423 ) ) ;
#8835 = VERTEX_POINT ( 'NONE', #3658 ) ;
#8836 = AXIS2_PLACEMENT_3D ( 'NONE', #4399, #926, #2930 ) ;
#8837 = CARTESIAN_POINT ( 'NONE',  ( -28.60800448670126883, -74.85808688002526878, 8.411882848956651060 ) ) ;
#8838 = FACE_OUTER_BOUND ( 'NONE', #7815, .T. ) ;
#8839 = CARTESIAN_POINT ( 'NONE',  ( -46.33515999990540735, -71.48596535551243392, -1.588117151043349606 ) ) ;
#8840 = ORIENTED_EDGE ( 'NONE', *, *, #6795, .F. ) ;
#8841 = CARTESIAN_POINT ( 'NONE',  ( -74.13813534582835985, -22.21112135110060848, 13.31563790539680170 ) ) ;
#8842 = CARTESIAN_POINT ( 'NONE',  ( -54.99794160478507621, 5.488090497324105144, 5.458595720255662087 ) ) ;
#8843 = CARTESIAN_POINT ( 'NONE',  ( -32.10800448670126883, -38.00442471284927848, 1.411882848956630410 ) ) ;
#8844 = ADVANCED_FACE ( 'NONE', ( #6443 ), #8637, .F. ) ;
#8845 = CARTESIAN_POINT ( 'NONE',  ( -25.35800448670127949, 0.000000000000000000, 2.011882848956656478 ) ) ;
#8846 =( BOUNDED_CURVE ( )  B_SPLINE_CURVE ( 3, ( #6109, #1818, #1958, #7571 ),
 .UNSPECIFIED., .F., .F. ) 
 B_SPLINE_CURVE_WITH_KNOTS ( ( 4, 4 ),
 ( 1.570796326794896558, 4.712388980384689674 ),
 .UNSPECIFIED. ) 
 CURVE ( )  GEOMETRIC_REPRESENTATION_ITEM ( )  RATIONAL_B_SPLINE_CURVE ( ( 1.000000000000000000, 0.3333333333333333703, 0.3333333333333333703, 1.000000000000000000 ) ) 
 REPRESENTATION_ITEM ( '' )  );
#8847 = CARTESIAN_POINT ( 'NONE',  ( -74.13813534582835985, -76.75818478260556788, 24.41188284895663685 ) ) ;
#8848 = CARTESIAN_POINT ( 'NONE',  ( -48.25249452688214546, -5.297998149311190730, -4.766545280260086059 ) ) ;
#8849 = CARTESIAN_POINT ( 'NONE',  ( -65.09698618623707489, -6.743089188231117248, 11.84607669300407373 ) ) ;
#8850 = CARTESIAN_POINT ( 'NONE',  ( -4.274095545091626036, -24.72696619713280697, -6.472840870218097287 ) ) ;
#8851 = FACE_OUTER_BOUND ( 'NONE', #1815, .T. ) ;
#8852 = CARTESIAN_POINT ( 'NONE',  ( -21.28244600348924820, -121.6230729217454041, 8.411882848956651060 ) ) ;
#8853 = EDGE_CURVE ( 'NONE', #3834, #3057, #5459, .T. ) ;
#8854 = CARTESIAN_POINT ( 'NONE',  ( -61.77476948663373690, -78.02941278283657311, -7.725523730690278867 ) ) ;
#8855 = VECTOR ( 'NONE', #2256, 1000.000000000000000 ) ;
#8856 = CIRCLE ( 'NONE', #4926, 4.000000000020695445 ) ;
#8857 = CARTESIAN_POINT ( 'NONE',  ( -19.28244600348924465, -123.6230729217453899, 2.411882848956655501 ) ) ;
#8858 = CARTESIAN_POINT ( 'NONE',  ( -1.659342489812683619, -78.46953566584797102, -5.459641333504007044 ) ) ;
#8859 = CARTESIAN_POINT ( 'NONE',  ( -67.10319725570003868, -12.30210687523791790, 3.623627226263818724 ) ) ;
#8860 = ORIENTED_EDGE ( 'NONE', *, *, #9013, .F. ) ;
#8861 = CARTESIAN_POINT ( 'NONE',  ( -63.54123666031868822, -80.16236499217762912, -4.559751842794751653 ) ) ;
#8862 = DIRECTION ( 'NONE',  ( -1.000000000000000000, 0.000000000000000000, 0.000000000000000000 ) ) ;
#8863 = CARTESIAN_POINT ( 'NONE',  ( -10.15602184083621395, 4.490144602221991299, 2.567229677813073874 ) ) ;
#8864 = CARTESIAN_POINT ( 'NONE',  ( -1.870402733894245051, -22.89013297408450853, -7.306615352222478599 ) ) ;
#8865 = CARTESIAN_POINT ( 'NONE',  ( -43.72650333979775183, -38.17822028544185997, 1.411882848956637293 ) ) ;
#8866 = CARTESIAN_POINT ( 'NONE',  ( -35.13305150181309244, -5.484395752076617114, -11.52223254349467929 ) ) ;
#8867 = CARTESIAN_POINT ( 'NONE',  ( 3.536496035881590227, -9.869094644289834406, 7.101359911892519250 ) ) ;
#8868 = CARTESIAN_POINT ( 'NONE',  ( -12.68477732587505180, -2.258506430399183529, 1.463513213487605658 ) ) ;
#8869 = CARTESIAN_POINT ( 'NONE',  ( -72.83813534582833427, -22.21112135110120533, 26.41188284895664040 ) ) ;
#8870 = CARTESIAN_POINT ( 'NONE',  ( -37.91434518972016576, -5.407755993098017910, -11.20932078890414019 ) ) ;
#8871 = ORIENTED_EDGE ( 'NONE', *, *, #138, .T. ) ;
#8872 = ORIENTED_EDGE ( 'NONE', *, *, #2248, .T. ) ;
#8873 = CARTESIAN_POINT ( 'NONE',  ( 1.064121360582316100, -6.869193923645281252, 11.70948360971099689 ) ) ;
#8874 = ORIENTED_EDGE ( 'NONE', *, *, #8970, .T. ) ;
#8875 = CARTESIAN_POINT ( 'NONE',  ( -9.948606020205920331, -70.73742602065124174, -10.85540993184462089 ) ) ;
#8876 = CARTESIAN_POINT ( 'NONE',  ( -55.80311785878520681, 2.691690239626118863, 8.502667295879584586 ) ) ;
#8877 = ORIENTED_EDGE ( 'NONE', *, *, #2422, .F. ) ;
#8878 = CARTESIAN_POINT ( 'NONE',  ( -54.06800945040136241, 0.6810730460595836311, 2.726617157244324297 ) ) ;
#8879 = CARTESIAN_POINT ( 'NONE',  ( -63.15540287801243835, -77.10468848693517430, -6.813339319239291036 ) ) ;
#8880 = EDGE_LOOP ( 'NONE', ( #3514, #3015, #2622, #6755, #3960, #2217, #7381, #8653 ) ) ;
#8881 = CARTESIAN_POINT ( 'NONE',  ( -21.28244600348924820, -121.6230729217454041, 8.411882848956651060 ) ) ;
#8882 = ADVANCED_FACE ( 'NONE', ( #466 ), #5846, .F. ) ;
#8883 = CARTESIAN_POINT ( 'NONE',  ( -1.179017027654407412, -16.04203564540580373, 1.411882848956630410 ) ) ;
#8884 = DIRECTION ( 'NONE',  ( 0.000000000000000000, 0.000000000000000000, -1.000000000000000000 ) ) ;
#8885 = EDGE_LOOP ( 'NONE', ( #1071, #4095, #4383, #2846, #7597 ) ) ;
#8886 = LINE ( 'NONE', #586, #515 ) ;
#8887 = DIRECTION ( 'NONE',  ( 0.000000000000000000, 0.000000000000000000, -1.000000000000000000 ) ) ;
#8888 = CARTESIAN_POINT ( 'NONE',  ( -32.10800448670126883, -38.00442471284927848, 1.411882848956630410 ) ) ;
#8889 = CARTESIAN_POINT ( 'NONE',  ( -32.10800448678627106, 12.04428986083299513, -11.10463187542392838 ) ) ;
#8890 = CARTESIAN_POINT ( 'NONE',  ( -64.63469423259054736, -77.35586853868322521, -5.687356340382247133 ) ) ;
#8891 = ADVANCED_FACE ( 'NONE', ( #5940 ), #3867, .F. ) ;
#8892 = EDGE_CURVE ( 'NONE', #3730, #4466, #8956, .T. ) ;
#8893 = CARTESIAN_POINT ( 'NONE',  ( 4.263504228057878542, -11.89607844941671466, 4.760843670386847748 ) ) ;
#8894 = CARTESIAN_POINT ( 'NONE',  ( -35.13305150181309244, -5.484395752076617114, -11.52223254349467929 ) ) ;
#8895 = CARTESIAN_POINT ( 'NONE',  ( -19.28244600348924465, -78.75818478260570998, 2.411882848956650172 ) ) ;
#8896 = DIRECTION ( 'NONE',  ( -1.000000000000000000, 1.780377182154265206E-15, 0.000000000000000000 ) ) ;
#8897 = DIRECTION ( 'NONE',  ( 0.000000000000000000, 0.000000000000000000, -1.000000000000000000 ) ) ;
#8898 = CIRCLE ( 'NONE', #3506, 1.649999999999998579 ) ;
#8899 =( BOUNDED_CURVE ( )  B_SPLINE_CURVE ( 3, ( #7964, #5123, #2479, #3023 ),
 .UNSPECIFIED., .F., .F. ) 
 B_SPLINE_CURVE_WITH_KNOTS ( ( 4, 4 ),
 ( 0.000000000000000000, 1.003400223197157715 ),
 .UNSPECIFIED. ) 
 CURVE ( )  GEOMETRIC_REPRESENTATION_ITEM ( )  RATIONAL_B_SPLINE_CURVE ( ( 1.000000000000000000, 0.9178441447274592324, 0.9178441447274592324, 1.000000000000000000 ) ) 
 REPRESENTATION_ITEM ( '' )  );
#8900 = CARTESIAN_POINT ( 'NONE',  ( -19.41037940669560413, -121.5591062201421835, 1.374752585226613144 ) ) ;
#8901 = DIRECTION ( 'NONE',  ( -0.000000000000000000, -0.000000000000000000, -1.000000000000000000 ) ) ;
#8902 = CARTESIAN_POINT ( 'NONE',  ( -1.041686574380300545, -40.27986460787065681, -6.799295142565108030 ) ) ;
#8903 = ORIENTED_EDGE ( 'NONE', *, *, #8726, .T. ) ;
#8904 = EDGE_CURVE ( 'NONE', #8391, #6776, #1842, .T. ) ;
#8905 = CARTESIAN_POINT ( 'NONE',  ( -58.29126206022586132, -78.01514595802223084, -7.659509571833003960 ) ) ;
#8906 = DIRECTION ( 'NONE',  ( 1.780377182154265206E-15, 1.000000000000000000, 0.000000000000000000 ) ) ;
#8907 = CARTESIAN_POINT ( 'NONE',  ( -11.28244600348923043, -78.75818478260566735, 2.411882848956650172 ) ) ;
#8908 = CARTESIAN_POINT ( 'NONE',  ( -17.10800448670129370, 28.00000000000000000, 25.11188284895654732 ) ) ;
#8909 = CARTESIAN_POINT ( 'NONE',  ( -32.10800448670126883, -74.85808688002526878, 26.41188284895664040 ) ) ;
#8910 = CARTESIAN_POINT ( 'NONE',  ( -43.72650333979775183, -38.17822028544185997, 18.41188284895663685 ) ) ;
#8911 = CARTESIAN_POINT ( 'NONE',  ( -62.72709315955375331, -16.53468474199229377, -2.874321055418505022 ) ) ;
#8912 = CARTESIAN_POINT ( 'NONE',  ( -25.35800448670127949, 28.00000000000000000, 2.011882848956656478 ) ) ;
#8913 = CARTESIAN_POINT ( 'NONE',  ( -3.840752398224882125, -22.27246901590288886, -6.122012252293969503 ) ) ;
#8914 = CARTESIAN_POINT ( 'NONE',  ( -21.28244600348924820, -121.6230729217454041, 8.411882848956651060 ) ) ;
#8915 = EDGE_LOOP ( 'NONE', ( #763, #8903, #5024, #3115 ) ) ;
#8916 = EDGE_CURVE ( 'NONE', #5077, #4276, #3449, .T. ) ;
#8917 = ORIENTED_EDGE ( 'NONE', *, *, #189, .F. ) ;
#8918 = PLANE ( 'NONE',  #8354 ) ;
#8919 = VECTOR ( 'NONE', #409, 1000.000000000000000 ) ;
#8920 = ORIENTED_EDGE ( 'NONE', *, *, #1020, .F. ) ;
#8921 = CARTESIAN_POINT ( 'NONE',  ( -5.137953624399161257, -76.48168155399136481, -9.174925667963954368 ) ) ;
#8922 = CARTESIAN_POINT ( 'NONE',  ( -27.10800448670130436, -38.17822028544185997, -13.22822741526793955 ) ) ;
#8923 = ORIENTED_EDGE ( 'NONE', *, *, #5085, .F. ) ;
#8924 = CARTESIAN_POINT ( 'NONE',  ( -52.44132007553064767, -1.203909822966742649, 1.606314681351244111 ) ) ;
#8925 = CYLINDRICAL_SURFACE ( 'NONE', #2233, 1.999999999999996669 ) ;
#8926 = AXIS2_PLACEMENT_3D ( 'NONE', #3691, #6344, #6426 ) ;
#8927 = EDGE_LOOP ( 'NONE', ( #140, #7776, #5989, #3171 ) ) ;
#8928 = LINE ( 'NONE', #8158, #6886 ) ;
#8929 = DIRECTION ( 'NONE',  ( -0.3922749854591615626, 0.9198479960205460104, 0.000000000000000000 ) ) ;
#8930 = FACE_OUTER_BOUND ( 'NONE', #1625, .T. ) ;
#8931 = ORIENTED_EDGE ( 'NONE', *, *, #1809, .F. ) ;
#8932 = CARTESIAN_POINT ( 'NONE',  ( -74.13813534582835985, -22.21112135110119468, 14.41188284895664573 ) ) ;
#8933 = AXIS2_PLACEMENT_3D ( 'NONE', #3995, #7421, #1126 ) ;
#8934 = CARTESIAN_POINT ( 'NONE',  ( -64.99643427056523137, -16.13261250723513740, -3.298243380433765193 ) ) ;
#8935 = DIRECTION ( 'NONE',  ( 1.000000000000000000, 0.000000000000000000, 0.000000000000000000 ) ) ;
#8936 = FACE_OUTER_BOUND ( 'NONE', #2995, .T. ) ;
#8937 = AXIS2_PLACEMENT_3D ( 'NONE', #4146, #3458, #6241 ) ;
#8938 = CARTESIAN_POINT ( 'NONE',  ( -42.93356296991329657, -123.6230729217454041, 8.411882848956651060 ) ) ;
#8939 = AXIS2_PLACEMENT_3D ( 'NONE', #5320, #3359, #8972 ) ;
#8940 = CARTESIAN_POINT ( 'NONE',  ( -64.48794839667453971, -6.247140011232489520, 13.56919367521738806 ) ) ;
#8941 = DIRECTION ( 'NONE',  ( 0.000000000000000000, 0.000000000000000000, -1.000000000000000000 ) ) ;
#8942 = DIRECTION ( 'NONE',  ( -0.8583439052881717268, 0.5130747901180198189, 0.000000000000000000 ) ) ;
#8943 = CARTESIAN_POINT ( 'NONE',  ( 9.428348693978142236, -12.28011243306008993, 9.116895976755611031 ) ) ;
#8944 = AXIS2_PLACEMENT_3D ( 'NONE', #1557, #6431, #2767 ) ;
#8945 = DIRECTION ( 'NONE',  ( 0.7061050442837366603, -0.7081071009650038439, 0.000000000000000000 ) ) ;
#8946 = EDGE_CURVE ( 'NONE', #6635, #3163, #3940, .T. ) ;
#8947 = ADVANCED_FACE ( 'NONE', ( #1251 ), #607, .T. ) ;
#8948 = CARTESIAN_POINT ( 'NONE',  ( -11.85485084192902505, -70.48428316292616103, -9.663211335392691836 ) ) ;
#8949 = CARTESIAN_POINT ( 'NONE',  ( -60.75460652203669554, -3.999999999999999112, 25.11188284895660061 ) ) ;
#8950 = CARTESIAN_POINT ( 'NONE',  ( -1.785847601268256479, -31.11471212521056273, -7.307647350000067377 ) ) ;
#8951 = ORIENTED_EDGE ( 'NONE', *, *, #4835, .F. ) ;
#8952 = CARTESIAN_POINT ( 'NONE',  ( -53.25059173208874341, -67.72499162685154772, -11.08059724747877262 ) ) ;
#8953 = CARTESIAN_POINT ( 'NONE',  ( -43.94711021194067513, -121.1298465427593669, -0.2314241585083452457 ) ) ;
#8954 = CARTESIAN_POINT ( 'NONE',  ( -8.892279764522651675, 5.834715426157305096, 6.722711489175560828 ) ) ;
#8955 = CARTESIAN_POINT ( 'NONE',  ( -1.052480071383024463, -20.00332419977313236, -6.267512978893346798 ) ) ;
#8956 = LINE ( 'NONE', #22, #7971 ) ;
#8957 = CARTESIAN_POINT ( 'NONE',  ( -66.79731974173867570, -7.936641397910717544, 11.33217672110133023 ) ) ;
#8958 = CARTESIAN_POINT ( 'NONE',  ( -28.10800448671606588, 20.00000000000003553, -6.588117151043349828 ) ) ;
#8959 = AXIS2_PLACEMENT_3D ( 'NONE', #4196, #2178, #7749 ) ;
#8960 = EDGE_CURVE ( 'NONE', #7906, #9017, #1991, .T. ) ;
#8961 = CARTESIAN_POINT ( 'NONE',  ( -61.02705418290292272, -35.77028758530313723, -5.688298514509508408 ) ) ;
#8962 = CARTESIAN_POINT ( 'NONE',  ( -3.510429684273010942, -21.05539170523300285, -5.756619529808214786 ) ) ;
#8963 = CARTESIAN_POINT ( 'NONE',  ( -44.85494674713527985, -3.416714225652805137, -8.858708568788189908 ) ) ;
#8964 = ORIENTED_EDGE ( 'NONE', *, *, #699, .F. ) ;
#8965 = ORIENTED_EDGE ( 'NONE', *, *, #3079, .T. ) ;
#8966 = DIRECTION ( 'NONE',  ( 0.000000000000000000, 0.000000000000000000, -1.000000000000000000 ) ) ;
#8967 = VERTEX_POINT ( 'NONE', #4900 ) ;
#8968 = CARTESIAN_POINT ( 'NONE',  ( -10.24398423890349008, -70.01454364835942101, -10.92522652566197117 ) ) ;
#8969 = CARTESIAN_POINT ( 'NONE',  ( -61.61221209045069713, -14.65819804260865311, 1.411882848956637293 ) ) ;
#8970 = EDGE_CURVE ( 'NONE', #2110, #4466, #6799, .T. ) ;
#8971 = CARTESIAN_POINT ( 'NONE',  ( -3.589868180086406735, -21.32200097565661778, -5.848511740926016778 ) ) ;
#8972 = DIRECTION ( 'NONE',  ( -1.000000000000000000, 0.000000000000000000, 0.000000000000000000 ) ) ;
#8973 = ORIENTED_EDGE ( 'NONE', *, *, #6700, .F. ) ;
#8974 = CARTESIAN_POINT ( 'NONE',  ( -15.82479844051949414, -79.48959132846350428, 25.81453481325304367 ) ) ;
#8975 = VERTEX_POINT ( 'NONE', #1431 ) ;
#8976 = LINE ( 'NONE', #8204, #922 ) ;
#8977 = CIRCLE ( 'NONE', #4604, 2.149999999999999023 ) ;
#8978 = AXIS2_PLACEMENT_3D ( 'NONE', #5283, #2456, #6009 ) ;
#8979 = CARTESIAN_POINT ( 'NONE',  ( -33.75800448670126741, -84.85808688002525457, 26.41188284895664040 ) ) ;
#8980 = VERTEX_POINT ( 'NONE', #4716 ) ;
#8981 = CARTESIAN_POINT ( 'NONE',  ( -66.89163764403548385, -16.11082596685927726, -3.807186142745484059 ) ) ;
#8982 = DIRECTION ( 'NONE',  ( 0.000000000000000000, 0.000000000000000000, -1.000000000000000000 ) ) ;
#8983 = CARTESIAN_POINT ( 'NONE',  ( -52.06566734698996157, -69.55997696813305708, -9.636759269332571876 ) ) ;
#8984 = CARTESIAN_POINT ( 'NONE',  ( -20.78300448670127665, -38.17822028544185997, 18.41188284895663685 ) ) ;
#8985 = CARTESIAN_POINT ( 'NONE',  ( -65.92195468458346852, -77.45817124751827976, -4.567380290766593909 ) ) ;
#8986 = DIRECTION ( 'NONE',  ( 3.469446951953611033E-15, 1.000000000000000000, 0.000000000000000000 ) ) ;
#8987 = CARTESIAN_POINT ( 'NONE',  ( -2.022853567091130955, -29.99437893754755891, -7.461782126632242829 ) ) ;
#8988 = CARTESIAN_POINT ( 'NONE',  ( -39.26858867808099518, -47.16380447682146837, 1.411882848956637293 ) ) ;
#8989 = LINE ( 'NONE', #8219, #4715 ) ;
#8990 = DIRECTION ( 'NONE',  ( 0.000000000000000000, 0.000000000000000000, 1.000000000000000000 ) ) ;
#8991 = SURFACE_STYLE_FILL_AREA ( #7681 ) ;
#8992 = CARTESIAN_POINT ( 'NONE',  ( -6.956845064198320827, -76.29315145579467128, -8.245965018157827231 ) ) ;
#8993 = CARTESIAN_POINT ( 'NONE',  ( -7.211907634390152921, -56.06809570407526166, -10.03052512767537685 ) ) ;
#8994 = ORIENTED_EDGE ( 'NONE', *, *, #6843, .F. ) ;
#8995 = CARTESIAN_POINT ( 'NONE',  ( -53.12316291118598599, -66.82493782072516808, -11.10577926728451637 ) ) ;
#8996 = DIRECTION ( 'NONE',  ( 1.000000000000000000, -1.685561272204189672E-15, 0.000000000000000000 ) ) ;
#8997 = CARTESIAN_POINT ( 'NONE',  ( -32.10800448670128304, 1.000000000013736567, -11.53816810883139254 ) ) ;
#8998 = EDGE_CURVE ( 'NONE', #6498, #3175, #5488, .T. ) ;
#8999 = CARTESIAN_POINT ( 'NONE',  ( -27.87502315639937223, -44.97665716882289644, 18.41188284895663685 ) ) ;
#9000 = ADVANCED_FACE ( 'NONE', ( #2656 ), #2025, .F. ) ;
#9001 = CARTESIAN_POINT ( 'NONE',  ( -62.49761457856835989, -16.92511046546084330, -3.227795638298477598 ) ) ;
#9002 = AXIS2_PLACEMENT_3D ( 'NONE', #2605, #1969, #6076 ) ;
#9003 = AXIS2_PLACEMENT_3D ( 'NONE', #5222, #8009, #2979 ) ;
#9004 = CARTESIAN_POINT ( 'NONE',  ( -32.10800448670235596, 20.00000000000003553, 26.41188284895664395 ) ) ;
#9005 = ORIENTED_EDGE ( 'NONE', *, *, #6624, .T. ) ;
#9006 = DIRECTION ( 'NONE',  ( 1.000000000000000000, 0.000000000000000000, 0.000000000000000000 ) ) ;
#9007 = CARTESIAN_POINT ( 'NONE',  ( -60.35347952362491952, -31.43227590607192212, -6.166663595417495536 ) ) ;
#9008 = CARTESIAN_POINT ( 'NONE',  ( -62.38251891618518385, -31.13878796980499786, -7.338922577522364321 ) ) ;
#9009 = CARTESIAN_POINT ( 'NONE',  ( -6.187580872265446175, -54.67008995469845445, -9.634198166930145746 ) ) ;
#9010 = AXIS2_PLACEMENT_3D ( 'NONE', #6893, #457, #3925 ) ;
#9011 = ORIENTED_EDGE ( 'NONE', *, *, #4885, .T. ) ;
#9012 = VERTEX_POINT ( 'NONE', #7590 ) ;
#9013 = EDGE_CURVE ( 'NONE', #7850, #6915, #3396, .T. ) ;
#9014 = AXIS2_PLACEMENT_3D ( 'NONE', #6809, #2514, #5392 ) ;
#9015 = DIRECTION ( 'NONE',  ( -1.000000000000000000, -1.901066822988281753E-15, 0.000000000000000000 ) ) ;
#9016 = EDGE_CURVE ( 'NONE', #6258, #1487, #7375, .T. ) ;
#9017 = VERTEX_POINT ( 'NONE', #8865 ) ;
#9018 = CARTESIAN_POINT ( 'NONE',  ( -11.26931309651568824, -71.90409315171864080, -9.535080221683221779 ) ) ;
#9019 = CARTESIAN_POINT ( 'NONE',  ( -59.90385748463430104, -25.21205109102978525, -6.435997243541130786 ) ) ;
#9020 = CARTESIAN_POINT ( 'NONE',  ( -68.42466584793301365, -11.81052295806487962, 4.791841052982948490 ) ) ;
#9021 = CARTESIAN_POINT ( 'NONE',  ( 3.908782027166124884, -11.88430104102509866, 4.817002639832987931 ) ) ;
#9022 = ORIENTED_EDGE ( 'NONE', *, *, #1309, .F. ) ;
#9023 = CARTESIAN_POINT ( 'NONE',  ( -4.506740304774178973, -75.89136112574728088, -8.873394214605280439 ) ) ;
#9024 = ORIENTED_EDGE ( 'NONE', *, *, #7947, .T. ) ;
ENDSEC;
END-ISO-10303-21;
